"","Date","Name","Distance","Made","Block","H/A","SeasonPerc","Temp","Years Exp.","Average Dist."
"1","1/1/17","Roberto Aguayo\AguaRo00",46,"N","N","Home",0.71,"76",0,36.68
"2","1/1/17","Cairo Santos\SantCa01",37,"Y","N","Away",0.886,"56",2,35.63
"3","1/1/17","Josh Lambo\LambJo00",29,"Y","N","Home",0.813,"56",1,36.38
"4","1/1/17","Brandon McManus\McMaBr01",48,"N","N","Home",0.853,"48",2,37.88
"5","1/1/17","Greg Zuerlein\ZuerGr00",37,"Y","N","Home",0.864,"56",4,38.68
"6","1/1/17","Randy Bullock\BullRa00",24,"Y","N","Home",0.889,"38",6,32.67
"7","1/1/17","Dan Carpenter\CarpDa44",34,"Y","N","Away",0.76,"45",8,36.16
"8","1/1/17","Justin Tucker\TuckJu00",30,"Y","N","Away",0.974,"38",4,41.95
"9","1/1/17","Graham Gano\GanoGr44",54,"Y","N","Away",0.789,"76",7,40.61
"10","1/1/17","Stephen Gostkowski\GostSt20",26,"Y","N","Away",0.844,"80",10,37.16
"11","1/1/17","Connor Barth\barthco01",29,"Y","N","Away",0.783,"DOME",7,35.35
"12","1/1/17","Steven Hauschka\HausSt00",28,"Y","N","Away",0.892,"52",9,34.14
"13","1/1/17","Chandler Catanzaro\CataCh00",34,"Y","N","Away",0.75,"56",2,39.07
"14","1/1/17","Jason Myers\MyerJa00",41,"Y","N","Away",0.794,"DOME",1,42.82
"15","1/1/17","Dan Bailey\BailDa00",49,"Y","N","Away",0.844,"48",5,38.41
"16","1/1/17","Wil Lutz\LutzWi00",19,"Y","N","Away",0.824,"DOME",0,37.53
"17","1/1/17","Adam Vinatieri\vinatada01",45,"Y","N","Home",0.871,"DOME",20,43.16
"18","1/1/17","Nick Novak\novaknic01",45,"N","N","Away",0.854,"49",9,36.78
"19","1/1/17","Dustin Hopkins\HopkDu00",57,"N","N","Home",0.81,"52",2,36.9
"20","1/1/17","Steven Hauschka\HausSt00",31,"Y","N","Away",0.892,"52",9,34.14
"21","1/1/17","Caleb Sturgis\SturCa00",22,"Y","N","Home",0.854,"48",3,37.63
"22","1/1/17","Jason Myers\MyerJa00",47,"Y","N","Away",0.794,"DOME",1,42.82
"23","1/1/17","Nick Folk\FolkNi20",36,"Y","N","Home",0.871,"45",9,33.97
"24","1/1/17","Mason Crosby\CrosMa20",53,"Y","N","Away",0.867,"DOME",9,35.4
"25","1/1/17","Cody Parkey\ParkCo03",49,"N","N","Away",0.8,"38",3,37.6
"26","1/1/17","Roberto Aguayo\AguaRo00",33,"Y","N","Home",0.71,"76",0,36.68
"27","1/1/17","Cairo Santos\SantCa01",25,"Y","N","Away",0.886,"56",3,35.63
"28","1/1/17","Josh Lambo\LambJo00",35,"Y","N","Home",0.813,"56",1,36.38
"29","1/1/17","Brandon McManus\McMaBr01",22,"Y","N","Home",0.853,"48",3,37.88
"30","1/1/17","Matt Bryant\bryanmat01",22,"Y","N","Home",0.919,"DOME",15,37.3
"31","1/1/17","Randy Bullock\BullRa00",23,"Y","N","Home",0.889,"38",6,32.67
"32","1/1/17","Graham Gano\GanoGr44",58,"N","N","Away",0.789,"76",7,40.61
"33","1/1/17","Stephen Gostkowski\GostSt20",40,"Y","N","Away",0.844,"80",10,37.16
"34","1/1/17","Steven Hauschka\HausSt00",33,"Y","N","Away",0.892,"52",9,34.14
"35","1/1/17","Caleb Sturgis\SturCa00",33,"Y","N","Home",0.854,"48",3,37.63
"36","1/1/17","Robbie Gould\gouldrob01",40,"Y","N","Away",1,"52",11,36.3
"37","1/1/17","Chandler Catanzaro\CataCh00",32,"Y","N","Away",0.75,"38",2,39.07
"38","1/1/17","Kai Forbath\ForbKa00",21,"Y","N","Home",1,"DOME",5,34.33
"39","1/1/17","Matt Prater\PratMa20",54,"Y","N","Home",0.861,"DOME",10,40.17
"40","1/1/17","Jason Myers\MyerJa00",54,"N","N","Away",0.794,"DOME",1,42.82
"41","1/1/17","Roberto Aguayo\AguaRo00",48,"N","Y","Home",0.71,"76",0,36.68
"42","1/1/17","Adam Vinatieri\vinatada01",48,"N","N","Home",0.871,"DOME",20,43.16
"43","1/1/17","Greg Zuerlein\ZuerGr00",36,"Y","N","Home",0.864,"56",4,38.68
"44","1/1/17","Nick Folk\FolkNi20",30,"Y","N","Home",0.871,"45",9,33.97
"45","1/1/17","Cairo Santos\SantCa01",35,"Y","N","Away",0.886,"56",2,35.63
"46","1/1/17","Graham Gano\GanoGr44",36,"N","N","Away",0.789,"76",7,40.61
"47","1/1/17","Stephen Gostkowski\GostSt20",52,"N","N","Away",0.844,"80",10,37.16
"48","1/1/17","Chandler Catanzaro\CataCh00",47,"Y","N","Away",0.75,"56",2,39.07
"49","1/1/17","Dan Bailey\BailDa00",23,"Y","N","Away",0.844,"48",5,38.41
"50","1/1/17","Wil Lutz\LutzWi00",40,"Y","N","Away",0.824,"DOME",0,37.53
"51","1/1/17","Cody Parkey\ParkCo03",34,"Y","N","Away",0.8,"38",2,37.6
"52","1/1/17","Ryan Succop\SuccRy44",35,"Y","N","Home",0.917,"49",7,39.33
"53","1/1/17","Graham Gano\GanoGr44",45,"N","N","Away",0.789,"76",7,40.61
"54","1/1/17","Nick Novak\novaknic01",26,"Y","N","Away",0.854,"49",9,36.78
"55","1/1/17","Dustin Hopkins\HopkDu00",32,"Y","N","Home",0.81,"52",2,36.9
"56","1/1/17","Steven Hauschka\HausSt00",32,"Y","N","Away",0.892,"52",9,34.14
"57","1/1/17","Caleb Sturgis\SturCa00",49,"N","N","Home",0.854,"48",3,37.63
"58","1/1/17","Robbie Gould\gouldrob01",22,"Y","N","Away",1,"52",11,36.3
"59","1/1/17","Matt Prater\PratMa20",39,"N","N","Home",0.861,"DOME",10,40.17
"60","1/1/17","Jason Myers\MyerJa00",30,"N","N","Away",0.794,"DOME",1,42.82
"61","1/1/17","Nick Folk\FolkNi20",25,"Y","N","Home",0.871,"45",9,33.97
"62","12/26/16","Matt Prater\PratMa20",47,"N","N","Away",0.861,"",10,40.17
"63","12/25/16","Chris Boswell\BoswCh00",36,"Y","N","Home",0.84,"",1,40.64
"64","12/25/16","Cairo Santos\SantCa01",39,"Y","N","Home",0.886,"",2,35.63
"65","12/25/16","Justin Tucker\TuckJu00",38,"Y","N","Away",0.974,"",4,41.95
"66","12/25/16","Justin Tucker\TuckJu00",23,"Y","N","Away",0.974,"",4,41.95
"67","12/25/16","Cairo Santos\SantCa01",27,"Y","N","Home",0.886,"",2,35.63
"68","12/25/16","Justin Tucker\TuckJu00",41,"Y","N","Away",0.974,"",4,41.95
"69","12/25/16","Brandon McManus\McMaBr01",52,"Y","N","Away",0.853,"",2,37.88
"70","12/25/16","Justin Tucker\TuckJu00",46,"Y","N","Away",0.974,"",4,41.95
"71","12/25/16","Cairo Santos\SantCa01",39,"N","N","Home",0.886,"",2,35.63
"72","12/24/16","Graham Gano\GanoGr44",31,"Y","N","Home",0.789,"",7,40.61
"73","12/24/16","Adam Vinatieri\vinatada01",42,"Y","N","Away",0.871,"",20,43.16
"74","12/24/16","Nick Novak\novaknic01",25,"Y","N","Home",0.854,"",9,36.78
"75","12/24/16","Dustin Hopkins\HopkDu00",29,"Y","N","Away",0.81,"",2,36.9
"76","12/24/16","Steven Hauschka\HausSt00",45,"N","Y","Home",0.892,"",9,34.14
"77","12/24/16","Jason Myers\MyerJa00",56,"Y","N","Home",0.794,"",1,42.82
"78","12/24/16","Nick Folk\FolkNi20",29,"Y","N","Away",0.871,"",9,33.97
"79","12/24/16","Cody Parkey\ParkCo03",49,"Y","N","Home",0.8,"",2,37.6
"80","12/24/16","Josh Lambo\LambJo00",32,"N","Y","Away",0.813,"",1,36.38
"81","12/24/16","Andrew Franks\FranAn01",27,"Y","N","Away",0.762,"",1,32.86
"82","12/24/16","Matt Bryant\bryanmat01",29,"Y","N","Away",0.919,"",15,37.3
"83","12/24/16","Randy Bullock\BullRa00",43,"Y","N","Away",0.889,"",6,32.67
"84","12/24/16","Dan Carpenter\CarpDa44",46,"N","N","Home",0.76,"",8,36.16
"85","12/24/16","Ryan Succop\SuccRy44",42,"Y","N","Away",0.917,"",7,39.33
"86","12/24/16","Graham Gano\GanoGr44",31,"Y","N","Home",0.789,"",7,40.61
"87","12/24/16","Stephen Gostkowski\GostSt20",29,"Y","N","Home",0.844,"",10,37.16
"88","12/24/16","Matt Bryant\bryanmat01",51,"Y","N","Away",0.919,"",15,37.3
"89","12/24/16","Chandler Catanzaro\CataCh00",42,"Y","N","Away",0.75,"",2,39.07
"90","12/24/16","Kai Forbath\ForbKa00",22,"Y","N","Away",1,"",5,34.33
"91","12/24/16","Wil Lutz\LutzWi00",42,"Y","N","Home",0.824,"",0,37.53
"92","12/24/16","Jason Myers\MyerJa00",48,"Y","N","Home",0.794,"",1,42.82
"93","12/24/16","Dan Carpenter\CarpDa44",45,"N","N","Home",0.76,"",8,36.16
"94","12/24/16","Nick Folk\FolkNi20",34,"N","N","Away",0.871,"",9,33.97
"95","12/24/16","Josh Lambo\LambJo00",43,"Y","N","Away",0.813,"",1,36.38
"96","12/24/16","Andrew Franks\FranAn01",55,"Y","N","Away",0.762,"",1,32.86
"97","12/24/16","Connor Barth\barthco01",22,"N","Y","Home",0.783,"",7,35.35
"98","12/24/16","Matt Bryant\bryanmat01",30,"N","Y","Away",0.919,"",15,37.3
"99","12/24/16","Wil Lutz\LutzWi00",21,"Y","N","Home",0.824,"",0,37.53
"100","12/24/16","Graham Gano\GanoGr44",40,"Y","N","Home",0.789,"",7,40.61
"101","12/24/16","Nick Novak\novaknic01",22,"Y","N","Home",0.854,"",9,36.78
"102","12/24/16","Dustin Hopkins\HopkDu00",20,"Y","N","Away",0.81,"",2,36.9
"103","12/24/16","Steven Hauschka\HausSt00",27,"Y","N","Home",0.892,"",9,34.14
"104","12/24/16","Chandler Catanzaro\CataCh00",53,"N","N","Away",0.75,"",2,39.07
"105","12/24/16","Jason Myers\MyerJa00",50,"Y","N","Home",0.794,"",1,42.82
"106","12/24/16","Mason Crosby\CrosMa20",48,"Y","N","Home",0.867,"",9,35.4
"107","12/24/16","Cody Parkey\ParkCo03",27,"Y","N","Home",0.8,"",2,37.6
"108","12/24/16","Josh Lambo\LambJo00",45,"N","N","Away",0.813,"",1,36.38
"109","12/24/16","Matt Bryant\bryanmat01",50,"Y","N","Away",0.919,"",15,37.3
"110","12/24/16","Jason Myers\MyerJa00",29,"Y","N","Home",0.794,"",1,42.82
"111","12/24/16","Randy Bullock\BullRa00",43,"N","N","Away",0.889,"",6,32.67
"112","12/24/16","Dan Carpenter\CarpDa44",28,"Y","N","Home",0.76,"",8,36.16
"113","12/24/16","Roberto Aguayo\AguaRo00",35,"Y","N","Away",0.71,"",0,36.68
"114","12/24/16","Stephen Gostkowski\GostSt20",22,"Y","N","Home",0.844,"",10,37.16
"115","12/24/16","Andrew Franks\FranAn01",46,"N","N","Away",0.762,"",1,32.86
"116","12/24/16","Matt Bryant\bryanmat01",48,"Y","N","Away",0.919,"",15,37.3
"117","12/24/16","Chandler Catanzaro\CataCh00",43,"Y","N","Away",0.75,"",2,39.07
"118","12/24/16","Kai Forbath\ForbKa00",26,"Y","N","Away",1,"",5,34.33
"119","12/24/16","Wil Lutz\LutzWi00",34,"Y","N","Home",0.824,"",0,37.53
"120","12/22/16","Robbie Gould\gouldrob01",35,"Y","N","Away",1,"",11,36.3
"121","12/22/16","Robbie Gould\gouldrob01",41,"Y","N","Away",1,"",11,36.3
"122","12/22/16","Robbie Gould\gouldrob01",35,"Y","N","Away",1,"",11,36.3
"123","12/22/16","Caleb Sturgis\SturCa00",41,"Y","N","Home",0.854,"",3,37.63
"124","12/22/16","Robbie Gould\gouldrob01",29,"Y","N","Away",1,"",11,36.3
"125","12/19/16","Graham Gano\GanoGr44",23,"Y","N","Away",0.789,"",7,40.61
"126","12/19/16","Dustin Hopkins\HopkDu00",43,"Y","N","Home",0.81,"",2,36.9
"127","12/19/16","Graham Gano\GanoGr44",41,"Y","N","Away",0.789,"",7,40.61
"128","12/19/16","Dustin Hopkins\HopkDu00",34,"Y","N","Home",0.81,"",2,36.9
"129","12/19/16","Graham Gano\GanoGr44",23,"Y","N","Away",0.789,"",7,40.61
"130","12/19/16","Graham Gano\GanoGr44",38,"N","N","Away",0.789,"",7,40.61
"131","12/19/16","Dustin Hopkins\HopkDu00",26,"Y","N","Home",0.81,"",2,36.9
"132","12/19/16","Graham Gano\GanoGr44",35,"Y","N","Away",0.789,"",7,40.61
"133","12/18/16","Ryan Succop\SuccRy44",39,"Y","N","Away",0.917,"",7,39.33
"134","12/18/16","Sebastian Janikowski\janikseb01",45,"Y","N","Away",0.829,"",16,38.54
"135","12/18/16","Stephen Gostkowski\GostSt20",40,"Y","N","Away",0.844,"",10,37.16
"136","12/18/16","Matt Bryant\bryanmat01",50,"Y","N","Home",0.919,"",15,37.3
"137","12/18/16","Caleb Sturgis\SturCa00",29,"Y","N","Away",0.854,"",3,37.63
"138","12/18/16","Chandler Catanzaro\CataCh00",55,"N","N","Home",0.75,"",2,39.07
"139","12/18/16","Kai Forbath\ForbKa00",32,"Y","N","Home",1,"",5,34.33
"140","12/18/16","Matt Prater\PratMa20",48,"Y","N","Away",0.861,"",10,40.17
"141","12/18/16","Dan Bailey\BailDa00",27,"Y","N","Home",0.844,"",5,38.41
"142","12/18/16","Wil Lutz\LutzWi00",37,"Y","N","Away",0.824,"",0,37.53
"143","12/18/16","Mason Crosby\CrosMa20",32,"Y","N","Away",0.867,"",9,35.4
"144","12/18/16","Brandon McManus\McMaBr01",33,"Y","N","Home",0.853,"",2,37.88
"145","12/18/16","Nick Novak\novaknic01",45,"Y","N","Home",0.854,"",9,36.78
"146","12/18/16","Caleb Sturgis\SturCa00",45,"Y","N","Away",0.854,"",3,37.63
"147","12/18/16","Jason Myers\MyerJa00",50,"Y","N","Away",0.794,"",1,42.82
"148","12/18/16","Chris Boswell\BoswCh00",40,"Y","N","Away",0.84,"",1,40.64
"149","12/18/16","Roberto Aguayo\AguaRo00",34,"Y","N","Away",0.71,"",0,36.68
"150","12/18/16","Cairo Santos\SantCa01",34,"Y","N","Home",0.886,"",2,35.63
"151","12/18/16","Sebastian Janikowski\janikseb01",21,"Y","N","Away",0.829,"",16,38.54
"152","12/18/16","Connor Barth\barthco01",26,"Y","N","Home",0.783,"",7,35.35
"153","12/18/16","Justin Tucker\TuckJu00",53,"Y","N","Home",0.974,"",4,41.95
"154","12/18/16","Chris Boswell\BoswCh00",45,"Y","N","Away",0.84,"",1,40.64
"155","12/18/16","Dan Bailey\BailDa00",40,"Y","N","Home",0.844,"",5,38.41
"156","12/18/16","Stephen Gostkowski\GostSt20",45,"Y","N","Away",0.844,"",10,37.16
"157","12/18/16","Adam Vinatieri\vinatada01",50,"Y","N","Away",0.871,"",20,43.16
"158","12/18/16","Nick Novak\novaknic01",27,"Y","N","Home",0.854,"",9,36.78
"159","12/18/16","Caleb Sturgis\SturCa00",27,"Y","N","Away",0.854,"",3,37.63
"160","12/18/16","Chris Boswell\BoswCh00",30,"Y","N","Away",0.84,"",1,40.64
"161","12/18/16","Dan Bailey\BailDa00",56,"N","N","Home",0.844,"",5,38.41
"162","12/18/16","Mason Crosby\CrosMa20",18,"Y","N","Away",0.867,"",9,35.4
"163","12/18/16","Cody Parkey\ParkCo03",40,"Y","N","Away",0.8,"",2,37.6
"164","12/18/16","Nick Novak\novaknic01",39,"Y","N","Home",0.854,"",9,36.78
"165","12/18/16","Jason Myers\MyerJa00",26,"Y","N","Away",0.794,"",1,42.82
"166","12/18/16","Randy Bullock\BullRa00",22,"Y","N","Home",0.889,"",6,32.67
"167","12/18/16","Dan Carpenter\CarpDa44",34,"Y","N","Home",0.76,"",8,36.16
"168","12/18/16","Chris Boswell\BoswCh00",49,"Y","N","Away",0.84,"",1,40.64
"169","12/18/16","Dan Bailey\BailDa00",33,"Y","N","Home",0.844,"",5,38.41
"170","12/18/16","Roberto Aguayo\AguaRo00",25,"Y","N","Away",0.71,"",0,36.68
"171","12/18/16","Ryan Succop\SuccRy44",53,"Y","N","Away",0.917,"",7,39.33
"172","12/18/16","Sebastian Janikowski\janikseb01",33,"Y","N","Away",0.829,"",16,38.54
"173","12/18/16","Stephen Gostkowski\GostSt20",21,"Y","N","Away",0.844,"",10,37.16
"174","12/18/16","Matt Bryant\bryanmat01",41,"Y","N","Home",0.919,"",15,37.3
"175","12/18/16","Kai Forbath\ForbKa00",51,"Y","N","Home",1,"",5,34.33
"176","12/18/16","Matt Prater\PratMa20",33,"Y","N","Away",0.861,"",10,40.17
"177","12/18/16","Dan Bailey\BailDa00",52,"N","N","Home",0.844,"",5,38.41
"178","12/18/16","Wil Lutz\LutzWi00",39,"Y","N","Away",0.824,"",0,37.53
"179","12/18/16","Adam Vinatieri\vinatada01",48,"Y","N","Away",0.871,"",20,43.16
"180","12/18/16","Nick Novak\novaknic01",43,"Y","N","Home",0.854,"",9,36.78
"181","12/18/16","Caleb Sturgis\SturCa00",34,"Y","N","Away",0.854,"",3,37.63
"182","12/18/16","Robbie Gould\gouldrob01",47,"Y","N","Home",1,"",11,36.3
"183","12/18/16","Chris Boswell\BoswCh00",49,"Y","N","Away",0.84,"",1,40.64
"184","12/18/16","Mason Crosby\CrosMa20",34,"Y","N","Away",0.867,"",9,35.4
"185","12/18/16","Cody Parkey\ParkCo03",35,"Y","N","Away",0.8,"",2,37.6
"186","12/18/16","Josh Lambo\LambJo00",35,"Y","N","Home",0.813,"",1,36.38
"187","12/18/16","Sebastian Janikowski\janikseb01",44,"Y","N","Away",0.829,"",16,38.54
"188","12/18/16","Connor Barth\barthco01",22,"Y","N","Home",0.783,"",7,35.35
"189","12/18/16","Randy Bullock\BullRa00",23,"Y","N","Home",0.889,"",6,32.67
"190","12/18/16","Dan Carpenter\CarpDa44",21,"Y","N","Home",0.76,"",8,36.16
"191","12/18/16","Justin Tucker\TuckJu00",47,"Y","N","Home",0.974,"",4,41.95
"192","12/18/16","Chris Boswell\BoswCh00",49,"Y","N","Away",0.84,"",1,40.64
"193","12/18/16","Dan Bailey\BailDa00",38,"Y","N","Home",0.844,"",5,38.41
"194","12/17/16","Nick Folk\FolkNi20",48,"Y","N","Home",0.871,"",9,33.97
"195","12/17/16","Nick Folk\FolkNi20",36,"Y","N","Home",0.871,"",9,33.97
"196","12/15/16","Greg Zuerlein\ZuerGr00",36,"Y","N","Away",0.864,"",4,38.68
"197","12/15/16","Steven Hauschka\HausSt00",48,"Y","N","Home",0.892,"",9,34.14
"198","12/12/16","Justin Tucker\TuckJu00",38,"Y","N","Away",0.974,"",4,41.95
"199","12/12/16","Justin Tucker\TuckJu00",50,"Y","N","Away",0.974,"",4,41.95
"200","12/12/16","Justin Tucker\TuckJu00",37,"Y","N","Away",0.974,"",4,41.95
"201","12/12/16","Justin Tucker\TuckJu00",34,"N","Y","Away",0.974,"",4,41.95
"202","12/11/16","Nick Novak\novaknic01",52,"Y","N","Away",0.854,"",9,36.78
"203","12/11/16","Jason Myers\MyerJa00",55,"Y","N","Home",0.794,"",1,42.82
"204","12/11/16","Phil Dawson\dawsophi01",44,"N","N","Home",0.857,"",18,40.33
"205","12/11/16","Chris Boswell\BoswCh00",37,"Y","N","Away",0.84,"",1,40.64
"206","12/11/16","Graham Gano\GanoGr44",44,"Y","N","Home",0.789,"",7,40.61
"207","12/11/16","Adam Vinatieri\vinatada01",55,"N","N","Home",0.871,"",20,43.16
"208","12/11/16","Robbie Gould\gouldrob01",39,"Y","N","Home",1,"",11,36.3
"209","12/11/16","Kai Forbath\ForbKa00",32,"Y","N","Away",1,"",5,34.33
"210","12/11/16","Wil Lutz\LutzWi00",42,"Y","N","Away",0.824,"",0,37.53
"211","12/11/16","Mason Crosby\CrosMa20",38,"Y","N","Home",0.867,"",9,35.4
"212","12/11/16","Cody Parkey\ParkCo03",30,"Y","N","Home",0.8,"",2,37.6
"213","12/11/16","Graham Gano\GanoGr44",23,"Y","N","Home",0.789,"",7,40.61
"214","12/11/16","Josh Lambo\LambJo00",32,"Y","N","Away",0.813,"",1,36.38
"215","12/11/16","Andrew Franks\FranAn01",21,"Y","N","Home",0.762,"",1,32.86
"216","12/11/16","Nick Novak\novaknic01",41,"Y","N","Away",0.854,"",9,36.78
"217","12/11/16","Caleb Sturgis\SturCa00",45,"Y","N","Home",0.854,"",3,37.63
"218","12/11/16","Jason Myers\MyerJa00",41,"N","N","Home",0.794,"",1,42.82
"219","12/11/16","Mike Nugent\nugenmik01",44,"Y","N","Away",0.793,"",12,35.17
"220","12/11/16","Phil Dawson\dawsophi01",47,"Y","N","Home",0.857,"",18,40.33
"221","12/11/16","Nick Folk\FolkNi20",36,"Y","N","Away",0.871,"",9,33.97
"222","12/11/16","Roberto Aguayo\AguaRo00",39,"Y","N","Home",0.71,"",0,36.68
"223","12/11/16","Ryan Succop\SuccRy44",41,"Y","N","Home",0.917,"",7,39.33
"224","12/11/16","Nick Novak\novaknic01",21,"Y","N","Away",0.854,"",9,36.78
"225","12/11/16","Chandler Catanzaro\CataCh00",56,"Y","N","Away",0.75,"",2,39.07
"226","12/11/16","Kai Forbath\ForbKa00",46,"Y","N","Away",1,"",5,34.33
"227","12/11/16","Jason Myers\MyerJa00",45,"Y","N","Home",0.794,"",1,42.82
"228","12/11/16","Matt Prater\PratMa20",54,"Y","N","Home",0.861,"",10,40.17
"229","12/11/16","Wil Lutz\LutzWi00",22,"Y","N","Away",0.824,"",0,37.53
"230","12/11/16","Graham Gano\GanoGr44",41,"Y","N","Home",0.789,"",7,40.61
"231","12/11/16","Brandon McManus\McMaBr01",34,"Y","N","Away",0.853,"",2,37.88
"232","12/11/16","Adam Vinatieri\vinatada01",32,"Y","N","Home",0.871,"",20,43.16
"233","12/11/16","Dustin Hopkins\HopkDu00",38,"N","N","Away",0.81,"",2,36.9
"234","12/11/16","Caleb Sturgis\SturCa00",41,"Y","N","Home",0.854,"",3,37.63
"235","12/11/16","Kai Forbath\ForbKa00",43,"Y","N","Away",1,"",5,34.33
"236","12/11/16","Nick Folk\FolkNi20",50,"Y","N","Away",0.871,"",9,33.97
"237","12/11/16","Mason Crosby\CrosMa20",51,"N","N","Home",0.867,"",9,35.4
"238","12/11/16","Graham Gano\GanoGr44",45,"Y","N","Home",0.789,"",7,40.61
"239","12/11/16","Nick Novak\novaknic01",24,"Y","N","Away",0.854,"",9,36.78
"240","12/11/16","Connor Barth\barthco01",38,"Y","N","Away",0.783,"",7,35.35
"241","12/11/16","Jason Myers\MyerJa00",24,"Y","N","Home",0.794,"",1,42.82
"242","12/11/16","Mike Nugent\nugenmik01",36,"N","N","Away",0.793,"",12,35.17
"243","12/11/16","Phil Dawson\dawsophi01",48,"N","N","Home",0.857,"",18,40.33
"244","12/11/16","Chris Boswell\BoswCh00",39,"Y","N","Away",0.84,"",1,40.64
"245","12/11/16","Roberto Aguayo\AguaRo00",41,"Y","N","Home",0.71,"",0,36.68
"246","12/11/16","Ryan Succop\SuccRy44",53,"Y","N","Home",0.917,"",7,39.33
"247","12/11/16","Steven Hauschka\HausSt00",28,"Y","N","Away",0.892,"",9,34.14
"248","12/11/16","Chandler Catanzaro\CataCh00",41,"N","N","Away",0.75,"",2,39.07
"249","12/11/16","Kai Forbath\ForbKa00",40,"Y","N","Away",1,"",5,34.33
"250","12/11/16","Matt Prater\PratMa20",29,"Y","N","Home",0.861,"",10,40.17
"251","12/11/16","Dan Bailey\BailDa00",55,"N","N","Away",0.844,"",5,38.41
"252","12/11/16","Wil Lutz\LutzWi00",34,"Y","N","Away",0.824,"",0,37.53
"253","12/11/16","Nick Novak\novaknic01",34,"Y","N","Away",0.854,"",9,36.78
"254","12/11/16","Caleb Sturgis\SturCa00",36,"Y","N","Home",0.854,"",3,37.63
"255","12/11/16","Jason Myers\MyerJa00",61,"N","Y","Home",0.794,"",1,42.82
"256","12/11/16","Nick Folk\FolkNi20",30,"Y","N","Away",0.871,"",9,33.97
"257","12/11/16","Roberto Aguayo\AguaRo00",26,"Y","N","Home",0.71,"",0,36.68
"258","12/8/16","Sebastian Janikowski\janikseb01",33,"Y","N","Away",0.829,"",16,38.54
"259","12/8/16","Sebastian Janikowski\janikseb01",44,"Y","N","Away",0.829,"",16,38.54
"260","12/5/16","Adam Vinatieri\vinatada01",53,"Y","N","Away",0.871,"",20,43.16
"261","12/5/16","Nick Folk\FolkNi20",38,"Y","N","Home",0.871,"",9,33.97
"262","12/5/16","Adam Vinatieri\vinatada01",36,"Y","N","Away",0.871,"",20,43.16
"263","12/4/16","Connor Barth\barthco01",45,"Y","N","Home",0.783,"",7,35.35
"264","12/4/16","Mike Nugent\nugenmik01",38,"Y","N","Home",0.793,"",12,35.17
"265","12/4/16","Roberto Aguayo\AguaRo00",35,"Y","N","Away",0.71,"",0,36.68
"266","12/4/16","Sebastian Janikowski\janikseb01",47,"Y","N","Home",0.829,"",16,38.54
"267","12/4/16","Stephen Gostkowski\GostSt20",45,"Y","N","Home",0.844,"",10,37.16
"268","12/4/16","Matt Bryant\bryanmat01",22,"Y","N","Home",0.919,"",15,37.3
"269","12/4/16","Steven Hauschka\HausSt00",28,"Y","N","Home",0.892,"",9,34.14
"270","12/4/16","Chandler Catanzaro\CataCh00",53,"N","N","Home",0.75,"",2,39.07
"271","12/4/16","Matt Prater\PratMa20",52,"Y","N","Away",0.861,"",10,40.17
"272","12/4/16","Mike Nugent\nugenmik01",32,"Y","N","Home",0.793,"",12,35.17
"273","12/4/16","Justin Tucker\TuckJu00",55,"Y","N","Home",0.974,"",4,41.95
"274","12/4/16","Randy Bullock\BullRa00",44,"Y","N","Home",0.889,"",6,32.67
"275","12/4/16","Brandon McManus\McMaBr01",32,"Y","N","Away",0.853,"",2,37.88
"276","12/4/16","Dustin Hopkins\HopkDu00",20,"Y","N","Away",0.81,"",2,36.9
"277","12/4/16","Steven Hauschka\HausSt00",23,"Y","N","Home",0.892,"",9,34.14
"278","12/4/16","Matt Prater\PratMa20",29,"Y","N","Away",0.861,"",10,40.17
"279","12/4/16","Dan Carpenter\CarpDa44",27,"Y","N","Away",0.76,"",8,36.16
"280","12/4/16","Matt Bryant\bryanmat01",59,"Y","N","Home",0.919,"",15,37.3
"281","12/4/16","Mike Nugent\nugenmik01",26,"Y","N","Home",0.793,"",12,35.17
"282","12/4/16","Phil Dawson\dawsophi01",28,"Y","N","Away",0.857,"",18,40.33
"283","12/4/16","Randy Bullock\BullRa00",38,"Y","N","Home",0.889,"",6,32.67
"284","12/4/16","Roberto Aguayo\AguaRo00",27,"Y","N","Away",0.71,"",0,36.68
"285","12/4/16","Sebastian Janikowski\janikseb01",41,"Y","N","Home",0.829,"",16,38.54
"286","12/4/16","Stephen Gostkowski\GostSt20",48,"Y","N","Home",0.844,"",10,37.16
"287","12/4/16","Steven Hauschka\HausSt00",31,"Y","N","Home",0.892,"",9,34.14
"288","12/4/16","Chandler Catanzaro\CataCh00",28,"Y","N","Home",0.75,"",2,39.07
"289","12/4/16","Matt Prater\PratMa20",27,"Y","N","Away",0.861,"",10,40.17
"290","12/4/16","Wil Lutz\LutzWi00",32,"Y","N","Home",0.824,"",0,37.53
"291","12/4/16","Josh Lambo\LambJo00",53,"N","N","Home",0.813,"",1,36.38
"292","12/4/16","Andrew Franks\FranAn01",46,"N","N","Away",0.762,"",1,32.86
"293","12/4/16","Dustin Hopkins\HopkDu00",47,"Y","N","Away",0.81,"",2,36.9
"294","12/4/16","Caleb Sturgis\SturCa00",51,"N","N","Away",0.854,"",3,37.63
"295","12/4/16","Matt Prater\PratMa20",27,"Y","N","Away",0.861,"",10,40.17
"296","12/4/16","Stephen Gostkowski\GostSt20",45,"Y","N","Home",0.844,"",10,37.16
"297","12/4/16","Greg Zuerlein\ZuerGr00",44,"Y","N","Away",0.864,"",4,38.68
"298","12/4/16","Matt Bryant\bryanmat01",22,"Y","N","Home",0.919,"",15,37.3
"299","12/4/16","Jason Myers\MyerJa00",47,"Y","N","Home",0.794,"",1,42.82
"300","12/4/16","Mike Nugent\nugenmik01",33,"Y","N","Home",0.793,"",12,35.17
"301","12/4/16","Phil Dawson\dawsophi01",31,"Y","N","Away",0.857,"",18,40.33
"302","12/4/16","Randy Bullock\BullRa00",34,"Y","N","Home",0.889,"",6,32.67
"303","12/4/16","Roberto Aguayo\AguaRo00",31,"N","N","Away",0.71,"",0,36.68
"304","12/4/16","Sebastian Janikowski\janikseb01",47,"Y","N","Home",0.829,"",16,38.54
"305","12/4/16","Stephen Gostkowski\GostSt20",28,"Y","N","Home",0.844,"",10,37.16
"306","12/4/16","Brandon McManus\McMaBr01",41,"Y","N","Away",0.853,"",2,37.88
"307","12/4/16","Dustin Hopkins\HopkDu00",53,"Y","N","Away",0.81,"",2,36.9
"308","12/4/16","Steven Hauschka\HausSt00",37,"Y","N","Home",0.892,"",9,34.14
"309","12/4/16","Matt Prater\PratMa20",32,"Y","N","Away",0.861,"",10,40.17
"310","12/4/16","Wil Lutz\LutzWi00",40,"Y","N","Home",0.824,"",0,37.53
"311","12/1/16","Dan Bailey\BailDa00",39,"Y","N","Away",0.844,"",5,38.41
"312","12/1/16","Kai Forbath\ForbKa00",36,"Y","N","Home",1,"",5,34.33
"313","12/1/16","Kai Forbath\ForbKa00",48,"Y","N","Home",1,"",5,34.33
"314","12/1/16","Kai Forbath\ForbKa00",33,"Y","N","Home",1,"",5,34.33
"315","11/28/16","Caleb Sturgis\SturCa00",50,"Y","N","Home",0.854,"",3,37.63
"316","11/28/16","Mason Crosby\CrosMa20",33,"Y","N","Away",0.867,"",9,35.4
"317","11/28/16","Caleb Sturgis\SturCa00",48,"Y","N","Home",0.854,"",3,37.63
"318","11/28/16","Mason Crosby\CrosMa20",32,"Y","N","Away",0.867,"",9,35.4
"319","11/27/16","Cairo Santos\SantCa01",37,"Y","N","Away",0.886,"",2,35.63
"320","11/27/16","Josh Lambo\LambJo00",54,"N","N","Away",0.813,"",1,36.38
"321","11/27/16","Stephen Gostkowski\GostSt20",39,"N","N","Away",0.844,"",10,37.16
"322","11/27/16","Brandon McManus\McMaBr01",44,"Y","N","Home",0.853,"",2,37.88
"323","11/27/16","Andrew Franks\FranAn01",24,"Y","N","Home",0.762,"",1,32.86
"324","11/27/16","Nick Folk\FolkNi20",54,"N","Y","Home",0.871,"",9,33.97
"325","11/27/16","Ryan Succop\SuccRy44",31,"Y","N","Away",0.917,"",7,39.33
"326","11/27/16","Nick Novak\novaknic01",19,"Y","N","Home",0.854,"",9,36.78
"327","11/27/16","Phil Dawson\dawsophi01",36,"Y","N","Away",0.857,"",18,40.33
"328","11/27/16","Roberto Aguayo\AguaRo00",48,"N","N","Home",0.71,"",0,36.68
"329","11/27/16","Sebastian Janikowski\janikseb01",23,"Y","N","Home",0.829,"",16,38.54
"330","11/27/16","Stephen Gostkowski\GostSt20",41,"Y","N","Away",0.844,"",10,37.16
"331","11/27/16","Chandler Catanzaro\CataCh00",25,"Y","N","Away",0.75,"",2,39.07
"332","11/27/16","Justin Tucker\TuckJu00",57,"Y","N","Home",0.974,"",4,41.95
"333","11/27/16","Stephen Gostkowski\GostSt20",28,"Y","N","Away",0.844,"",10,37.16
"334","11/27/16","Brandon McManus\McMaBr01",33,"Y","N","Home",0.853,"",2,37.88
"335","11/27/16","Nick Folk\FolkNi20",51,"Y","N","Home",0.871,"",9,33.97
"336","11/27/16","Ryan Succop\SuccRy44",19,"Y","N","Away",0.917,"",7,39.33
"337","11/27/16","Matt Bryant\bryanmat01",45,"Y","N","Home",0.919,"",15,37.3
"338","11/27/16","Mike Nugent\nugenmik01",36,"Y","N","Away",0.793,"",12,35.17
"339","11/27/16","Justin Tucker\TuckJu00",36,"Y","N","Home",0.974,"",4,41.95
"340","11/27/16","Cody Parkey\ParkCo03",25,"Y","N","Home",0.8,"",2,37.6
"341","11/27/16","Cairo Santos\SantCa01",34,"Y","N","Away",0.886,"",2,35.63
"342","11/27/16","Sebastian Janikowski\janikseb01",23,"Y","N","Home",0.829,"",16,38.54
"343","11/27/16","Stephen Gostkowski\GostSt20",29,"Y","N","Away",0.844,"",10,37.16
"344","11/27/16","Brandon McManus\McMaBr01",62,"N","N","Home",0.853,"",2,37.88
"345","11/27/16","Steven Hauschka\HausSt00",43,"Y","N","Away",0.892,"",9,34.14
"346","11/27/16","Justin Tucker\TuckJu00",52,"Y","N","Home",0.974,"",4,41.95
"347","11/27/16","Nick Novak\novaknic01",45,"Y","N","Home",0.854,"",9,36.78
"348","11/27/16","Chandler Catanzaro\CataCh00",54,"Y","N","Away",0.75,"",2,39.07
"349","11/27/16","Mike Nugent\nugenmik01",23,"Y","N","Away",0.793,"",12,35.17
"350","11/27/16","Justin Tucker\TuckJu00",54,"Y","N","Home",0.974,"",4,41.95
"351","11/27/16","Cody Parkey\ParkCo03",20,"Y","N","Home",0.8,"",2,37.6
"352","11/24/16","Dustin Hopkins\HopkDu00",20,"Y","N","Away",0.81,"",2,36.9
"353","11/24/16","Kai Forbath\ForbKa00",28,"Y","N","Away",1,"",5,34.33
"354","11/24/16","Matt Prater\PratMa20",40,"Y","N","Home",0.861,"",10,40.17
"355","11/24/16","Dustin Hopkins\HopkDu00",43,"N","N","Away",0.81,"",2,36.9
"356","11/24/16","Dustin Hopkins\HopkDu00",55,"N","N","Away",0.81,"",2,36.9
"357","11/24/16","Kai Forbath\ForbKa00",30,"Y","N","Away",1,"",5,34.33
"358","11/24/16","Matt Prater\PratMa20",48,"Y","N","Home",0.861,"",10,40.17
"359","11/24/16","Dan Bailey\BailDa00",46,"Y","N","Home",0.844,"",5,38.41
"360","11/24/16","Adam Vinatieri\vinatada01",52,"N","N","Home",0.871,"",20,43.16
"361","11/24/16","Dustin Hopkins\HopkDu00",24,"Y","N","Away",0.81,"",2,36.9
"362","11/24/16","Matt Prater\PratMa20",29,"Y","N","Home",0.861,"",10,40.17
"363","11/21/16","Sebastian Janikowski\janikseb01",20,"Y","N","Home",0.829,"",16,38.54
"364","11/21/16","Sebastian Janikowski\janikseb01",19,"Y","N","Home",0.829,"",16,38.54
"365","11/21/16","Nick Novak\novaknic01",28,"Y","N","Away",0.854,"",9,36.78
"366","11/21/16","Nick Novak\novaknic01",32,"Y","N","Away",0.854,"",9,36.78
"367","11/20/16","Adam Vinatieri\vinatada01",49,"Y","N","Home",0.871,"",20,43.16
"368","11/20/16","Steven Hauschka\HausSt00",44,"N","N","Home",0.892,"",9,34.14
"369","11/20/16","Justin Tucker\TuckJu00",46,"Y","N","Away",0.974,"",4,41.95
"370","11/20/16","Dan Carpenter\CarpDa44",54,"Y","N","Away",0.76,"",8,36.16
"371","11/20/16","Mason Crosby\CrosMa20",36,"Y","N","Away",0.867,"",9,35.4
"372","11/20/16","Greg Zuerlein\ZuerGr00",48,"N","N","Home",0.864,"",4,38.68
"373","11/20/16","Matt Prater\PratMa20",43,"Y","N","Home",0.861,"",10,40.17
"374","11/20/16","Jason Myers\MyerJa00",52,"Y","N","Away",0.794,"",1,42.82
"375","11/20/16","Chris Boswell\BoswCh00",32,"Y","N","Away",0.84,"",1,40.64
"376","11/20/16","Dan Bailey\BailDa00",30,"Y","N","Home",0.844,"",5,38.41
"377","11/20/16","Roberto Aguayo\AguaRo00",22,"Y","N","Away",0.71,"",0,36.68
"378","11/20/16","Cody Parkey\ParkCo03",24,"Y","N","Home",0.8,"",2,37.6
"379","11/20/16","Cairo Santos\SantCa01",22,"Y","N","Home",0.886,"",2,35.63
"380","11/20/16","Adam Vinatieri\vinatada01",42,"N","N","Home",0.871,"",20,43.16
"381","11/20/16","Connor Barth\barthco01",51,"N","N","Away",0.783,"",7,35.35
"382","11/20/16","Steven Hauschka\HausSt00",35,"Y","N","Home",0.892,"",9,34.14
"383","11/20/16","Dan Carpenter\CarpDa44",26,"Y","N","Away",0.76,"",8,36.16
"384","11/20/16","Dustin Hopkins\HopkDu00",37,"Y","N","Home",0.81,"",2,36.9
"385","11/20/16","Greg Zuerlein\ZuerGr00",46,"Y","N","Home",0.864,"",4,38.68
"386","11/20/16","Robbie Gould\gouldrob01",46,"Y","N","Home",1,"",11,36.3
"387","11/20/16","Matt Prater\PratMa20",27,"Y","N","Home",0.861,"",10,40.17
"388","11/20/16","Jason Myers\MyerJa00",27,"Y","N","Away",0.794,"",1,42.82
"389","11/20/16","Phil Dawson\dawsophi01",33,"Y","N","Home",0.857,"",18,40.33
"390","11/20/16","Chris Boswell\BoswCh00",22,"Y","N","Away",0.84,"",1,40.64
"391","11/20/16","Roberto Aguayo\AguaRo00",36,"Y","N","Away",0.71,"",0,36.68
"392","11/20/16","Chandler Catanzaro\CataCh00",34,"Y","N","Away",0.75,"",2,39.07
"393","11/20/16","Dan Carpenter\CarpDa44",20,"Y","N","Away",0.76,"",8,36.16
"394","11/20/16","Roberto Aguayo\AguaRo00",31,"Y","N","Away",0.71,"",0,36.68
"395","11/20/16","Mason Crosby\CrosMa20",36,"N","N","Away",0.867,"",9,35.4
"396","11/20/16","Stephen Gostkowski\GostSt20",38,"Y","N","Away",0.844,"",10,37.16
"397","11/20/16","Connor Barth\barthco01",40,"Y","N","Away",0.783,"",7,35.35
"398","11/20/16","Steven Hauschka\HausSt00",21,"Y","N","Home",0.892,"",9,34.14
"399","11/20/16","Kai Forbath\ForbKa00",27,"Y","N","Home",1,"",5,34.33
"400","11/20/16","Ryan Succop\SuccRy44",47,"Y","N","Away",0.917,"",7,39.33
"401","11/20/16","Chris Boswell\BoswCh00",33,"Y","N","Away",0.84,"",1,40.64
"402","11/20/16","Dan Bailey\BailDa00",21,"Y","N","Home",0.844,"",5,38.41
"403","11/20/16","Roberto Aguayo\AguaRo00",41,"Y","N","Away",0.71,"",0,36.68
"404","11/17/16","Wil Lutz\LutzWi00",27,"Y","N","Away",0.824,"",0,37.53
"405","11/17/16","Graham Gano\GanoGr44",49,"Y","N","Home",0.789,"",7,40.61
"406","11/17/16","Wil Lutz\LutzWi00",30,"Y","N","Away",0.824,"",0,37.53
"407","11/17/16","Graham Gano\GanoGr44",32,"Y","N","Home",0.789,"",7,40.61
"408","11/17/16","Wil Lutz\LutzWi00",38,"N","Y","Away",0.824,"",0,37.53
"409","11/17/16","Graham Gano\GanoGr44",42,"Y","N","Home",0.789,"",7,40.61
"410","11/14/16","Mike Nugent\nugenmik01",38,"Y","N","Away",0.793,"",12,35.17
"411","11/14/16","Mike Nugent\nugenmik01",25,"Y","N","Away",0.793,"",12,35.17
"412","11/13/16","Nick Novak\novaknic01",49,"N","N","Away",0.854,"",9,36.78
"413","11/13/16","Dustin Hopkins\HopkDu00",30,"Y","N","Home",0.81,"",2,36.9
"414","11/13/16","Matt Bryant\bryanmat01",38,"Y","N","Away",0.919,"",15,37.3
"415","11/13/16","Chandler Catanzaro\CataCh00",34,"Y","N","Home",0.75,"",2,39.07
"416","11/13/16","Chris Boswell\BoswCh00",55,"N","N","Home",0.84,"",1,40.64
"417","11/13/16","Dan Bailey\BailDa00",53,"Y","N","Away",0.844,"",5,38.41
"418","11/13/16","Roberto Aguayo\AguaRo00",27,"Y","N","Home",0.71,"",0,36.68
"419","11/13/16","Stephen Gostkowski\GostSt20",30,"Y","N","Home",0.844,"",10,37.16
"420","11/13/16","Brandon McManus\McMaBr01",28,"Y","N","Away",0.853,"",2,37.88
"421","11/13/16","Connor Barth\barthco01",54,"Y","N","Away",0.783,"",7,35.35
"422","11/13/16","Steven Hauschka\HausSt00",23,"Y","N","Away",0.892,"",9,34.14
"423","11/13/16","Caleb Sturgis\SturCa00",55,"N","N","Home",0.854,"",3,37.63
"424","11/13/16","Cairo Santos\SantCa01",33,"Y","N","Away",0.886,"",2,35.63
"425","11/13/16","Ryan Succop\SuccRy44",23,"Y","N","Home",0.917,"",7,39.33
"426","11/13/16","Nick Novak\novaknic01",51,"Y","N","Away",0.854,"",9,36.78
"427","11/13/16","Dustin Hopkins\HopkDu00",50,"Y","N","Home",0.81,"",2,36.9
"428","11/13/16","Steven Hauschka\HausSt00",27,"Y","N","Away",0.892,"",9,34.14
"429","11/13/16","Greg Zuerlein\ZuerGr00",38,"Y","N","Away",0.864,"",4,38.68
"430","11/13/16","Caleb Sturgis\SturCa00",44,"N","N","Home",0.854,"",3,37.63
"431","11/13/16","Matt Bryant\bryanmat01",53,"N","N","Away",0.919,"",15,37.3
"432","11/13/16","Jason Myers\MyerJa00",54,"Y","N","Home",0.794,"",1,42.82
"433","11/13/16","Phil Dawson\dawsophi01",49,"Y","N","Away",0.857,"",18,40.33
"434","11/13/16","Josh Lambo\LambJo00",45,"Y","N","Home",0.813,"",1,36.38
"435","11/13/16","Andrew Franks\FranAn01",27,"Y","N","Away",0.762,"",1,32.86
"436","11/13/16","Chandler Catanzaro\CataCh00",19,"Y","N","Home",0.75,"",2,39.07
"437","11/13/16","Chris Boswell\BoswCh00",39,"Y","N","Home",0.84,"",1,40.64
"438","11/13/16","Dan Bailey\BailDa00",37,"Y","N","Away",0.844,"",5,38.41
"439","11/13/16","Wil Lutz\LutzWi00",30,"Y","N","Home",0.824,"",0,37.53
"440","11/13/16","Roberto Aguayo\AguaRo00",30,"Y","N","Home",0.71,"",0,36.68
"441","11/13/16","Mason Crosby\CrosMa20",38,"Y","N","Away",0.867,"",9,35.4
"442","11/13/16","Brandon McManus\McMaBr01",42,"N","N","Away",0.853,"",2,37.88
"443","11/13/16","Steven Hauschka\HausSt00",41,"Y","N","Away",0.892,"",9,34.14
"444","11/13/16","Caleb Sturgis\SturCa00",25,"Y","N","Home",0.854,"",3,37.63
"445","11/13/16","Cairo Santos\SantCa01",36,"Y","N","Away",0.886,"",2,35.63
"446","11/13/16","Nick Novak\novaknic01",50,"N","N","Away",0.854,"",9,36.78
"447","11/13/16","Dustin Hopkins\HopkDu00",37,"Y","N","Home",0.81,"",2,36.9
"448","11/13/16","Greg Zuerlein\ZuerGr00",20,"Y","N","Away",0.864,"",4,38.68
"449","11/13/16","Matt Bryant\bryanmat01",43,"Y","N","Away",0.919,"",15,37.3
"450","11/13/16","Chris Boswell\BoswCh00",25,"Y","N","Home",0.84,"",1,40.64
"451","11/13/16","Dan Bailey\BailDa00",46,"Y","N","Away",0.844,"",5,38.41
"452","11/13/16","Ryan Succop\SuccRy44",51,"Y","N","Home",0.917,"",7,39.33
"453","11/13/16","Brandon McManus\McMaBr01",37,"Y","N","Away",0.853,"",2,37.88
"454","11/13/16","Caleb Sturgis\SturCa00",48,"Y","N","Home",0.854,"",3,37.63
"455","11/13/16","Chandler Catanzaro\CataCh00",39,"Y","N","Home",0.75,"",2,39.07
"456","11/13/16","Mason Crosby\CrosMa20",29,"Y","N","Away",0.867,"",9,35.4
"457","11/13/16","Cairo Santos\SantCa01",37,"Y","N","Away",0.886,"",2,35.63
"458","11/13/16","Brandon McManus\McMaBr01",50,"Y","N","Away",0.853,"",2,37.88
"459","11/13/16","Dustin Hopkins\HopkDu00",28,"Y","N","Home",0.81,"",2,36.9
"460","11/13/16","Steven Hauschka\HausSt00",31,"Y","N","Away",0.892,"",9,34.14
"461","11/13/16","Greg Zuerlein\ZuerGr00",34,"Y","N","Away",0.864,"",4,38.68
"462","11/13/16","Caleb Sturgis\SturCa00",29,"Y","N","Home",0.854,"",3,37.63
"463","11/13/16","Matt Bryant\bryanmat01",46,"Y","N","Away",0.919,"",15,37.3
"464","11/13/16","Jason Myers\MyerJa00",44,"Y","N","Home",0.794,"",1,42.82
"465","11/13/16","Phil Dawson\dawsophi01",53,"Y","N","Away",0.857,"",18,40.33
"466","11/13/16","Graham Gano\GanoGr44",42,"Y","N","Home",0.789,"",7,40.61
"467","11/13/16","Cairo Santos\SantCa01",47,"Y","N","Away",0.886,"",2,35.63
"468","11/10/16","Justin Tucker\TuckJu00",40,"Y","N","Home",0.974,"",4,41.95
"469","11/10/16","Justin Tucker\TuckJu00",25,"Y","N","Home",0.974,"",4,41.95
"470","11/7/16","Dan Carpenter\CarpDa44",31,"Y","N","Away",0.76,"",8,36.16
"471","11/7/16","Steven Hauschka\HausSt00",49,"Y","N","Home",0.892,"",9,34.14
"472","11/7/16","Dan Carpenter\CarpDa44",54,"N","N","Away",0.76,"",8,36.16
"473","11/6/16","Greg Zuerlein\ZuerGr00",25,"Y","N","Home",0.864,"",4,38.68
"474","11/6/16","Caleb Sturgis\SturCa00",26,"Y","N","Away",0.854,"",3,37.63
"475","11/6/16","Phil Dawson\dawsophi01",48,"Y","N","Home",0.857,"",18,40.33
"476","11/6/16","Cody Parkey\ParkCo03",31,"Y","N","Home",0.8,"",2,37.6
"477","11/6/16","Graham Gano\GanoGr44",48,"N","N","Away",0.789,"",7,40.61
"478","11/6/16","Cairo Santos\SantCa01",51,"Y","N","Home",0.886,"",2,35.63
"479","11/6/16","Josh Lambo\LambJo00",23,"Y","N","Home",0.813,"",1,36.38
"480","11/6/16","Sebastian Janikowski\janikseb01",48,"N","N","Home",0.829,"",16,38.54
"481","11/6/16","Andrew Franks\FranAn01",33,"Y","N","Home",0.762,"",1,32.86
"482","11/6/16","Blair Walsh\WalsBl00",46,"N","Y","Home",0.75,"",4,38.88
"483","11/6/16","Justin Tucker\TuckJu00",42,"Y","N","Home",0.974,"",4,41.95
"484","11/6/16","Nick Folk\FolkNi20",21,"Y","N","Away",0.871,"",9,33.97
"485","11/6/16","Wil Lutz\LutzWi00",55,"N","N","Away",0.824,"",0,37.53
"486","11/6/16","Mason Crosby\CrosMa20",27,"Y","N","Home",0.867,"",9,35.4
"487","11/6/16","Brandon McManus\McMaBr01",44,"Y","N","Away",0.853,"",2,37.88
"488","11/6/16","Matt Prater\PratMa20",53,"Y","N","Away",0.861,"",10,40.17
"489","11/6/16","Graham Gano\GanoGr44",37,"Y","N","Away",0.789,"",7,40.61
"490","11/6/16","Cairo Santos\SantCa01",36,"Y","N","Home",0.886,"",2,35.63
"491","11/6/16","Greg Zuerlein\ZuerGr00",55,"N","N","Home",0.864,"",4,38.68
"492","11/6/16","Caleb Sturgis\SturCa00",40,"N","Y","Away",0.854,"",3,37.63
"493","11/6/16","Phil Dawson\dawsophi01",49,"Y","N","Home",0.857,"",18,40.33
"494","11/6/16","Cairo Santos\SantCa01",26,"Y","N","Home",0.886,"",2,35.63
"495","11/6/16","Sebastian Janikowski\janikseb01",29,"Y","N","Home",0.829,"",16,38.54
"496","11/6/16","Blair Walsh\WalsBl00",33,"Y","N","Home",0.75,"",4,38.88
"497","11/6/16","Justin Tucker\TuckJu00",49,"Y","N","Home",0.974,"",4,41.95
"498","11/6/16","Nick Folk\FolkNi20",23,"Y","N","Away",0.871,"",9,33.97
"499","11/6/16","Wil Lutz\LutzWi00",26,"Y","N","Away",0.824,"",0,37.53
"500","11/6/16","Mason Crosby\CrosMa20",48,"N","","Home",0.867,"",9,35.4
