"","Rk","Date","Tm","X","Opp","Result","X.1","Dist","Good.","Blk."
"1",1,2017-10-30,"KAN",NA,"DEN","W 29-19","Harrison Butker\ButkHa00",51,"Y","N"
"2",2,2017-10-30,"KAN",NA,"DEN","W 29-19","Harrison Butker\ButkHa00",25,"Y","N"
"3",3,2017-10-30,"DEN","@","KAN","L 19-29","Brandon McManus\McMaBr01",27,"Y","N"
"4",4,2017-10-30,"KAN",NA,"DEN","W 29-19","Harrison Butker\ButkHa00",43,"Y","N"
"5",5,2017-10-30,"KAN",NA,"DEN","W 29-19","Harrison Butker\ButkHa00",42,"Y","N"
"6",6,2017-10-30,"KAN",NA,"DEN","W 29-19","Harrison Butker\ButkHa00",32,"Y","N"
"7",7,2017-10-30,"DEN","@","KAN","L 19-29","Brandon McManus\McMaBr01",34,"Y","N"
"8",8,2017-10-29,"ATL","@","NYJ","W 25-20","Matt Bryant\bryanmat01",29,"Y","N"
"9",9,2017-10-29,"WAS",NA,"DAL","L 19-33","Nick Rose\RoseNi00",36,"N","Y"
"10",10,2017-10-29,"MIN","@","CLE","W 33-16","Kai Forbath\ForbKa00",51,"Y","N"
"11",11,2017-10-29,"SEA",NA,"HOU","W 41-38","Blair Walsh\WalsBl00",21,"Y","N"
"12",12,2017-10-29,"PHI",NA,"SFO","W 33-10","Jake Elliott\ElliJa03",51,"Y","N"
"13",13,2017-10-29,"CIN",NA,"IND","W 24-23","Randy Bullock\BullRa00",29,"Y","N"
"14",14,2017-10-29,"NWE",NA,"LAC","W 21-13","Stephen Gostkowski\GostSt20",43,"N","N"
"15",15,2017-10-29,"ATL","@","NYJ","W 25-20","Matt Bryant\bryanmat01",23,"Y","N"
"16",16,2017-10-29,"DAL","@","WAS","W 33-19","Mike Nugent\nugenmik01",48,"Y","N"
"17",17,2017-10-29,"MIN","@","CLE","W 33-16","Kai Forbath\ForbKa00",35,"Y","N"
"18",18,2017-10-29,"DET",NA,"PIT","L 15-20","Matt Prater\PratMa20",51,"Y","N"
"19",19,2017-10-29,"CHI","@","NOR","L 12-20","Connor Barth\barthco01",27,"Y","N"
"20",20,2017-10-29,"NWE",NA,"LAC","W 21-13","Stephen Gostkowski\GostSt20",36,"Y","N"
"21",21,2017-10-29,"IND","@","CIN","L 23-24","Adam Vinatieri\vinatada01",29,"Y","N"
"22",22,2017-10-29,"NYJ",NA,"ATL","L 20-25","Chandler Catanzaro\CataCh00",43,"Y","N"
"23",23,2017-10-29,"BUF",NA,"OAK","W 34-14","Steven Hauschka\HausSt00",44,"Y","N"
"24",24,2017-10-29,"NOR",NA,"CHI","W 20-12","Wil Lutz\LutzWi00",49,"Y","N"
"25",25,2017-10-29,"HOU","@","SEA","L 38-41","Ka'imi Fairbairn\FairKa01",31,"Y","N"
"26",26,2017-10-29,"SFO","@","PHI","L 10-33","Robbie Gould\gouldrob01",27,"N","Y"
"27",27,2017-10-29,"ATL","@","NYJ","W 25-20","Matt Bryant\bryanmat01",37,"Y","N"
"28",28,2017-10-29,"WAS",NA,"DAL","L 19-33","Nick Rose\RoseNi00",42,"Y","N"
"29",29,2017-10-29,"DAL","@","WAS","W 33-19","Mike Nugent\nugenmik01",37,"Y","N"
"30",30,2017-10-29,"MIN","@","CLE","W 33-16","Kai Forbath\ForbKa00",43,"Y","N"
"31",31,2017-10-29,"DET",NA,"PIT","L 15-20","Matt Prater\PratMa20",19,"Y","N"
"32",32,2017-10-29,"CHI","@","NOR","L 12-20","Connor Barth\barthco01",44,"Y","N"
"33",33,2017-10-29,"SEA",NA,"HOU","W 41-38","Blair Walsh\WalsBl00",21,"Y","N"
"34",34,2017-10-29,"PHI",NA,"SFO","W 33-10","Jake Elliott\ElliJa03",40,"Y","N"
"35",35,2017-10-29,"NWE",NA,"LAC","W 21-13","Stephen Gostkowski\GostSt20",43,"Y","N"
"36",36,2017-10-29,"IND","@","CIN","L 23-24","Adam Vinatieri\vinatada01",29,"Y","N"
"37",37,2017-10-29,"NYJ",NA,"ATL","L 20-25","Chandler Catanzaro\CataCh00",46,"Y","N"
"38",38,2017-10-29,"DAL","@","WAS","W 33-19","Mike Nugent\nugenmik01",36,"Y","N"
"39",39,2017-10-29,"CAR","@","TAM","W 17-3","Graham Gano\GanoGr44",28,"Y","N"
"40",40,2017-10-29,"DET",NA,"PIT","L 15-20","Matt Prater\PratMa20",37,"Y","N"
"41",41,2017-10-29,"CLE",NA,"MIN","L 16-33","Zane Gonzalez\GonzZa00",23,"Y","N"
"42",42,2017-10-29,"PIT","@","DET","W 20-15","Chris Boswell\BoswCh00",38,"Y","N"
"43",43,2017-10-29,"NWE",NA,"LAC","W 21-13","Stephen Gostkowski\GostSt20",25,"Y","N"
"44",44,2017-10-29,"TAM",NA,"CAR","L 3-17","Patrick Murray\MurrPa01",41,"Y","N"
"45",45,2017-10-29,"NYJ",NA,"ATL","L 20-25","Chandler Catanzaro\CataCh00",46,"N","N"
"46",46,2017-10-29,"BUF",NA,"OAK","W 34-14","Steven Hauschka\HausSt00",35,"Y","N"
"47",47,2017-10-29,"NOR",NA,"CHI","W 20-12","Wil Lutz\LutzWi00",45,"Y","N"
"48",48,2017-10-29,"CIN",NA,"IND","W 24-23","Randy Bullock\BullRa00",34,"N","Y"
"49",49,2017-10-29,"NWE",NA,"LAC","W 21-13","Stephen Gostkowski\GostSt20",26,"Y","N"
"50",50,2017-10-29,"ATL","@","NYJ","W 25-20","Matt Bryant\bryanmat01",45,"Y","N"
"51",51,2017-10-29,"WAS",NA,"DAL","L 19-33","Nick Rose\RoseNi00",38,"Y","N"
"52",52,2017-10-29,"DAL","@","WAS","W 33-19","Mike Nugent\nugenmik01",27,"Y","N"
"53",53,2017-10-29,"MIN","@","CLE","W 33-16","Kai Forbath\ForbKa00",34,"Y","N"
"54",54,2017-10-29,"DET",NA,"PIT","L 15-20","Matt Prater\PratMa20",34,"Y","N"
"55",55,2017-10-29,"CHI","@","NOR","L 12-20","Connor Barth\barthco01",48,"N","N"
"56",56,2017-10-29,"NWE",NA,"LAC","W 21-13","Stephen Gostkowski\GostSt20",43,"N","N"
"57",57,2017-10-29,"IND","@","CIN","L 23-24","Adam Vinatieri\vinatada01",33,"Y","N"
"58",58,2017-10-29,"NYJ",NA,"ATL","L 20-25","Chandler Catanzaro\CataCh00",48,"N","N"
"59",59,2017-10-29,"DAL","@","WAS","W 33-19","Mike Nugent\nugenmik01",49,"N","N"
"60",60,2017-10-29,"LAC","@","NWE","L 13-21","Nick Novak\novaknic01",51,"N","N"
"61",61,2017-10-29,"DET",NA,"PIT","L 15-20","Matt Prater\PratMa20",48,"Y","N"
"62",62,2017-10-29,"CLE",NA,"MIN","L 16-33","Zane Gonzalez\GonzZa00",35,"N","N"
"63",63,2017-10-29,"SFO","@","PHI","L 10-33","Robbie Gould\gouldrob01",50,"Y","N"
"64",64,2017-10-29,"PIT","@","DET","W 20-15","Chris Boswell\BoswCh00",34,"Y","N"
"65",65,2017-10-26,"BAL",NA,"MIA","W 40-0","Justin Tucker\TuckJu00",46,"N","Y"
"66",66,2017-10-26,"MIA","@","BAL","L 0-40","Cody Parkey\ParkCo03",50,"N","N"
"67",67,2017-10-26,"BAL",NA,"MIA","W 40-0","Justin Tucker\TuckJu00",48,"Y","N"
"68",68,2017-10-26,"BAL",NA,"MIA","W 40-0","Justin Tucker\TuckJu00",55,"Y","N"
"69",69,2017-10-23,"WAS","@","PHI","L 24-34","Nick Rose\RoseNi00",27,"Y","N"
"70",70,2017-10-23,"PHI",NA,"WAS","W 34-24","Jake Elliott\ElliJa03",42,"Y","N"
"71",71,2017-10-23,"PHI",NA,"WAS","W 34-24","Jake Elliott\ElliJa03",50,"Y","N"
"72",72,2017-10-23,"PHI",NA,"WAS","W 34-24","Jake Elliott\ElliJa03",45,"N","N"
"73",73,2017-10-22,"TAM","@","BUF","L 27-30","Patrick Murray\MurrPa01",25,"Y","N"
"74",74,2017-10-22,"BUF",NA,"TAM","W 30-27","Steven Hauschka\HausSt00",30,"Y","N"
"75",75,2017-10-22,"TEN","@","CLE","W 12-9","Ryan Succop\SuccRy44",46,"Y","N"
"76",76,2017-10-22,"MIN",NA,"BAL","W 24-16","Kai Forbath\ForbKa00",51,"Y","N"
"77",77,2017-10-22,"NOR","@","GNB","W 26-17","Wil Lutz\LutzWi00",44,"Y","N"
"78",78,2017-10-22,"CLE",NA,"TEN","L 9-12","Zane Gonzalez\GonzZa00",31,"Y","N"
"79",79,2017-10-22,"PIT",NA,"CIN","W 29-14","Chris Boswell\BoswCh00",41,"Y","N"
"80",80,2017-10-22,"LAR",NA,"ARI","W 33-0","Greg Zuerlein\ZuerGr00",53,"Y","N"
"81",81,2017-10-22,"BUF",NA,"TAM","W 30-27","Steven Hauschka\HausSt00",25,"Y","N"
"82",82,2017-10-22,"BAL","@","MIN","L 16-24","Justin Tucker\TuckJu00",47,"Y","N"
"83",83,2017-10-22,"TEN","@","CLE","W 12-9","Ryan Succop\SuccRy44",47,"Y","N"
"84",84,2017-10-22,"MIN",NA,"BAL","W 24-16","Kai Forbath\ForbKa00",43,"Y","N"
"85",85,2017-10-22,"CLE",NA,"TEN","L 9-12","Zane Gonzalez\GonzZa00",54,"Y","N"
"86",86,2017-10-22,"PIT",NA,"CIN","W 29-14","Chris Boswell\BoswCh00",25,"Y","N"
"87",87,2017-10-22,"NWE",NA,"ATL","W 23-7","Stephen Gostkowski\GostSt20",21,"Y","N"
"88",88,2017-10-22,"JAX","@","IND","W 27-0","Josh Lambo\LambJo00",42,"Y","N"
"89",89,2017-10-22,"BUF",NA,"TAM","W 30-27","Steven Hauschka\HausSt00",52,"Y","N"
"90",90,2017-10-22,"TEN","@","CLE","W 12-9","Ryan Succop\SuccRy44",23,"Y","N"
"91",91,2017-10-22,"MIN",NA,"BAL","W 24-16","Kai Forbath\ForbKa00",52,"Y","N"
"92",92,2017-10-22,"NOR","@","GNB","W 26-17","Wil Lutz\LutzWi00",28,"Y","N"
"93",93,2017-10-22,"GNB",NA,"NOR","L 17-26","Mason Crosby\CrosMa20",46,"Y","N"
"94",94,2017-10-22,"PIT",NA,"CIN","W 29-14","Chris Boswell\BoswCh00",24,"Y","N"
"95",95,2017-10-22,"TAM","@","BUF","L 27-30","Patrick Murray\MurrPa01",50,"Y","N"
"96",96,2017-10-22,"ATL","@","NWE","L 7-23","Matt Bryant\bryanmat01",36,"N","N"
"97",97,2017-10-22,"LAR",NA,"ARI","W 33-0","Greg Zuerlein\ZuerGr00",33,"Y","N"
"98",98,2017-10-22,"BAL","@","MIN","L 16-24","Justin Tucker\TuckJu00",57,"Y","N"
"99",99,2017-10-22,"MIN",NA,"BAL","W 24-16","Kai Forbath\ForbKa00",32,"Y","N"
"100",100,2017-10-22,"CHI",NA,"CAR","W 17-3","Connor Barth\barthco01",19,"Y","N"
"101",101,2017-10-22,"MIA",NA,"NYJ","W 31-28","Cody Parkey\ParkCo03",39,"Y","N"
"102",102,2017-10-22,"TEN","@","CLE","W 12-9","Ryan Succop\SuccRy44",53,"N","N"
"103",103,2017-10-22,"MIN",NA,"BAL","W 24-16","Kai Forbath\ForbKa00",43,"Y","N"
"104",104,2017-10-22,"CLE",NA,"TEN","L 9-12","Zane Gonzalez\GonzZa00",47,"Y","N"
"105",105,2017-10-22,"SFO",NA,"DAL","L 10-40","Robbie Gould\gouldrob01",42,"Y","N"
"106",106,2017-10-22,"PIT",NA,"CIN","W 29-14","Chris Boswell\BoswCh00",49,"Y","N"
"107",107,2017-10-22,"NWE",NA,"ATL","W 23-7","Stephen Gostkowski\GostSt20",29,"Y","N"
"108",108,2017-10-22,"LAR",NA,"ARI","W 33-0","Greg Zuerlein\ZuerGr00",34,"Y","N"
"109",109,2017-10-22,"BUF",NA,"TAM","W 30-27","Steven Hauschka\HausSt00",41,"N","N"
"110",110,2017-10-22,"TEN","@","CLE","W 12-9","Ryan Succop\SuccRy44",43,"Y","N"
"111",111,2017-10-22,"SEA","@","NYG","W 24-7","Blair Walsh\WalsBl00",39,"Y","N"
"112",112,2017-10-22,"GNB",NA,"NOR","L 17-26","Mason Crosby\CrosMa20",59,"N","N"
"113",113,2017-10-22,"PIT",NA,"CIN","W 29-14","Chris Boswell\BoswCh00",22,"Y","N"
"114",114,2017-10-22,"NYG",NA,"SEA","L 7-24","Aldrick Rosas\RosaAl00",47,"N","N"
"115",115,2017-10-22,"ATL","@","NWE","L 7-23","Matt Bryant\bryanmat01",37,"N","Y"
"116",116,2017-10-22,"ARI","@","LAR","L 0-33","Phil Dawson\dawsophi01",32,"N","N"
"117",117,2017-10-22,"LAR",NA,"ARI","W 33-0","Greg Zuerlein\ZuerGr00",23,"Y","N"
"118",118,2017-10-22,"BAL","@","MIN","L 16-24","Justin Tucker\TuckJu00",48,"Y","N"
"119",119,2017-10-22,"MIN",NA,"BAL","W 24-16","Kai Forbath\ForbKa00",34,"Y","N"
"120",120,2017-10-22,"CAR","@","CHI","L 3-17","Graham Gano\GanoGr44",36,"Y","N"
"121",121,2017-10-22,"CHI",NA,"CAR","W 17-3","Connor Barth\barthco01",52,"N","Y"
"122",122,2017-10-22,"NWE",NA,"ATL","W 23-7","Stephen Gostkowski\GostSt20",38,"Y","N"
"123",123,2017-10-22,"JAX","@","IND","W 27-0","Josh Lambo\LambJo00",33,"Y","N"
"124",124,2017-10-19,"OAK",NA,"KAN","W 31-30","Giorgio Tavecchio\TaveGi00",26,"Y","N"
"125",125,2017-10-19,"KAN","@","OAK","L 30-31","Harrison Butker\ButkHa00",53,"Y","N"
"126",126,2017-10-19,"OAK",NA,"KAN","W 31-30","Giorgio Tavecchio\TaveGi00",45,"N","N"
"127",127,2017-10-19,"KAN","@","OAK","L 30-31","Harrison Butker\ButkHa00",37,"Y","N"
"128",128,2017-10-19,"OAK",NA,"KAN","W 31-30","Giorgio Tavecchio\TaveGi00",53,"N","Y"
"129",129,2017-10-19,"KAN","@","OAK","L 30-31","Harrison Butker\ButkHa00",39,"Y","N"
"130",130,2017-10-16,"IND","@","TEN","L 22-36","Adam Vinatieri\vinatada01",25,"Y","N"
"131",131,2017-10-16,"TEN",NA,"IND","W 36-22","Ryan Succop\SuccRy44",23,"Y","N"
"132",132,2017-10-16,"TEN",NA,"IND","W 36-22","Ryan Succop\SuccRy44",32,"Y","N"
"133",133,2017-10-16,"IND","@","TEN","L 22-36","Adam Vinatieri\vinatada01",36,"Y","N"
"134",134,2017-10-16,"TEN",NA,"IND","W 36-22","Ryan Succop\SuccRy44",48,"Y","N"
"135",135,2017-10-16,"TEN",NA,"IND","W 36-22","Ryan Succop\SuccRy44",48,"Y","N"
"136",136,2017-10-16,"IND","@","TEN","L 22-36","Adam Vinatieri\vinatada01",52,"Y","N"
"137",137,2017-10-16,"TEN",NA,"IND","W 36-22","Ryan Succop\SuccRy44",40,"Y","N"
"138",138,2017-10-15,"NYG","@","DEN","W 23-10","Aldrick Rosas\RosaAl00",51,"Y","N"
"139",139,2017-10-15,"KAN",NA,"PIT","L 13-19","Harrison Butker\ButkHa00",46,"Y","N"
"140",140,2017-10-15,"NYJ",NA,"NWE","L 17-24","Chandler Catanzaro\CataCh00",28,"Y","N"
"141",141,2017-10-15,"MIA","@","ATL","W 20-17","Cody Parkey\ParkCo03",38,"Y","N"
"142",142,2017-10-15,"BAL",NA,"CHI","L 24-27","Justin Tucker\TuckJu00",27,"Y","N"
"143",143,2017-10-15,"SFO","@","WAS","L 24-26","Robbie Gould\gouldrob01",47,"N","N"
"144",144,2017-10-15,"NWE","@","NYJ","W 24-17","Stephen Gostkowski\GostSt20",28,"Y","N"
"145",145,2017-10-15,"JAX",NA,"LAR","L 17-27","Jason Myers\MyerJa00",41,"Y","N"
"146",146,2017-10-15,"MIN",NA,"GNB","W 23-10","Kai Forbath\ForbKa00",34,"Y","N"
"147",147,2017-10-15,"GNB","@","MIN","L 10-23","Mason Crosby\CrosMa20",26,"Y","N"
"148",148,2017-10-15,"PIT","@","KAN","W 19-13","Chris Boswell\BoswCh00",24,"Y","N"
"149",149,2017-10-15,"OAK",NA,"LAC","L 16-17","Giorgio Tavecchio\TaveGi00",44,"Y","N"
"150",150,2017-10-15,"NYG","@","DEN","W 23-10","Aldrick Rosas\RosaAl00",40,"Y","N"
"151",151,2017-10-15,"ATL",NA,"MIA","L 17-20","Matt Bryant\bryanmat01",59,"N","N"
"152",152,2017-10-15,"ARI",NA,"TAM","W 38-33","Phil Dawson\dawsophi01",28,"Y","N"
"153",153,2017-10-15,"LAR","@","JAX","W 27-17","Greg Zuerlein\ZuerGr00",29,"Y","N"
"154",154,2017-10-15,"BAL",NA,"CHI","L 24-27","Justin Tucker\TuckJu00",50,"Y","N"
"155",155,2017-10-15,"DEN",NA,"NYG","L 10-23","Brandon McManus\McMaBr01",35,"N","N"
"156",156,2017-10-15,"LAC","@","OAK","W 17-16","Nick Novak\novaknic01",32,"Y","N"
"157",157,2017-10-15,"DET","@","NOR","L 38-52","Matt Prater\PratMa20",56,"N","N"
"158",158,2017-10-15,"CHI","@","BAL","W 27-24","Connor Barth\barthco01",40,"Y","N"
"159",159,2017-10-15,"NYG","@","DEN","W 23-10","Aldrick Rosas\RosaAl00",25,"Y","N"
"160",160,2017-10-15,"MIA","@","ATL","W 20-17","Cody Parkey\ParkCo03",49,"Y","N"
"161",161,2017-10-15,"CLE","@","HOU","L 17-33","Zane Gonzalez\GonzZa00",41,"Y","N"
"162",162,2017-10-15,"SFO","@","WAS","L 24-26","Robbie Gould\gouldrob01",52,"Y","N"
"163",163,2017-10-15,"NWE","@","NYJ","W 24-17","Stephen Gostkowski\GostSt20",47,"N","N"
"164",164,2017-10-15,"JAX",NA,"LAR","L 17-27","Jason Myers\MyerJa00",54,"N","N"
"165",165,2017-10-15,"WAS",NA,"SFO","W 26-24","Dustin Hopkins\HopkDu00",21,"Y","N"
"166",166,2017-10-15,"MIN",NA,"GNB","W 23-10","Kai Forbath\ForbKa00",36,"Y","N"
"167",167,2017-10-15,"DEN",NA,"NYG","L 10-23","Brandon McManus\McMaBr01",53,"N","Y"
"168",168,2017-10-15,"NYG","@","DEN","W 23-10","Aldrick Rosas\RosaAl00",49,"N","Y"
"169",169,2017-10-15,"ATL",NA,"MIA","L 17-20","Matt Bryant\bryanmat01",50,"Y","N"
"170",170,2017-10-15,"KAN",NA,"PIT","L 13-19","Harrison Butker\ButkHa00",33,"Y","N"
"171",171,2017-10-15,"LAR","@","JAX","W 27-17","Greg Zuerlein\ZuerGr00",56,"Y","N"
"172",172,2017-10-15,"BAL",NA,"CHI","L 24-27","Justin Tucker\TuckJu00",31,"Y","N"
"173",173,2017-10-15,"LAC","@","OAK","W 17-16","Nick Novak\novaknic01",48,"N","N"
"174",174,2017-10-15,"DET","@","NOR","L 38-52","Matt Prater\PratMa20",41,"Y","N"
"175",175,2017-10-15,"CHI","@","BAL","W 27-24","Connor Barth\barthco01",24,"Y","N"
"176",176,2017-10-15,"HOU",NA,"CLE","W 33-17","Ka'imi Fairbairn\FairKa01",40,"Y","N"
"177",177,2017-10-15,"JAX",NA,"LAR","L 17-27","Jason Myers\MyerJa00",54,"N","N"
"178",178,2017-10-15,"MIN",NA,"GNB","W 23-10","Kai Forbath\ForbKa00",53,"Y","N"
"179",179,2017-10-15,"NOR",NA,"DET","W 52-38","Wil Lutz\LutzWi00",41,"Y","N"
"180",180,2017-10-15,"WAS",NA,"SFO","W 26-24","Dustin Hopkins\HopkDu00",48,"Y","N"
"181",181,2017-10-15,"DEN",NA,"NYG","L 10-23","Brandon McManus\McMaBr01",28,"Y","N"
"182",182,2017-10-12,"CAR",NA,"PHI","L 23-28","Graham Gano\GanoGr44",39,"Y","N"
"183",183,2017-10-12,"CAR",NA,"PHI","L 23-28","Graham Gano\GanoGr44",46,"Y","N"
"184",184,2017-10-12,"PHI","@","CAR","W 28-23","Jake Elliott\ElliJa03",50,"Y","N"
"185",185,2017-10-12,"CAR",NA,"PHI","L 23-28","Graham Gano\GanoGr44",20,"Y","N"
"186",186,2017-10-12,"PHI","@","CAR","W 28-23","Jake Elliott\ElliJa03",48,"Y","N"
"187",187,2017-10-09,"MIN","@","CHI","W 20-17","Kai Forbath\ForbKa00",26,"Y","N"
"188",188,2017-10-09,"MIN","@","CHI","W 20-17","Kai Forbath\ForbKa00",26,"Y","N"
"189",189,2017-10-08,"LAR",NA,"SEA","L 10-16","Greg Zuerlein\ZuerGr00",36,"N","N"
"190",190,2017-10-08,"TEN","@","MIA","L 10-16","Ryan Succop\SuccRy44",45,"Y","N"
"191",191,2017-10-08,"LAC","@","NYG","W 27-22","Nick Novak\novaknic01",31,"Y","N"
"192",192,2017-10-08,"DET",NA,"CAR","L 24-27","Matt Prater\PratMa20",30,"Y","N"
"193",193,2017-10-08,"PHI",NA,"ARI","W 34-7","Jake Elliott\ElliJa03",36,"Y","N"
"194",194,2017-10-08,"KAN","@","HOU","W 42-34","Harrison Butker\ButkHa00",41,"Y","N"
"195",195,2017-10-08,"BAL","@","OAK","W 30-17","Justin Tucker\TuckJu00",22,"Y","N"
"196",196,2017-10-08,"CAR","@","DET","W 27-24","Graham Gano\GanoGr44",21,"Y","N"
"197",197,2017-10-08,"SEA","@","LAR","W 16-10","Blair Walsh\WalsBl00",35,"Y","N"
"198",198,2017-10-08,"CLE",NA,"NYJ","L 14-17","Zane Gonzalez\GonzZa00",52,"N","N"
"199",199,2017-10-08,"SFO","@","IND","L 23-26","Robbie Gould\gouldrob01",43,"Y","N"
"200",200,2017-10-08,"IND",NA,"SFO","W 26-23","Adam Vinatieri\vinatada01",38,"Y","N"
"201",201,2017-10-08,"DAL",NA,"GNB","L 31-35","Dan Bailey\BailDa00",43,"Y","N"
"202",202,2017-10-08,"BUF","@","CIN","L 16-20","Steven Hauschka\HausSt00",31,"Y","N"
"203",203,2017-10-08,"PIT",NA,"JAX","L 9-30","Chris Boswell\BoswCh00",29,"Y","N"
"204",204,2017-10-08,"KAN","@","HOU","W 42-34","Harrison Butker\ButkHa00",49,"Y","N"
"205",205,2017-10-08,"LAR",NA,"SEA","L 10-16","Greg Zuerlein\ZuerGr00",35,"Y","N"
"206",206,2017-10-08,"NYJ","@","CLE","W 17-14","Chandler Catanzaro\CataCh00",57,"Y","N"
"207",207,2017-10-08,"BAL","@","OAK","W 30-17","Justin Tucker\TuckJu00",44,"Y","N"
"208",208,2017-10-08,"CAR","@","DET","W 27-24","Graham Gano\GanoGr44",55,"N","N"
"209",209,2017-10-08,"LAC","@","NYG","W 27-22","Nick Novak\novaknic01",20,"Y","N"
"210",210,2017-10-08,"CIN",NA,"BUF","W 20-16","Randy Bullock\BullRa00",29,"Y","N"
"211",211,2017-10-08,"KAN","@","HOU","W 42-34","Harrison Butker\ButkHa00",42,"Y","N"
"212",212,2017-10-08,"BUF","@","CIN","L 16-20","Steven Hauschka\HausSt00",28,"Y","N"
"213",213,2017-10-08,"SEA","@","LAR","W 16-10","Blair Walsh\WalsBl00",49,"Y","N"
"214",214,2017-10-08,"GNB","@","DAL","W 35-31","Mason Crosby\CrosMa20",22,"Y","N"
"215",215,2017-10-08,"SFO","@","IND","L 23-26","Robbie Gould\gouldrob01",28,"Y","N"
"216",216,2017-10-08,"PIT",NA,"JAX","L 9-30","Chris Boswell\BoswCh00",20,"Y","N"
"217",217,2017-10-08,"IND",NA,"SFO","W 26-23","Adam Vinatieri\vinatada01",23,"Y","N"
"218",218,2017-10-08,"OAK",NA,"BAL","L 17-30","Giorgio Tavecchio\TaveGi00",32,"Y","N"
"219",219,2017-10-08,"ARI","@","PHI","L 7-34","Phil Dawson\dawsophi01",51,"N","Y"
"220",220,2017-10-08,"PHI",NA,"ARI","W 34-7","Jake Elliott\ElliJa03",28,"Y","N"
"221",221,2017-10-08,"KAN","@","HOU","W 42-34","Harrison Butker\ButkHa00",35,"Y","N"
"222",222,2017-10-08,"MIA",NA,"TEN","W 16-10","Cody Parkey\ParkCo03",41,"Y","N"
"223",223,2017-10-08,"BAL","@","OAK","W 30-17","Justin Tucker\TuckJu00",21,"Y","N"
"224",224,2017-10-08,"CAR","@","DET","W 27-24","Graham Gano\GanoGr44",44,"Y","N"
"225",225,2017-10-08,"CIN",NA,"BUF","W 20-16","Randy Bullock\BullRa00",30,"Y","N"
"226",226,2017-10-08,"CLE",NA,"NYJ","L 14-17","Zane Gonzalez\GonzZa00",39,"N","N"
"227",227,2017-10-08,"SFO","@","IND","L 23-26","Robbie Gould\gouldrob01",40,"Y","N"
"228",228,2017-10-08,"JAX","@","PIT","W 30-9","Jason Myers\MyerJa00",47,"Y","N"
"229",229,2017-10-08,"IND",NA,"SFO","W 26-23","Adam Vinatieri\vinatada01",51,"Y","N"
"230",230,2017-10-08,"KAN","@","HOU","W 42-34","Harrison Butker\ButkHa00",35,"Y","N"
"231",231,2017-10-08,"BUF","@","CIN","L 16-20","Steven Hauschka\HausSt00",38,"Y","N"
"232",232,2017-10-08,"SEA","@","LAR","W 16-10","Blair Walsh\WalsBl00",48,"Y","N"
"233",233,2017-10-08,"PIT",NA,"JAX","L 9-30","Chris Boswell\BoswCh00",34,"Y","N"
"234",234,2017-10-08,"IND",NA,"SFO","W 26-23","Adam Vinatieri\vinatada01",52,"Y","N"
"235",235,2017-10-05,"NWE","@","TAM","W 19-14","Stephen Gostkowski\GostSt20",45,"Y","N"
"236",236,2017-10-05,"TAM",NA,"NWE","L 14-19","Nick Folk\FolkNi20",49,"N","N"
"237",237,2017-10-05,"NWE","@","TAM","W 19-14","Stephen Gostkowski\GostSt20",23,"Y","N"
"238",238,2017-10-05,"TAM",NA,"NWE","L 14-19","Nick Folk\FolkNi20",56,"N","N"
"239",239,2017-10-05,"NWE","@","TAM","W 19-14","Stephen Gostkowski\GostSt20",48,"Y","N"
"240",240,2017-10-05,"TAM",NA,"NWE","L 14-19","Nick Folk\FolkNi20",31,"N","N"
"241",241,2017-10-05,"NWE","@","TAM","W 19-14","Stephen Gostkowski\GostSt20",27,"Y","N"
"242",242,2017-10-02,"KAN",NA,"WAS","W 29-20","Harrison Butker\ButkHa00",26,"Y","N"
"243",243,2017-10-02,"KAN",NA,"WAS","W 29-20","Harrison Butker\ButkHa00",43,"Y","N"
"244",244,2017-10-02,"WAS","@","KAN","L 20-29","Dustin Hopkins\HopkDu00",40,"Y","N"
"245",245,2017-10-02,"KAN",NA,"WAS","W 29-20","Harrison Butker\ButkHa00",46,"N","N"
"246",246,2017-10-02,"KAN",NA,"WAS","W 29-20","Harrison Butker\ButkHa00",32,"Y","N"
"247",247,2017-10-02,"WAS","@","KAN","L 20-29","Dustin Hopkins\HopkDu00",19,"Y","N"
"248",248,2017-10-01,"ATL",NA,"BUF","L 17-23","Matt Bryant\bryanmat01",28,"Y","N"
"249",249,2017-10-01,"LAR","@","DAL","W 35-30","Greg Zuerlein\ZuerGr00",49,"Y","N"
"250",250,2017-10-01,"ARI",NA,"SFO","W 18-15","Phil Dawson\dawsophi01",32,"Y","N"
"251",251,2017-10-01,"BUF","@","ATL","W 23-17","Steven Hauschka\HausSt00",56,"Y","N"
"252",252,2017-10-01,"DEN",NA,"OAK","W 16-10","Brandon McManus\McMaBr01",46,"Y","N"
"253",253,2017-10-01,"SFO","@","ARI","L 15-18","Robbie Gould\gouldrob01",39,"Y","N"
"254",254,2017-10-01,"PIT","@","BAL","W 26-9","Chris Boswell\BoswCh00",49,"Y","N"
"255",255,2017-10-01,"NWE",NA,"CAR","L 30-33","Stephen Gostkowski\GostSt20",41,"Y","N"
"256",256,2017-10-01,"HOU",NA,"TEN","W 57-14","Ka'imi Fairbairn\FairKa01",33,"Y","N"
"257",257,2017-10-01,"TAM",NA,"NYG","W 25-23","Nick Folk\FolkNi20",46,"N","N"
"258",258,2017-10-01,"NYG","@","TAM","L 23-25","Aldrick Rosas\RosaAl00",30,"Y","N"
"259",259,2017-10-01,"ARI",NA,"SFO","W 18-15","Phil Dawson\dawsophi01",29,"Y","N"
"260",260,2017-10-01,"LAR","@","DAL","W 35-30","Greg Zuerlein\ZuerGr00",43,"Y","N"
"261",261,2017-10-01,"NYJ",NA,"JAX","W 23-20","Chandler Catanzaro\CataCh00",26,"Y","N"
"262",262,2017-10-01,"DET","@","MIN","W 14-7","Matt Prater\PratMa20",29,"Y","N"
"263",263,2017-10-01,"PHI","@","LAC","W 26-24","Jake Elliott\ElliJa03",40,"Y","N"
"264",264,2017-10-01,"NOR","@","MIA","W 20-0","Wil Lutz\LutzWi00",45,"Y","N"
"265",265,2017-10-01,"CIN","@","CLE","W 31-7","Randy Bullock\BullRa00",41,"Y","N"
"266",266,2017-10-01,"JAX","@","NYJ","L 20-23","Jason Myers\MyerJa00",22,"Y","N"
"267",267,2017-10-01,"LAR","@","DAL","W 35-30","Greg Zuerlein\ZuerGr00",44,"Y","N"
"268",268,2017-10-01,"SEA",NA,"IND","W 46-18","Blair Walsh\WalsBl00",37,"N","N"
"269",269,2017-10-01,"SFO","@","ARI","L 15-18","Robbie Gould\gouldrob01",48,"Y","N"
"270",270,2017-10-01,"NWE",NA,"CAR","L 30-33","Stephen Gostkowski\GostSt20",58,"Y","N"
"271",271,2017-10-01,"IND","@","SEA","L 18-46","Adam Vinatieri\vinatada01",40,"Y","N"
"272",272,2017-10-01,"TAM",NA,"NYG","W 25-23","Nick Folk\FolkNi20",49,"N","N"
"273",273,2017-10-01,"ARI",NA,"SFO","W 18-15","Phil Dawson\dawsophi01",50,"Y","N"
"274",274,2017-10-01,"BUF","@","ATL","W 23-17","Steven Hauschka\HausSt00",24,"Y","N"
"275",275,2017-10-01,"DEN",NA,"OAK","W 16-10","Brandon McManus\McMaBr01",36,"Y","N"
"276",276,2017-10-01,"DET","@","MIN","W 14-7","Matt Prater\PratMa20",37,"Y","N"
"277",277,2017-10-01,"PHI","@","LAC","W 26-24","Jake Elliott\ElliJa03",47,"Y","N"
"278",278,2017-10-01,"SFO","@","ARI","L 15-18","Robbie Gould\gouldrob01",49,"Y","N"
"279",279,2017-10-01,"PIT","@","BAL","W 26-9","Chris Boswell\BoswCh00",30,"Y","N"
"280",280,2017-10-01,"HOU",NA,"TEN","W 57-14","Ka'imi Fairbairn\FairKa01",40,"Y","N"
"281",281,2017-10-01,"LAR","@","DAL","W 35-30","Greg Zuerlein\ZuerGr00",28,"Y","N"
"282",282,2017-10-01,"NYJ",NA,"JAX","W 23-20","Chandler Catanzaro\CataCh00",45,"N","N"
"283",283,2017-10-01,"BAL",NA,"PIT","L 9-26","Justin Tucker\TuckJu00",42,"Y","N"
"284",284,2017-10-01,"CAR","@","NWE","W 33-30","Graham Gano\GanoGr44",48,"Y","N"
"285",285,2017-10-01,"PHI","@","LAC","W 26-24","Jake Elliott\ElliJa03",45,"Y","N"
"286",286,2017-10-01,"NOR","@","MIA","W 20-0","Wil Lutz\LutzWi00",43,"Y","N"
"287",287,2017-10-01,"CLE",NA,"CIN","L 7-31","Zane Gonzalez\GonzZa00",48,"N","N"
"288",288,2017-10-01,"JAX","@","NYJ","L 20-23","Jason Myers\MyerJa00",52,"N","N"
"289",289,2017-10-01,"LAR","@","DAL","W 35-30","Greg Zuerlein\ZuerGr00",44,"Y","N"
"290",290,2017-10-01,"DAL",NA,"LAR","L 30-35","Dan Bailey\BailDa00",34,"Y","N"
"291",291,2017-10-01,"BUF","@","ATL","W 23-17","Steven Hauschka\HausSt00",55,"Y","N"
"292",292,2017-10-01,"MIN",NA,"DET","L 7-14","Kai Forbath\ForbKa00",39,"N","N"
"293",293,2017-10-01,"DEN",NA,"OAK","W 16-10","Brandon McManus\McMaBr01",29,"N","N"
"294",294,2017-10-01,"SEA",NA,"IND","W 46-18","Blair Walsh\WalsBl00",44,"Y","N"
"295",295,2017-10-01,"SFO","@","ARI","L 15-18","Robbie Gould\gouldrob01",47,"Y","N"
"296",296,2017-10-01,"PIT","@","BAL","W 26-9","Chris Boswell\BoswCh00",44,"N","N"
"297",297,2017-10-01,"NWE",NA,"CAR","L 30-33","Stephen Gostkowski\GostSt20",35,"Y","N"
"298",298,2017-10-01,"TAM",NA,"NYG","W 25-23","Nick Folk\FolkNi20",20,"Y","N"
"299",299,2017-10-01,"NYG","@","TAM","L 23-25","Aldrick Rosas\RosaAl00",43,"N","N"
"300",300,2017-10-01,"ARI",NA,"SFO","W 18-15","Phil Dawson\dawsophi01",43,"Y","N"
"301",301,2017-10-01,"LAR","@","DAL","W 35-30","Greg Zuerlein\ZuerGr00",33,"Y","N"
"302",302,2017-10-01,"NYJ",NA,"JAX","W 23-20","Chandler Catanzaro\CataCh00",41,"Y","N"
"303",303,2017-10-01,"DEN",NA,"OAK","W 16-10","Brandon McManus\McMaBr01",28,"Y","N"
"304",304,2017-10-01,"LAC",NA,"PHI","L 24-26","YoungHoe Koo\KooxYo00",28,"Y","N"
"305",305,2017-10-01,"DET","@","MIN","W 14-7","Matt Prater\PratMa20",59,"N","N"
"306",306,2017-10-01,"PHI","@","LAC","W 26-24","Jake Elliott\ElliJa03",53,"Y","N"
"307",307,2017-10-01,"HOU",NA,"TEN","W 57-14","Ka'imi Fairbairn\FairKa01",50,"Y","N"
"308",308,2017-10-01,"LAR","@","DAL","W 35-30","Greg Zuerlein\ZuerGr00",30,"Y","N"
"309",309,2017-10-01,"NYJ",NA,"JAX","W 23-20","Chandler Catanzaro\CataCh00",45,"Y","N"
"310",310,2017-10-01,"BAL",NA,"PIT","L 9-26","Justin Tucker\TuckJu00",62,"N","N"
"311",311,2017-10-01,"CAR","@","NWE","W 33-30","Graham Gano\GanoGr44",32,"Y","N"
"312",312,2017-10-01,"NOR","@","MIA","W 20-0","Wil Lutz\LutzWi00",41,"N","N"
"313",313,2017-10-01,"SFO","@","ARI","L 15-18","Robbie Gould\gouldrob01",23,"Y","N"
"314",314,2017-10-01,"JAX","@","NYJ","L 20-23","Jason Myers\MyerJa00",30,"Y","N"
"315",315,2017-10-01,"TAM",NA,"NYG","W 25-23","Nick Folk\FolkNi20",34,"Y","N"
"316",316,2017-10-01,"OAK","@","DEN","L 10-16","Giorgio Tavecchio\TaveGi00",38,"Y","N"
"317",317,2017-09-28,"CHI","@","GNB","L 14-35","Connor Barth\barthco01",47,"N","N"
"318",1,2017-09-25,"ARI",NA,"DAL","L 17-28","Phil Dawson\dawsophi01",37,"Y","N"
"319",2,2017-09-25,"ARI",NA,"DAL","L 17-28","Phil Dawson\dawsophi01",36,"N","N"
"320",3,2017-09-24,"NOR","@","CAR","W 34-13","Wil Lutz\LutzWi00",33,"Y","N"
"321",4,2017-09-24,"NYJ",NA,"MIA","W 20-6","Chandler Catanzaro\CataCh00",40,"Y","N"
"322",5,2017-09-24,"CHI",NA,"PIT","W 23-17","Connor Barth\barthco01",24,"Y","N"
"323",6,2017-09-24,"GNB",NA,"CIN","W 27-24","Mason Crosby\CrosMa20",28,"Y","N"
"324",7,2017-09-24,"MIN",NA,"TAM","W 34-17","Kai Forbath\ForbKa00",37,"Y","N"
"325",8,2017-09-24,"ATL","@","DET","W 30-26","Matt Bryant\bryanmat01",36,"Y","N"
"326",9,2017-09-24,"BUF",NA,"DEN","W 26-16","Steven Hauschka\HausSt00",27,"Y","N"
"327",10,2017-09-24,"CAR",NA,"NOR","L 13-34","Graham Gano\GanoGr44",48,"Y","N"
"328",11,2017-09-24,"CIN","@","GNB","L 24-27","Randy Bullock\BullRa00",46,"Y","N"
"329",12,2017-09-24,"PHI",NA,"NYG","W 27-24","Jake Elliott\ElliJa03",61,"Y","N"
"330",13,2017-09-24,"DEN","@","BUF","L 16-26","Brandon McManus\McMaBr01",38,"Y","N"
"331",14,2017-09-24,"OAK","@","WAS","L 10-27","Giorgio Tavecchio\TaveGi00",22,"Y","N"
"332",15,2017-09-24,"DET",NA,"ATL","L 26-30","Matt Prater\PratMa20",57,"Y","N"
"333",16,2017-09-24,"HOU","@","NWE","L 33-36","Ka'imi Fairbairn\FairKa01",40,"Y","N"
"334",17,2017-09-24,"LAC",NA,"KAN","L 10-24","YoungHoe Koo\KooxYo00",29,"Y","N"
"335",18,2017-09-24,"JAX",NA,"BAL","W 44-7","Jason Myers\MyerJa00",23,"Y","N"
"336",19,2017-09-24,"NOR","@","CAR","W 34-13","Wil Lutz\LutzWi00",56,"N","N"
"337",20,2017-09-24,"BUF",NA,"DEN","W 26-16","Steven Hauschka\HausSt00",49,"Y","N"
"338",21,2017-09-24,"NYG","@","PHI","L 24-27","Aldrick Rosas\RosaAl00",41,"Y","N"
"339",22,2017-09-24,"TEN",NA,"SEA","W 33-27","Ryan Succop\SuccRy44",37,"Y","N"
"340",23,2017-09-24,"PIT","@","CHI","L 17-23","Chris Boswell\BoswCh00",35,"N","Y"
"341",24,2017-09-24,"DET",NA,"ATL","L 26-30","Matt Prater\PratMa20",55,"Y","N"
"342",25,2017-09-24,"KAN","@","LAC","W 24-10","Cairo Santos\SantCa01",34,"Y","N"
"343",26,2017-09-24,"WAS",NA,"OAK","W 27-10","Dustin Hopkins\HopkDu00",23,"Y","N"
"344",27,2017-09-24,"ATL","@","DET","W 30-26","Matt Bryant\bryanmat01",40,"Y","N"
"345",28,2017-09-24,"NYJ",NA,"MIA","W 20-6","Chandler Catanzaro\CataCh00",45,"N","N"
"346",29,2017-09-24,"CHI",NA,"PIT","W 23-17","Connor Barth\barthco01",47,"N","N"
"347",30,2017-09-24,"DEN","@","BUF","L 16-26","Brandon McManus\McMaBr01",28,"Y","N"
"348",31,2017-09-24,"HOU","@","NWE","L 33-36","Ka'imi Fairbairn\FairKa01",36,"Y","N"
"349",32,2017-09-24,"JAX",NA,"BAL","W 44-7","Jason Myers\MyerJa00",29,"Y","N"
"350",33,2017-09-24,"MIN",NA,"TAM","W 34-17","Kai Forbath\ForbKa00",20,"Y","N"
"351",34,2017-09-24,"BUF",NA,"DEN","W 26-16","Steven Hauschka\HausSt00",53,"Y","N"
"352",35,2017-09-24,"CAR",NA,"NOR","L 13-34","Graham Gano\GanoGr44",32,"Y","N"
"353",36,2017-09-24,"CIN","@","GNB","L 24-27","Randy Bullock\BullRa00",48,"N","N"
"354",37,2017-09-24,"TEN",NA,"SEA","W 33-27","Ryan Succop\SuccRy44",35,"Y","N"
"355",38,2017-09-24,"IND",NA,"CLE","W 31-28","Adam Vinatieri\vinatada01",33,"Y","N"
"356",39,2017-09-24,"PHI",NA,"NYG","W 27-24","Jake Elliott\ElliJa03",46,"Y","N"
"357",40,2017-09-24,"DET",NA,"ATL","L 26-30","Matt Prater\PratMa20",35,"Y","N"
"358",41,2017-09-24,"HOU","@","NWE","L 33-36","Ka'imi Fairbairn\FairKa01",39,"Y","N"
"359",42,2017-09-24,"TAM","@","MIN","L 17-34","Nick Folk\FolkNi20",40,"Y","N"
"360",43,2017-09-24,"NOR","@","CAR","W 34-13","Wil Lutz\LutzWi00",50,"Y","N"
"361",44,2017-09-24,"NYJ",NA,"MIA","W 20-6","Chandler Catanzaro\CataCh00",22,"Y","N"
"362",45,2017-09-24,"TEN",NA,"SEA","W 33-27","Ryan Succop\SuccRy44",24,"Y","N"
"363",46,2017-09-24,"GNB",NA,"CIN","W 27-24","Mason Crosby\CrosMa20",27,"Y","N"
"364",47,2017-09-24,"WAS",NA,"OAK","W 27-10","Dustin Hopkins\HopkDu00",52,"N","N"
"365",48,2017-09-24,"ATL","@","DET","W 30-26","Matt Bryant\bryanmat01",48,"Y","N"
"366",49,2017-09-24,"DEN","@","BUF","L 16-26","Brandon McManus\McMaBr01",35,"Y","N"
"367",50,2017-09-24,"HOU","@","NWE","L 33-36","Ka'imi Fairbairn\FairKa01",31,"Y","N"
"368",51,2017-09-24,"JAX",NA,"BAL","W 44-7","Jason Myers\MyerJa00",45,"Y","N"
"369",52,2017-09-24,"BUF",NA,"DEN","W 26-16","Steven Hauschka\HausSt00",55,"Y","N"
"370",53,2017-09-24,"TEN",NA,"SEA","W 33-27","Ryan Succop\SuccRy44",47,"Y","N"
"371",54,2017-09-24,"PHI",NA,"NYG","W 27-24","Jake Elliott\ElliJa03",52,"N","N"
"372",55,2017-09-24,"PIT","@","CHI","L 17-23","Chris Boswell\BoswCh00",32,"Y","N"
"373",56,2017-09-24,"DET",NA,"ATL","L 26-30","Matt Prater\PratMa20",40,"Y","N"
"374",57,2017-09-24,"WAS",NA,"OAK","W 27-10","Dustin Hopkins\HopkDu00",28,"Y","N"
"375",58,2017-09-21,"SFO",NA,"LAR","L 39-41","Robbie Gould\gouldrob01",48,"Y","N"
"376",59,2017-09-21,"SFO",NA,"LAR","L 39-41","Robbie Gould\gouldrob01",36,"Y","N"
"377",60,2017-09-21,"LAR","@","SFO","W 41-39","Greg Zuerlein\ZuerGr00",19,"Y","N"
"378",61,2017-09-21,"LAR","@","SFO","W 41-39","Greg Zuerlein\ZuerGr00",48,"Y","N"
"379",62,2017-09-18,"NYG",NA,"DET","L 10-24","Aldrick Rosas\RosaAl00",25,"Y","N"
"380",63,2017-09-18,"DET","@","NYG","W 24-10","Matt Prater\PratMa20",56,"Y","N"
"381",64,2017-09-17,"TEN","@","JAX","W 37-16","Ryan Succop\SuccRy44",26,"Y","N"
"382",65,2017-09-17,"PHI","@","KAN","L 20-27","Jake Elliott\ElliJa03",34,"Y","N"
"383",66,2017-09-17,"ARI","@","IND","W 16-13","Phil Dawson\dawsophi01",40,"Y","N"
"384",67,2017-09-17,"PIT",NA,"MIN","W 26-9","Chris Boswell\BoswCh00",37,"Y","N"
"385",68,2017-09-17,"BAL",NA,"CLE","W 24-10","Justin Tucker\TuckJu00",28,"Y","N"
"386",69,2017-09-17,"KAN",NA,"PHI","W 27-20","Cairo Santos\SantCa01",34,"Y","N"
"387",70,2017-09-17,"MIA","@","LAC","W 19-17","Cody Parkey\ParkCo03",28,"Y","N"
"388",71,2017-09-17,"WAS","@","LAR","W 27-20","Dustin Hopkins\HopkDu00",51,"N","N"
"389",72,2017-09-17,"NOR",NA,"NWE","L 20-36","Wil Lutz\LutzWi00",46,"Y","N"
"390",73,2017-09-17,"NWE","@","NOR","W 36-20","Stephen Gostkowski\GostSt20",28,"Y","N"
"391",74,2017-09-17,"NYJ","@","OAK","L 20-45","Chandler Catanzaro\CataCh00",46,"Y","N"
"392",75,2017-09-17,"SFO","@","SEA","L 9-12","Robbie Gould\gouldrob01",37,"Y","N"
"393",76,2017-09-17,"CAR",NA,"BUF","W 9-3","Graham Gano\GanoGr44",28,"Y","N"
"394",77,2017-09-17,"IND",NA,"ARI","L 13-16","Adam Vinatieri\vinatada01",46,"Y","N"
"395",78,2017-09-17,"PHI","@","KAN","L 20-27","Jake Elliott\ElliJa03",40,"Y","N"
"396",79,2017-09-17,"ARI","@","IND","W 16-13","Phil Dawson\dawsophi01",30,"Y","N"
"397",80,2017-09-17,"LAR",NA,"WAS","L 20-27","Greg Zuerlein\ZuerGr00",40,"Y","N"
"398",81,2017-09-17,"LAC",NA,"MIA","L 17-19","YoungHoe Koo\KooxYo00",41,"Y","N"
"399",82,2017-09-17,"SEA",NA,"SFO","W 12-9","Blair Walsh\WalsBl00",27,"Y","N"
"400",83,2017-09-17,"TAM",NA,"CHI","W 29-7","Nick Folk\FolkNi20",50,"Y","N"
"401",84,2017-09-17,"MIA","@","LAC","W 19-17","Cody Parkey\ParkCo03",54,"Y","N"
"402",85,2017-09-17,"NOR",NA,"NWE","L 20-36","Wil Lutz\LutzWi00",49,"N","N"
"403",86,2017-09-17,"NWE","@","NOR","W 36-20","Stephen Gostkowski\GostSt20",27,"Y","N"
"404",87,2017-09-17,"TEN","@","JAX","W 37-16","Ryan Succop\SuccRy44",41,"Y","N"
"405",88,2017-09-17,"CLE","@","BAL","L 10-24","Zane Gonzalez\GonzZa00",38,"Y","N"
"406",89,2017-09-17,"ARI","@","IND","W 16-13","Phil Dawson\dawsophi01",27,"Y","N"
"407",90,2017-09-17,"PIT",NA,"MIN","W 26-9","Chris Boswell\BoswCh00",29,"Y","N"
"408",91,2017-09-17,"GNB","@","ATL","L 23-34","Mason Crosby\CrosMa20",28,"Y","N"
"409",92,2017-09-17,"BAL",NA,"CLE","W 24-10","Justin Tucker\TuckJu00",58,"N","N"
"410",93,2017-09-17,"MIA","@","LAC","W 19-17","Cody Parkey\ParkCo03",30,"Y","N"
"411",94,2017-09-17,"WAS","@","LAR","W 27-20","Dustin Hopkins\HopkDu00",22,"Y","N"
"412",95,2017-09-17,"ATL",NA,"GNB","W 34-23","Matt Bryant\bryanmat01",53,"Y","N"
"413",96,2017-09-17,"DEN",NA,"DAL","W 42-17","Brandon McManus\McMaBr01",49,"N","N"
"414",97,2017-09-17,"OAK",NA,"NYJ","W 45-20","Giorgio Tavecchio\TaveGi00",29,"Y","N"
"415",98,2017-09-17,"LAC",NA,"MIA","L 17-19","YoungHoe Koo\KooxYo00",44,"N","N"
"416",99,2017-09-17,"JAX",NA,"TEN","L 16-37","Jason Myers\MyerJa00",43,"Y","N"
"417",100,2017-09-17,"SFO","@","SEA","L 9-12","Robbie Gould\gouldrob01",40,"Y","N"
"418",101,2017-09-17,"BUF","@","CAR","L 3-9","Steven Hauschka\HausSt00",45,"Y","N"
"419",102,2017-09-17,"CAR",NA,"BUF","W 9-3","Graham Gano\GanoGr44",34,"Y","N"
"420",103,2017-09-17,"PHI","@","KAN","L 20-27","Jake Elliott\ElliJa03",30,"N","N"
"421",104,2017-09-17,"ARI","@","IND","W 16-13","Phil Dawson\dawsophi01",42,"N","N"
"422",105,2017-09-17,"PIT",NA,"MIN","W 26-9","Chris Boswell\BoswCh00",43,"Y","N"
"423",106,2017-09-17,"DAL","@","DEN","L 17-42","Dan Bailey\BailDa00",56,"Y","N"
"424",107,2017-09-17,"LAR",NA,"WAS","L 20-27","Greg Zuerlein\ZuerGr00",32,"Y","N"
"425",108,2017-09-17,"SEA",NA,"SFO","W 12-9","Blair Walsh\WalsBl00",25,"Y","N"
"426",109,2017-09-17,"KAN",NA,"PHI","W 27-20","Cairo Santos\SantCa01",39,"Y","N"
"427",110,2017-09-17,"TAM",NA,"CHI","W 29-7","Nick Folk\FolkNi20",42,"Y","N"
"428",111,2017-09-17,"MIA","@","LAC","W 19-17","Cody Parkey\ParkCo03",35,"Y","N"
"429",112,2017-09-17,"NOR",NA,"NWE","L 20-36","Wil Lutz\LutzWi00",35,"Y","N"
"430",113,2017-09-17,"NWE","@","NOR","W 36-20","Stephen Gostkowski\GostSt20",24,"Y","N"
"431",114,2017-09-17,"NYJ","@","OAK","L 20-45","Chandler Catanzaro\CataCh00",40,"Y","N"
"432",115,2017-09-17,"TEN","@","JAX","W 37-16","Ryan Succop\SuccRy44",40,"Y","N"
"433",116,2017-09-17,"PIT",NA,"MIN","W 26-9","Chris Boswell\BoswCh00",46,"Y","N"
"434",117,2017-09-17,"SFO","@","SEA","L 9-12","Robbie Gould\gouldrob01",34,"Y","N"
"435",118,2017-09-17,"WAS","@","LAR","W 27-20","Dustin Hopkins\HopkDu00",41,"Y","N"
"436",119,2017-09-17,"MIN","@","PIT","L 9-26","Kai Forbath\ForbKa00",42,"Y","N"
"437",120,2017-09-17,"ATL",NA,"GNB","W 34-23","Matt Bryant\bryanmat01",51,"Y","N"
"438",121,2017-09-17,"CAR",NA,"BUF","W 9-3","Graham Gano\GanoGr44",20,"Y","N"
"439",122,2017-09-17,"IND",NA,"ARI","L 13-16","Adam Vinatieri\vinatada01",29,"Y","N"
"440",123,2017-09-17,"LAC",NA,"MIA","L 17-19","YoungHoe Koo\KooxYo00",43,"N","N"
"441",124,2017-09-17,"TAM",NA,"CHI","W 29-7","Nick Folk\FolkNi20",23,"Y","N"
"442",125,2017-09-14,"CIN",NA,"HOU","L 9-13","Randy Bullock\BullRa00",29,"Y","N"
"443",126,2017-09-14,"HOU","@","CIN","W 13-9","Ka'imi Fairbairn\FairKa01",26,"Y","N"
"444",127,2017-09-14,"CIN",NA,"HOU","L 9-13","Randy Bullock\BullRa00",39,"Y","N"
"445",128,2017-09-14,"CIN",NA,"HOU","L 9-13","Randy Bullock\BullRa00",30,"Y","N"
"446",129,2017-09-14,"HOU","@","CIN","W 13-9","Ka'imi Fairbairn\FairKa01",42,"Y","N"
"447",130,2017-09-11,"MIN",NA,"NOR","W 29-19","Kai Forbath\ForbKa00",45,"Y","N"
"448",131,2017-09-11,"NOR","@","MIN","L 19-29","Wil Lutz\LutzWi00",21,"Y","N"
"449",132,2017-09-11,"DEN",NA,"LAC","W 24-21","Brandon McManus\McMaBr01",20,"Y","N"
"450",133,2017-09-11,"NOR","@","MIN","L 19-29","Wil Lutz\LutzWi00",20,"Y","N"
"451",134,2017-09-11,"MIN",NA,"NOR","W 29-19","Kai Forbath\ForbKa00",32,"Y","N"
"452",135,2017-09-11,"LAC","@","DEN","L 21-24","YoungHoe Koo\KooxYo00",44,"N","Y"
"453",136,2017-09-11,"NOR","@","MIN","L 19-29","Wil Lutz\LutzWi00",43,"Y","N"
"454",137,2017-09-11,"NOR","@","MIN","L 19-29","Wil Lutz\LutzWi00",24,"Y","N"
"455",138,2017-09-11,"DEN",NA,"LAC","W 24-21","Brandon McManus\McMaBr01",50,"N","N"
"456",139,2017-09-11,"MIN",NA,"NOR","W 29-19","Kai Forbath\ForbKa00",24,"Y","N"
"457",140,2017-09-10,"ATL","@","CHI","W 23-17","Matt Bryant\bryanmat01",48,"Y","N"
"458",141,2017-09-10,"BUF",NA,"NYJ","W 21-12","Steven Hauschka\HausSt00",46,"N","N"
"459",142,2017-09-10,"NYG","@","DAL","L 3-19","Aldrick Rosas\RosaAl00",25,"Y","N"
"460",143,2017-09-10,"CAR","@","SFO","W 23-3","Graham Gano\GanoGr44",20,"Y","N"
"461",144,2017-09-10,"IND","@","LAR","L 9-46","Adam Vinatieri\vinatada01",20,"Y","N"
"462",145,2017-09-10,"DAL",NA,"NYG","W 19-3","Dan Bailey\BailDa00",36,"Y","N"
"463",146,2017-09-10,"OAK","@","TEN","W 26-16","Giorgio Tavecchio\TaveGi00",20,"Y","N"
"464",147,2017-09-10,"DET",NA,"ARI","W 35-23","Matt Prater\PratMa20",58,"Y","N"
"465",148,2017-09-10,"LAR",NA,"IND","W 46-9","Greg Zuerlein\ZuerGr00",44,"Y","N"
"466",149,2017-09-10,"JAX","@","HOU","W 29-7","Jason Myers\MyerJa00",42,"Y","N"
"467",150,2017-09-10,"SEA","@","GNB","L 9-17","Blair Walsh\WalsBl00",41,"Y","N"
"468",151,2017-09-10,"TEN",NA,"OAK","L 16-26","Ryan Succop\SuccRy44",52,"N","N"
"469",152,2017-09-10,"PHI","@","WAS","W 30-17","Caleb Sturgis\SturCa00",50,"Y","N"
"470",153,2017-09-10,"ARI","@","DET","L 23-35","Phil Dawson\dawsophi01",24,"Y","N"
"471",154,2017-09-10,"DAL",NA,"NYG","W 19-3","Dan Bailey\BailDa00",21,"Y","N"
"472",155,2017-09-10,"OAK","@","TEN","W 26-16",NA,52,"Y","N"
"473",156,2017-09-10,"BAL","@","CIN","W 20-0","Justin Tucker\TuckJu00",25,"Y","N"
"474",157,2017-09-10,"WAS",NA,"PHI","L 17-30","Dustin Hopkins\HopkDu00",33,"Y","N"
"475",158,2017-09-10,"ATL","@","CHI","W 23-17","Matt Bryant\bryanmat01",37,"Y","N"
"476",159,2017-09-10,"TEN",NA,"OAK","L 16-26","Ryan Succop\SuccRy44",23,"Y","N"
"477",160,2017-09-10,"OAK","@","TEN","W 26-16","Giorgio Tavecchio\TaveGi00",52,"Y","N"
"478",161,2017-09-10,"JAX","@","HOU","W 29-7","Jason Myers\MyerJa00",39,"N","N"
"479",162,2017-09-10,"CAR","@","SFO","W 23-3","Graham Gano\GanoGr44",36,"Y","N"
"480",163,2017-09-10,"PHI","@","WAS","W 30-17","Caleb Sturgis\SturCa00",37,"Y","N"
"481",164,2017-09-10,"DAL",NA,"NYG","W 19-3","Dan Bailey\BailDa00",42,"Y","N"
"482",165,2017-09-10,"OAK","@","TEN","W 26-16",NA,43,"Y","N"
"483",166,2017-09-10,"LAR",NA,"IND","W 46-9","Greg Zuerlein\ZuerGr00",35,"Y","N"
"484",167,2017-09-10,"SEA","@","GNB","L 9-17","Blair Walsh\WalsBl00",21,"Y","N"
"485",168,2017-09-10,"NYJ","@","BUF","L 12-21","Chandler Catanzaro\CataCh00",52,"Y","N"
"486",169,2017-09-10,"TEN",NA,"OAK","L 16-26","Ryan Succop\SuccRy44",52,"Y","N"
"487",170,2017-09-10,"OAK","@","TEN","W 26-16",NA,20,"Y","N"
"488",171,2017-09-10,"ATL","@","CHI","W 23-17","Matt Bryant\bryanmat01",28,"Y","N"
"489",172,2017-09-10,"IND","@","LAR","L 9-46","Adam Vinatieri\vinatada01",38,"N","N"
"490",173,2017-09-10,"OAK","@","TEN","W 26-16","Giorgio Tavecchio\TaveGi00",52,"Y","N"
"491",174,2017-09-10,"JAX","@","HOU","W 29-7","Jason Myers\MyerJa00",25,"Y","N"
"492",175,2017-09-10,"CAR","@","SFO","W 23-3","Graham Gano\GanoGr44",39,"Y","N"
"493",176,2017-09-10,"CHI",NA,"ATL","L 17-23","Connor Barth\barthco01",54,"Y","N"
"494",177,2017-09-10,"CLE",NA,"PIT","L 18-21","Zane Gonzalez\GonzZa00",24,"Y","N"
"495",178,2017-09-10,"PHI","@","WAS","W 30-17","Caleb Sturgis\SturCa00",42,"Y","N"
"496",179,2017-09-10,"ARI","@","DET","L 23-35","Phil Dawson\dawsophi01",32,"N","N"
"497",180,2017-09-10,"DAL",NA,"NYG","W 19-3","Dan Bailey\BailDa00",48,"Y","N"
"498",181,2017-09-10,"OAK","@","TEN","W 26-16",NA,52,"Y","N"
"499",182,2017-09-10,"LAR",NA,"IND","W 46-9","Greg Zuerlein\ZuerGr00",50,"Y","N"
"500",183,2017-09-10,"GNB",NA,"SEA","W 17-9","Mason Crosby\CrosMa20",40,"Y","N"
"501",184,2017-09-10,"BAL","@","CIN","W 20-0","Justin Tucker\TuckJu00",25,"Y","N"
"502",185,2017-09-10,"SEA","@","GNB","L 9-17","Blair Walsh\WalsBl00",33,"Y","N"
"503",186,2017-09-10,"NYJ","@","BUF","L 12-21","Chandler Catanzaro\CataCh00",48,"Y","N"
"504",187,2017-09-10,"TEN",NA,"OAK","L 16-26","Ryan Succop\SuccRy44",26,"Y","N"
"505",188,2017-09-10,"OAK","@","TEN","W 26-16","Giorgio Tavecchio\TaveGi00",43,"Y","N"
"506",189,2017-09-10,"JAX","@","HOU","W 29-7","Jason Myers\MyerJa00",38,"Y","N"
"507",190,2017-09-10,"SFO",NA,"CAR","L 3-23","Robbie Gould\gouldrob01",44,"Y","N"
"508",191,2017-09-07,"NWE",NA,"KAN","L 27-42","Stephen Gostkowski\GostSt20",32,"Y","N"
"509",192,2017-09-07,"NWE",NA,"KAN","L 27-42","Stephen Gostkowski\GostSt20",25,"Y","N"
"510",193,NA,"MIA","@","LAC","W 19-17","Cody Parkey\ParkCo03",35,"Y","N"
"511",194,NA,"MIA","@","LAC","W 19-17","Cody Parkey\ParkCo03",28,"Y","N"
"512",195,NA,"MIA","@","LAC","W 19-17","Cody Parkey\ParkCo03",54,"Y","N"
"513",196,NA,"MIA","@","LAC","W 19-17","Cody Parkey\ParkCo03",30,"Y","N"
