Rk,Date,Tm,,Opp,Result,,Dist,Good?,Blk?
1,2017-01-01,TAM,,CAR,W 17-16,Roberto Aguayo\AguaRo00,46,N,N
2,2017-01-01,KAN,@,SDG,W 37-27,Cairo Santos\SantCa01,37,Y,N
3,2017-01-01,SDG,,KAN,L 27-37,Josh Lambo\LambJo00,29,Y,N
4,2017-01-01,DEN,,OAK,W 24-6,Brandon McManus\McMaBr01,48,N,N
5,2017-01-01,LAR,,ARI,L 6-44,Greg Zuerlein\ZuerGr00,37,Y,N
6,2017-01-01,CIN,,BAL,W 27-10,Randy Bullock\BullRa00,24,Y,N
7,2017-01-01,BUF,@,NYJ,L 10-30,Dan Carpenter\CarpDa44,34,Y,N
8,2017-01-01,BAL,@,CIN,L 10-27,Justin Tucker\TuckJu00,30,Y,N
9,2017-01-01,CAR,@,TAM,L 16-17,Graham Gano\GanoGr44,54,Y,N
10,2017-01-01,NWE,@,MIA,W 35-14,Stephen Gostkowski\GostSt20,26,Y,N
11,2017-01-01,CHI,@,MIN,L 10-38,Connor Barth\barthco01,29,Y,N
12,2017-01-01,SEA,@,SFO,W 25-23,Steven Hauschka\HausSt00,28,Y,N
13,2017-01-01,ARI,@,LAR,W 44-6,Chandler Catanzaro\CataCh00,34,Y,N
14,2017-01-01,JAX,@,IND,L 20-24,Jason Myers\MyerJa00,41,Y,N
15,2017-01-01,DAL,@,PHI,L 13-27,Dan Bailey\BailDa00,49,Y,N
16,2017-01-01,NOR,@,ATL,L 32-38,Wil Lutz\LutzWi00,19,Y,N
17,2017-01-01,IND,,JAX,W 24-20,Adam Vinatieri\vinatada01,45,Y,N
18,2017-01-01,HOU,@,TEN,L 17-24,Nick Novak\novaknic01,45,N,N
19,2017-01-01,WAS,,NYG,L 10-19,Dustin Hopkins\HopkDu00,57,N,N
20,2017-01-01,SEA,@,SFO,W 25-23,Steven Hauschka\HausSt00,31,Y,N
21,2017-01-01,PHI,,DAL,W 27-13,Caleb Sturgis\SturCa00,22,Y,N
22,2017-01-01,JAX,@,IND,L 20-24,Jason Myers\MyerJa00,47,Y,N
23,2017-01-01,NYJ,,BUF,W 30-10,Nick Folk\FolkNi20,36,Y,N
24,2017-01-01,GNB,@,DET,W 31-24,Mason Crosby\CrosMa20,53,Y,N
25,2017-01-01,CLE,@,PIT,L 24-27,Cody Parkey\ParkCo03,49,N,N
26,2017-01-01,TAM,,CAR,W 17-16,Roberto Aguayo\AguaRo00,33,Y,N
27,2017-01-01,KAN,@,SDG,W 37-27,Cairo Santos\SantCa01,25,Y,N
28,2017-01-01,SDG,,KAN,L 27-37,Josh Lambo\LambJo00,35,Y,N
29,2017-01-01,DEN,,OAK,W 24-6,Brandon McManus\McMaBr01,22,Y,N
30,2017-01-01,ATL,,NOR,W 38-32,Matt Bryant\bryanmat01,22,Y,N
31,2017-01-01,CIN,,BAL,W 27-10,Randy Bullock\BullRa00,23,Y,N
32,2017-01-01,CAR,@,TAM,L 16-17,Graham Gano\GanoGr44,58,N,N
33,2017-01-01,NWE,@,MIA,W 35-14,Stephen Gostkowski\GostSt20,40,Y,N
34,2017-01-01,SEA,@,SFO,W 25-23,Steven Hauschka\HausSt00,33,Y,N
35,2017-01-01,PHI,,DAL,W 27-13,Caleb Sturgis\SturCa00,33,Y,N
36,2017-01-01,NYG,@,WAS,W 19-10,Robbie Gould\gouldrob01,40,Y,N
37,2017-01-01,ARI,@,LAR,W 44-6,Chandler Catanzaro\CataCh00,32,Y,N
38,2017-01-01,MIN,,CHI,W 38-10,Kai Forbath\ForbKa00,21,Y,N
39,2017-01-01,DET,,GNB,L 24-31,Matt Prater\PratMa20,54,Y,N
40,2017-01-01,JAX,@,IND,L 20-24,Jason Myers\MyerJa00,54,N,N
41,2017-01-01,TAM,,CAR,W 17-16,Roberto Aguayo\AguaRo00,48,N,Y
42,2017-01-01,IND,,JAX,W 24-20,Adam Vinatieri\vinatada01,48,N,N
43,2017-01-01,LAR,,ARI,L 6-44,Greg Zuerlein\ZuerGr00,36,Y,N
44,2017-01-01,NYJ,,BUF,W 30-10,Nick Folk\FolkNi20,30,Y,N
45,2017-01-01,KAN,@,SDG,W 37-27,Cairo Santos\SantCa01,35,Y,N
46,2017-01-01,CAR,@,TAM,L 16-17,Graham Gano\GanoGr44,36,N,N
47,2017-01-01,NWE,@,MIA,W 35-14,Stephen Gostkowski\GostSt20,52,N,N
48,2017-01-01,ARI,@,LAR,W 44-6,Chandler Catanzaro\CataCh00,47,Y,N
49,2017-01-01,DAL,@,PHI,L 13-27,Dan Bailey\BailDa00,23,Y,N
50,2017-01-01,NOR,@,ATL,L 32-38,Wil Lutz\LutzWi00,40,Y,N
51,2017-01-01,CLE,@,PIT,L 24-27,Cody Parkey\ParkCo03,34,Y,N
52,2017-01-01,TEN,,HOU,W 24-17,Ryan Succop\SuccRy44,35,Y,N
53,2017-01-01,CAR,@,TAM,L 16-17,Graham Gano\GanoGr44,45,N,N
54,2017-01-01,HOU,@,TEN,L 17-24,Nick Novak\novaknic01,26,Y,N
55,2017-01-01,WAS,,NYG,L 10-19,Dustin Hopkins\HopkDu00,32,Y,N
56,2017-01-01,SEA,@,SFO,W 25-23,Steven Hauschka\HausSt00,32,Y,N
57,2017-01-01,PHI,,DAL,W 27-13,Caleb Sturgis\SturCa00,49,N,N
58,2017-01-01,NYG,@,WAS,W 19-10,Robbie Gould\gouldrob01,22,Y,N
59,2017-01-01,DET,,GNB,L 24-31,Matt Prater\PratMa20,39,N,N
60,2017-01-01,JAX,@,IND,L 20-24,Jason Myers\MyerJa00,30,N,N
61,2017-01-01,NYJ,,BUF,W 30-10,Nick Folk\FolkNi20,25,Y,N
62,2016-12-26,DET,@,DAL,L 21-42,Matt Prater\PratMa20,47,N,N
63,2016-12-25,PIT,,BAL,W 31-27,Chris Boswell\BoswCh00,36,Y,N
64,2016-12-25,KAN,,DEN,W 33-10,Cairo Santos\SantCa01,39,Y,N
65,2016-12-25,BAL,@,PIT,L 27-31,Justin Tucker\TuckJu00,38,Y,N
66,2016-12-25,BAL,@,PIT,L 27-31,Justin Tucker\TuckJu00,23,Y,N
67,2016-12-25,KAN,,DEN,W 33-10,Cairo Santos\SantCa01,27,Y,N
68,2016-12-25,BAL,@,PIT,L 27-31,Justin Tucker\TuckJu00,41,Y,N
69,2016-12-25,DEN,@,KAN,L 10-33,Brandon McManus\McMaBr01,52,Y,N
70,2016-12-25,BAL,@,PIT,L 27-31,Justin Tucker\TuckJu00,46,Y,N
71,2016-12-25,KAN,,DEN,W 33-10,Cairo Santos\SantCa01,39,N,N
72,2016-12-24,CAR,,ATL,L 16-33,Graham Gano\GanoGr44,31,Y,N
73,2016-12-24,IND,@,OAK,L 25-33,Adam Vinatieri\vinatada01,42,Y,N
74,2016-12-24,HOU,,CIN,W 12-10,Nick Novak\novaknic01,25,Y,N
75,2016-12-24,WAS,@,CHI,W 41-21,Dustin Hopkins\HopkDu00,29,Y,N
76,2016-12-24,SEA,,ARI,L 31-34,Steven Hauschka\HausSt00,45,N,Y
77,2016-12-24,JAX,,TEN,W 38-17,Jason Myers\MyerJa00,56,Y,N
78,2016-12-24,NYJ,@,NWE,L 3-41,Nick Folk\FolkNi20,29,Y,N
79,2016-12-24,CLE,,SDG,W 20-17,Cody Parkey\ParkCo03,49,Y,N
80,2016-12-24,SDG,@,CLE,L 17-20,Josh Lambo\LambJo00,32,N,Y
81,2016-12-24,MIA,@,BUF,W 34-31,Andrew Franks\FranAn01,27,Y,N
82,2016-12-24,ATL,@,CAR,W 33-16,Matt Bryant\bryanmat01,29,Y,N
83,2016-12-24,CIN,@,HOU,L 10-12,Randy Bullock\BullRa00,43,Y,N
84,2016-12-24,BUF,,MIA,L 31-34,Dan Carpenter\CarpDa44,46,N,N
85,2016-12-24,TEN,@,JAX,L 17-38,Ryan Succop\SuccRy44,42,Y,N
86,2016-12-24,CAR,,ATL,L 16-33,Graham Gano\GanoGr44,31,Y,N
87,2016-12-24,NWE,,NYJ,W 41-3,Stephen Gostkowski\GostSt20,29,Y,N
88,2016-12-24,ATL,@,CAR,W 33-16,Matt Bryant\bryanmat01,51,Y,N
89,2016-12-24,ARI,@,SEA,W 34-31,Chandler Catanzaro\CataCh00,42,Y,N
90,2016-12-24,MIN,@,GNB,L 25-38,Kai Forbath\ForbKa00,22,Y,N
91,2016-12-24,NOR,,TAM,W 31-24,Wil Lutz\LutzWi00,42,Y,N
92,2016-12-24,JAX,,TEN,W 38-17,Jason Myers\MyerJa00,48,Y,N
93,2016-12-24,BUF,,MIA,L 31-34,Dan Carpenter\CarpDa44,45,N,N
94,2016-12-24,NYJ,@,NWE,L 3-41,Nick Folk\FolkNi20,34,N,N
95,2016-12-24,SDG,@,CLE,L 17-20,Josh Lambo\LambJo00,43,Y,N
96,2016-12-24,MIA,@,BUF,W 34-31,Andrew Franks\FranAn01,55,Y,N
97,2016-12-24,CHI,,WAS,L 21-41,Connor Barth\barthco01,22,N,Y
98,2016-12-24,ATL,@,CAR,W 33-16,Matt Bryant\bryanmat01,30,N,Y
99,2016-12-24,NOR,,TAM,W 31-24,Wil Lutz\LutzWi00,21,Y,N
100,2016-12-24,CAR,,ATL,L 16-33,Graham Gano\GanoGr44,40,Y,N
101,2016-12-24,HOU,,CIN,W 12-10,Nick Novak\novaknic01,22,Y,N
102,2016-12-24,WAS,@,CHI,W 41-21,Dustin Hopkins\HopkDu00,20,Y,N
103,2016-12-24,SEA,,ARI,L 31-34,Steven Hauschka\HausSt00,27,Y,N
104,2016-12-24,ARI,@,SEA,W 34-31,Chandler Catanzaro\CataCh00,53,N,N
105,2016-12-24,JAX,,TEN,W 38-17,Jason Myers\MyerJa00,50,Y,N
106,2016-12-24,GNB,,MIN,W 38-25,Mason Crosby\CrosMa20,48,Y,N
107,2016-12-24,CLE,,SDG,W 20-17,Cody Parkey\ParkCo03,27,Y,N
108,2016-12-24,SDG,@,CLE,L 17-20,Josh Lambo\LambJo00,45,N,N
109,2016-12-24,ATL,@,CAR,W 33-16,Matt Bryant\bryanmat01,50,Y,N
110,2016-12-24,JAX,,TEN,W 38-17,Jason Myers\MyerJa00,29,Y,N
111,2016-12-24,CIN,@,HOU,L 10-12,Randy Bullock\BullRa00,43,N,N
112,2016-12-24,BUF,,MIA,L 31-34,Dan Carpenter\CarpDa44,28,Y,N
113,2016-12-24,TAM,@,NOR,L 24-31,Roberto Aguayo\AguaRo00,35,Y,N
114,2016-12-24,NWE,,NYJ,W 41-3,Stephen Gostkowski\GostSt20,22,Y,N
115,2016-12-24,MIA,@,BUF,W 34-31,Andrew Franks\FranAn01,46,N,N
116,2016-12-24,ATL,@,CAR,W 33-16,Matt Bryant\bryanmat01,48,Y,N
117,2016-12-24,ARI,@,SEA,W 34-31,Chandler Catanzaro\CataCh00,43,Y,N
118,2016-12-24,MIN,@,GNB,L 25-38,Kai Forbath\ForbKa00,26,Y,N
119,2016-12-24,NOR,,TAM,W 31-24,Wil Lutz\LutzWi00,34,Y,N
120,2016-12-22,NYG,@,PHI,L 19-24,Robbie Gould\gouldrob01,35,Y,N
121,2016-12-22,NYG,@,PHI,L 19-24,Robbie Gould\gouldrob01,41,Y,N
122,2016-12-22,NYG,@,PHI,L 19-24,Robbie Gould\gouldrob01,35,Y,N
123,2016-12-22,PHI,,NYG,W 24-19,Caleb Sturgis\SturCa00,41,Y,N
124,2016-12-22,NYG,@,PHI,L 19-24,Robbie Gould\gouldrob01,29,Y,N
125,2016-12-19,CAR,@,WAS,W 26-15,Graham Gano\GanoGr44,23,Y,N
126,2016-12-19,WAS,,CAR,L 15-26,Dustin Hopkins\HopkDu00,43,Y,N
127,2016-12-19,CAR,@,WAS,W 26-15,Graham Gano\GanoGr44,41,Y,N
128,2016-12-19,WAS,,CAR,L 15-26,Dustin Hopkins\HopkDu00,34,Y,N
129,2016-12-19,CAR,@,WAS,W 26-15,Graham Gano\GanoGr44,23,Y,N
130,2016-12-19,CAR,@,WAS,W 26-15,Graham Gano\GanoGr44,38,N,N
131,2016-12-19,WAS,,CAR,L 15-26,Dustin Hopkins\HopkDu00,26,Y,N
132,2016-12-19,CAR,@,WAS,W 26-15,Graham Gano\GanoGr44,35,Y,N
133,2016-12-18,TEN,@,KAN,W 19-17,Ryan Succop\SuccRy44,39,Y,N
134,2016-12-18,OAK,@,SDG,W 19-16,Sebastian Janikowski\janikseb01,45,Y,N
135,2016-12-18,NWE,@,DEN,W 16-3,Stephen Gostkowski\GostSt20,40,Y,N
136,2016-12-18,ATL,,SFO,W 41-13,Matt Bryant\bryanmat01,50,Y,N
137,2016-12-18,PHI,@,BAL,L 26-27,Caleb Sturgis\SturCa00,29,Y,N
138,2016-12-18,ARI,,NOR,L 41-48,Chandler Catanzaro\CataCh00,55,N,N
139,2016-12-18,MIN,,IND,L 6-34,Kai Forbath\ForbKa00,32,Y,N
140,2016-12-18,DET,@,NYG,L 6-17,Matt Prater\PratMa20,48,Y,N
141,2016-12-18,DAL,,TAM,W 26-20,Dan Bailey\BailDa00,27,Y,N
142,2016-12-18,NOR,@,ARI,W 48-41,Wil Lutz\LutzWi00,37,Y,N
143,2016-12-18,GNB,@,CHI,W 30-27,Mason Crosby\CrosMa20,32,Y,N
144,2016-12-18,DEN,,NWE,L 3-16,Brandon McManus\McMaBr01,33,Y,N
145,2016-12-18,HOU,,JAX,W 21-20,Nick Novak\novaknic01,45,Y,N
146,2016-12-18,PHI,@,BAL,L 26-27,Caleb Sturgis\SturCa00,45,Y,N
147,2016-12-18,JAX,@,HOU,L 20-21,Jason Myers\MyerJa00,50,Y,N
148,2016-12-18,PIT,@,CIN,W 24-20,Chris Boswell\BoswCh00,40,Y,N
149,2016-12-18,TAM,@,DAL,L 20-26,Roberto Aguayo\AguaRo00,34,Y,N
150,2016-12-18,KAN,,TEN,L 17-19,Cairo Santos\SantCa01,34,Y,N
151,2016-12-18,OAK,@,SDG,W 19-16,Sebastian Janikowski\janikseb01,21,Y,N
152,2016-12-18,CHI,,GNB,L 27-30,Connor Barth\barthco01,26,Y,N
153,2016-12-18,BAL,,PHI,W 27-26,Justin Tucker\TuckJu00,53,Y,N
154,2016-12-18,PIT,@,CIN,W 24-20,Chris Boswell\BoswCh00,45,Y,N
155,2016-12-18,DAL,,TAM,W 26-20,Dan Bailey\BailDa00,40,Y,N
156,2016-12-18,NWE,@,DEN,W 16-3,Stephen Gostkowski\GostSt20,45,Y,N
157,2016-12-18,IND,@,MIN,W 34-6,Adam Vinatieri\vinatada01,50,Y,N
158,2016-12-18,HOU,,JAX,W 21-20,Nick Novak\novaknic01,27,Y,N
159,2016-12-18,PHI,@,BAL,L 26-27,Caleb Sturgis\SturCa00,27,Y,N
160,2016-12-18,PIT,@,CIN,W 24-20,Chris Boswell\BoswCh00,30,Y,N
161,2016-12-18,DAL,,TAM,W 26-20,Dan Bailey\BailDa00,56,N,N
162,2016-12-18,GNB,@,CHI,W 30-27,Mason Crosby\CrosMa20,18,Y,N
163,2016-12-18,CLE,@,BUF,L 13-33,Cody Parkey\ParkCo03,40,Y,N
164,2016-12-18,HOU,,JAX,W 21-20,Nick Novak\novaknic01,39,Y,N
165,2016-12-18,JAX,@,HOU,L 20-21,Jason Myers\MyerJa00,26,Y,N
166,2016-12-18,CIN,,PIT,L 20-24,Randy Bullock\BullRa00,22,Y,N
167,2016-12-18,BUF,,CLE,W 33-13,Dan Carpenter\CarpDa44,34,Y,N
168,2016-12-18,PIT,@,CIN,W 24-20,Chris Boswell\BoswCh00,49,Y,N
169,2016-12-18,DAL,,TAM,W 26-20,Dan Bailey\BailDa00,33,Y,N
170,2016-12-18,TAM,@,DAL,L 20-26,Roberto Aguayo\AguaRo00,25,Y,N
171,2016-12-18,TEN,@,KAN,W 19-17,Ryan Succop\SuccRy44,53,Y,N
172,2016-12-18,OAK,@,SDG,W 19-16,Sebastian Janikowski\janikseb01,33,Y,N
173,2016-12-18,NWE,@,DEN,W 16-3,Stephen Gostkowski\GostSt20,21,Y,N
174,2016-12-18,ATL,,SFO,W 41-13,Matt Bryant\bryanmat01,41,Y,N
175,2016-12-18,MIN,,IND,L 6-34,Kai Forbath\ForbKa00,51,Y,N
176,2016-12-18,DET,@,NYG,L 6-17,Matt Prater\PratMa20,33,Y,N
177,2016-12-18,DAL,,TAM,W 26-20,Dan Bailey\BailDa00,52,N,N
178,2016-12-18,NOR,@,ARI,W 48-41,Wil Lutz\LutzWi00,39,Y,N
179,2016-12-18,IND,@,MIN,W 34-6,Adam Vinatieri\vinatada01,48,Y,N
180,2016-12-18,HOU,,JAX,W 21-20,Nick Novak\novaknic01,43,Y,N
181,2016-12-18,PHI,@,BAL,L 26-27,Caleb Sturgis\SturCa00,34,Y,N
182,2016-12-18,NYG,,DET,W 17-6,Robbie Gould\gouldrob01,47,Y,N
183,2016-12-18,PIT,@,CIN,W 24-20,Chris Boswell\BoswCh00,49,Y,N
184,2016-12-18,GNB,@,CHI,W 30-27,Mason Crosby\CrosMa20,34,Y,N
185,2016-12-18,CLE,@,BUF,L 13-33,Cody Parkey\ParkCo03,35,Y,N
186,2016-12-18,SDG,,OAK,L 16-19,Josh Lambo\LambJo00,35,Y,N
187,2016-12-18,OAK,@,SDG,W 19-16,Sebastian Janikowski\janikseb01,44,Y,N
188,2016-12-18,CHI,,GNB,L 27-30,Connor Barth\barthco01,22,Y,N
189,2016-12-18,CIN,,PIT,L 20-24,Randy Bullock\BullRa00,23,Y,N
190,2016-12-18,BUF,,CLE,W 33-13,Dan Carpenter\CarpDa44,21,Y,N
191,2016-12-18,BAL,,PHI,W 27-26,Justin Tucker\TuckJu00,47,Y,N
192,2016-12-18,PIT,@,CIN,W 24-20,Chris Boswell\BoswCh00,49,Y,N
193,2016-12-18,DAL,,TAM,W 26-20,Dan Bailey\BailDa00,38,Y,N
194,2016-12-17,NYJ,,MIA,L 13-34,Nick Folk\FolkNi20,48,Y,N
195,2016-12-17,NYJ,,MIA,L 13-34,Nick Folk\FolkNi20,36,Y,N
196,2016-12-15,LAR,@,SEA,L 3-24,Greg Zuerlein\ZuerGr00,36,Y,N
197,2016-12-15,SEA,,LAR,W 24-3,Steven Hauschka\HausSt00,48,Y,N
198,2016-12-12,BAL,@,NWE,L 23-30,Justin Tucker\TuckJu00,38,Y,N
199,2016-12-12,BAL,@,NWE,L 23-30,Justin Tucker\TuckJu00,50,Y,N
200,2016-12-12,BAL,@,NWE,L 23-30,Justin Tucker\TuckJu00,37,Y,N
201,2016-12-12,BAL,@,NWE,L 23-30,Justin Tucker\TuckJu00,34,N,Y
202,2016-12-11,HOU,@,IND,W 22-17,Nick Novak\novaknic01,52,Y,N
203,2016-12-11,JAX,,MIN,L 16-25,Jason Myers\MyerJa00,55,Y,N
204,2016-12-11,SFO,,NYJ,L 17-23,Phil Dawson\dawsophi01,44,N,N
205,2016-12-11,PIT,@,BUF,W 27-20,Chris Boswell\BoswCh00,37,Y,N
206,2016-12-11,CAR,,SDG,W 28-16,Graham Gano\GanoGr44,44,Y,N
207,2016-12-11,IND,,HOU,L 17-22,Adam Vinatieri\vinatada01,55,N,N
208,2016-12-11,NYG,,DAL,W 10-7,Robbie Gould\gouldrob01,39,Y,N
209,2016-12-11,MIN,@,JAX,W 25-16,Kai Forbath\ForbKa00,32,Y,N
210,2016-12-11,NOR,@,TAM,L 11-16,Wil Lutz\LutzWi00,42,Y,N
211,2016-12-11,GNB,,SEA,W 38-10,Mason Crosby\CrosMa20,38,Y,N
212,2016-12-11,CLE,,CIN,L 10-23,Cody Parkey\ParkCo03,30,Y,N
213,2016-12-11,CAR,,SDG,W 28-16,Graham Gano\GanoGr44,23,Y,N
214,2016-12-11,SDG,@,CAR,L 16-28,Josh Lambo\LambJo00,32,Y,N
215,2016-12-11,MIA,,ARI,W 26-23,Andrew Franks\FranAn01,21,Y,N
216,2016-12-11,HOU,@,IND,W 22-17,Nick Novak\novaknic01,41,Y,N
217,2016-12-11,PHI,,WAS,L 22-27,Caleb Sturgis\SturCa00,45,Y,N
218,2016-12-11,JAX,,MIN,L 16-25,Jason Myers\MyerJa00,41,N,N
219,2016-12-11,CIN,@,CLE,W 23-10,Mike Nugent\nugenmik01,44,Y,N
220,2016-12-11,SFO,,NYJ,L 17-23,Phil Dawson\dawsophi01,47,Y,N
221,2016-12-11,NYJ,@,SFO,W 23-17,Nick Folk\FolkNi20,36,Y,N
222,2016-12-11,TAM,,NOR,W 16-11,Roberto Aguayo\AguaRo00,39,Y,N
223,2016-12-11,TEN,,DEN,W 13-10,Ryan Succop\SuccRy44,41,Y,N
224,2016-12-11,HOU,@,IND,W 22-17,Nick Novak\novaknic01,21,Y,N
225,2016-12-11,ARI,@,MIA,L 23-26,Chandler Catanzaro\CataCh00,56,Y,N
226,2016-12-11,MIN,@,JAX,W 25-16,Kai Forbath\ForbKa00,46,Y,N
227,2016-12-11,JAX,,MIN,L 16-25,Jason Myers\MyerJa00,45,Y,N
228,2016-12-11,DET,,CHI,W 20-17,Matt Prater\PratMa20,54,Y,N
229,2016-12-11,NOR,@,TAM,L 11-16,Wil Lutz\LutzWi00,22,Y,N
230,2016-12-11,CAR,,SDG,W 28-16,Graham Gano\GanoGr44,41,Y,N
231,2016-12-11,DEN,@,TEN,L 10-13,Brandon McManus\McMaBr01,34,Y,N
232,2016-12-11,IND,,HOU,L 17-22,Adam Vinatieri\vinatada01,32,Y,N
233,2016-12-11,WAS,@,PHI,W 27-22,Dustin Hopkins\HopkDu00,38,N,N
234,2016-12-11,PHI,,WAS,L 22-27,Caleb Sturgis\SturCa00,41,Y,N
235,2016-12-11,MIN,@,JAX,W 25-16,Kai Forbath\ForbKa00,43,Y,N
236,2016-12-11,NYJ,@,SFO,W 23-17,Nick Folk\FolkNi20,50,Y,N
237,2016-12-11,GNB,,SEA,W 38-10,Mason Crosby\CrosMa20,51,N,N
238,2016-12-11,CAR,,SDG,W 28-16,Graham Gano\GanoGr44,45,Y,N
239,2016-12-11,HOU,@,IND,W 22-17,Nick Novak\novaknic01,24,Y,N
240,2016-12-11,CHI,@,DET,L 17-20,Connor Barth\barthco01,38,Y,N
241,2016-12-11,JAX,,MIN,L 16-25,Jason Myers\MyerJa00,24,Y,N
242,2016-12-11,CIN,@,CLE,W 23-10,Mike Nugent\nugenmik01,36,N,N
243,2016-12-11,SFO,,NYJ,L 17-23,Phil Dawson\dawsophi01,48,N,N
244,2016-12-11,PIT,@,BUF,W 27-20,Chris Boswell\BoswCh00,39,Y,N
245,2016-12-11,TAM,,NOR,W 16-11,Roberto Aguayo\AguaRo00,41,Y,N
246,2016-12-11,TEN,,DEN,W 13-10,Ryan Succop\SuccRy44,53,Y,N
247,2016-12-11,SEA,@,GNB,L 10-38,Steven Hauschka\HausSt00,28,Y,N
248,2016-12-11,ARI,@,MIA,L 23-26,Chandler Catanzaro\CataCh00,41,N,N
249,2016-12-11,MIN,@,JAX,W 25-16,Kai Forbath\ForbKa00,40,Y,N
250,2016-12-11,DET,,CHI,W 20-17,Matt Prater\PratMa20,29,Y,N
251,2016-12-11,DAL,@,NYG,L 7-10,Dan Bailey\BailDa00,55,N,N
252,2016-12-11,NOR,@,TAM,L 11-16,Wil Lutz\LutzWi00,34,Y,N
253,2016-12-11,HOU,@,IND,W 22-17,Nick Novak\novaknic01,34,Y,N
254,2016-12-11,PHI,,WAS,L 22-27,Caleb Sturgis\SturCa00,36,Y,N
255,2016-12-11,JAX,,MIN,L 16-25,Jason Myers\MyerJa00,61,N,Y
256,2016-12-11,NYJ,@,SFO,W 23-17,Nick Folk\FolkNi20,30,Y,N
257,2016-12-11,TAM,,NOR,W 16-11,Roberto Aguayo\AguaRo00,26,Y,N
258,2016-12-08,OAK,@,KAN,L 13-21,Sebastian Janikowski\janikseb01,33,Y,N
259,2016-12-08,OAK,@,KAN,L 13-21,Sebastian Janikowski\janikseb01,44,Y,N
260,2016-12-05,IND,@,NYJ,W 41-10,Adam Vinatieri\vinatada01,53,Y,N
261,2016-12-05,NYJ,,IND,L 10-41,Nick Folk\FolkNi20,38,Y,N
262,2016-12-05,IND,@,NYJ,W 41-10,Adam Vinatieri\vinatada01,36,Y,N
263,2016-12-04,CHI,,SFO,W 26-6,Connor Barth\barthco01,45,Y,N
264,2016-12-04,CIN,,PHI,W 32-14,Mike Nugent\nugenmik01,38,Y,N
265,2016-12-04,TAM,@,SDG,W 28-21,Roberto Aguayo\AguaRo00,35,Y,N
266,2016-12-04,OAK,,BUF,W 38-24,Sebastian Janikowski\janikseb01,47,Y,N
267,2016-12-04,NWE,,LAR,W 26-10,Stephen Gostkowski\GostSt20,45,Y,N
268,2016-12-04,ATL,,KAN,L 28-29,Matt Bryant\bryanmat01,22,Y,N
269,2016-12-04,SEA,,CAR,W 40-7,Steven Hauschka\HausSt00,28,Y,N
270,2016-12-04,ARI,,WAS,W 31-23,Chandler Catanzaro\CataCh00,53,N,N
271,2016-12-04,DET,@,NOR,W 28-13,Matt Prater\PratMa20,52,Y,N
272,2016-12-04,CIN,,PHI,W 32-14,Mike Nugent\nugenmik01,32,Y,N
273,2016-12-04,BAL,,MIA,W 38-6,Justin Tucker\TuckJu00,55,Y,N
274,2016-12-04,PIT,,NYG,W 24-14,Randy Bullock\BullRa00,44,Y,N
275,2016-12-04,DEN,@,JAX,W 20-10,Brandon McManus\McMaBr01,32,Y,N
276,2016-12-04,WAS,@,ARI,L 23-31,Dustin Hopkins\HopkDu00,20,Y,N
277,2016-12-04,SEA,,CAR,W 40-7,Steven Hauschka\HausSt00,23,Y,N
278,2016-12-04,DET,@,NOR,W 28-13,Matt Prater\PratMa20,29,Y,N
279,2016-12-04,BUF,@,OAK,L 24-38,Dan Carpenter\CarpDa44,27,Y,N
280,2016-12-04,ATL,,KAN,L 28-29,Matt Bryant\bryanmat01,59,Y,N
281,2016-12-04,CIN,,PHI,W 32-14,Mike Nugent\nugenmik01,26,Y,N
282,2016-12-04,SFO,@,CHI,L 6-26,Phil Dawson\dawsophi01,28,Y,N
283,2016-12-04,PIT,,NYG,W 24-14,Randy Bullock\BullRa00,38,Y,N
284,2016-12-04,TAM,@,SDG,W 28-21,Roberto Aguayo\AguaRo00,27,Y,N
285,2016-12-04,OAK,,BUF,W 38-24,Sebastian Janikowski\janikseb01,41,Y,N
286,2016-12-04,NWE,,LAR,W 26-10,Stephen Gostkowski\GostSt20,48,Y,N
287,2016-12-04,SEA,,CAR,W 40-7,Steven Hauschka\HausSt00,31,Y,N
288,2016-12-04,ARI,,WAS,W 31-23,Chandler Catanzaro\CataCh00,28,Y,N
289,2016-12-04,DET,@,NOR,W 28-13,Matt Prater\PratMa20,27,Y,N
290,2016-12-04,NOR,,DET,L 13-28,Wil Lutz\LutzWi00,32,Y,N
291,2016-12-04,SDG,,TAM,L 21-28,Josh Lambo\LambJo00,53,N,N
292,2016-12-04,MIA,@,BAL,L 6-38,Andrew Franks\FranAn01,46,N,N
293,2016-12-04,WAS,@,ARI,L 23-31,Dustin Hopkins\HopkDu00,47,Y,N
294,2016-12-04,PHI,@,CIN,L 14-32,Caleb Sturgis\SturCa00,51,N,N
295,2016-12-04,DET,@,NOR,W 28-13,Matt Prater\PratMa20,27,Y,N
296,2016-12-04,NWE,,LAR,W 26-10,Stephen Gostkowski\GostSt20,45,Y,N
297,2016-12-04,LAR,@,NWE,L 10-26,Greg Zuerlein\ZuerGr00,44,Y,N
298,2016-12-04,ATL,,KAN,L 28-29,Matt Bryant\bryanmat01,22,Y,N
299,2016-12-04,JAX,,DEN,L 10-20,Jason Myers\MyerJa00,47,Y,N
300,2016-12-04,CIN,,PHI,W 32-14,Mike Nugent\nugenmik01,33,Y,N
301,2016-12-04,SFO,@,CHI,L 6-26,Phil Dawson\dawsophi01,31,Y,N
302,2016-12-04,PIT,,NYG,W 24-14,Randy Bullock\BullRa00,34,Y,N
303,2016-12-04,TAM,@,SDG,W 28-21,Roberto Aguayo\AguaRo00,31,N,N
304,2016-12-04,OAK,,BUF,W 38-24,Sebastian Janikowski\janikseb01,47,Y,N
305,2016-12-04,NWE,,LAR,W 26-10,Stephen Gostkowski\GostSt20,28,Y,N
306,2016-12-04,DEN,@,JAX,W 20-10,Brandon McManus\McMaBr01,41,Y,N
307,2016-12-04,WAS,@,ARI,L 23-31,Dustin Hopkins\HopkDu00,53,Y,N
308,2016-12-04,SEA,,CAR,W 40-7,Steven Hauschka\HausSt00,37,Y,N
309,2016-12-04,DET,@,NOR,W 28-13,Matt Prater\PratMa20,32,Y,N
310,2016-12-04,NOR,,DET,L 13-28,Wil Lutz\LutzWi00,40,Y,N
311,2016-12-01,DAL,@,MIN,W 17-15,Dan Bailey\BailDa00,39,Y,N
312,2016-12-01,MIN,,DAL,L 15-17,Kai Forbath\ForbKa00,36,Y,N
313,2016-12-01,MIN,,DAL,L 15-17,Kai Forbath\ForbKa00,48,Y,N
314,2016-12-01,MIN,,DAL,L 15-17,Kai Forbath\ForbKa00,33,Y,N
315,2016-11-28,PHI,,GNB,L 13-27,Caleb Sturgis\SturCa00,50,Y,N
316,2016-11-28,GNB,@,PHI,W 27-13,Mason Crosby\CrosMa20,33,Y,N
317,2016-11-28,PHI,,GNB,L 13-27,Caleb Sturgis\SturCa00,48,Y,N
318,2016-11-28,GNB,@,PHI,W 27-13,Mason Crosby\CrosMa20,32,Y,N
319,2016-11-27,KAN,@,DEN,W 30-27,Cairo Santos\SantCa01,37,Y,N
320,2016-11-27,SDG,@,HOU,W 21-13,Josh Lambo\LambJo00,54,N,N
321,2016-11-27,NWE,@,NYJ,W 22-17,Stephen Gostkowski\GostSt20,39,N,N
322,2016-11-27,DEN,,KAN,L 27-30,Brandon McManus\McMaBr01,44,Y,N
323,2016-11-27,MIA,,SFO,W 31-24,Andrew Franks\FranAn01,24,Y,N
324,2016-11-27,NYJ,,NWE,L 17-22,Nick Folk\FolkNi20,54,N,Y
325,2016-11-27,TEN,@,CHI,W 27-21,Ryan Succop\SuccRy44,31,Y,N
326,2016-11-27,HOU,,SDG,L 13-21,Nick Novak\novaknic01,19,Y,N
327,2016-11-27,SFO,@,MIA,L 24-31,Phil Dawson\dawsophi01,36,Y,N
328,2016-11-27,TAM,,SEA,W 14-5,Roberto Aguayo\AguaRo00,48,N,N
329,2016-11-27,OAK,,CAR,W 35-32,Sebastian Janikowski\janikseb01,23,Y,N
330,2016-11-27,NWE,@,NYJ,W 22-17,Stephen Gostkowski\GostSt20,41,Y,N
331,2016-11-27,ARI,@,ATL,L 19-38,Chandler Catanzaro\CataCh00,25,Y,N
332,2016-11-27,BAL,,CIN,W 19-14,Justin Tucker\TuckJu00,57,Y,N
333,2016-11-27,NWE,@,NYJ,W 22-17,Stephen Gostkowski\GostSt20,28,Y,N
334,2016-11-27,DEN,,KAN,L 27-30,Brandon McManus\McMaBr01,33,Y,N
335,2016-11-27,NYJ,,NWE,L 17-22,Nick Folk\FolkNi20,51,Y,N
336,2016-11-27,TEN,@,CHI,W 27-21,Ryan Succop\SuccRy44,19,Y,N
337,2016-11-27,ATL,,ARI,W 38-19,Matt Bryant\bryanmat01,45,Y,N
338,2016-11-27,CIN,@,BAL,L 14-19,Mike Nugent\nugenmik01,36,Y,N
339,2016-11-27,BAL,,CIN,W 19-14,Justin Tucker\TuckJu00,36,Y,N
340,2016-11-27,CLE,,NYG,L 13-27,Cody Parkey\ParkCo03,25,Y,N
341,2016-11-27,KAN,@,DEN,W 30-27,Cairo Santos\SantCa01,34,Y,N
342,2016-11-27,OAK,,CAR,W 35-32,Sebastian Janikowski\janikseb01,23,Y,N
343,2016-11-27,NWE,@,NYJ,W 22-17,Stephen Gostkowski\GostSt20,29,Y,N
344,2016-11-27,DEN,,KAN,L 27-30,Brandon McManus\McMaBr01,62,N,N
345,2016-11-27,SEA,@,TAM,L 5-14,Steven Hauschka\HausSt00,43,Y,N
346,2016-11-27,BAL,,CIN,W 19-14,Justin Tucker\TuckJu00,52,Y,N
347,2016-11-27,HOU,,SDG,L 13-21,Nick Novak\novaknic01,45,Y,N
348,2016-11-27,ARI,@,ATL,L 19-38,Chandler Catanzaro\CataCh00,54,Y,N
349,2016-11-27,CIN,@,BAL,L 14-19,Mike Nugent\nugenmik01,23,Y,N
350,2016-11-27,BAL,,CIN,W 19-14,Justin Tucker\TuckJu00,54,Y,N
351,2016-11-27,CLE,,NYG,L 13-27,Cody Parkey\ParkCo03,20,Y,N
352,2016-11-24,WAS,@,DAL,L 26-31,Dustin Hopkins\HopkDu00,20,Y,N
353,2016-11-24,MIN,@,DET,L 13-16,Kai Forbath\ForbKa00,28,Y,N
354,2016-11-24,DET,,MIN,W 16-13,Matt Prater\PratMa20,40,Y,N
355,2016-11-24,WAS,@,DAL,L 26-31,Dustin Hopkins\HopkDu00,43,N,N
356,2016-11-24,WAS,@,DAL,L 26-31,Dustin Hopkins\HopkDu00,55,N,N
357,2016-11-24,MIN,@,DET,L 13-16,Kai Forbath\ForbKa00,30,Y,N
358,2016-11-24,DET,,MIN,W 16-13,Matt Prater\PratMa20,48,Y,N
359,2016-11-24,DAL,,WAS,W 31-26,Dan Bailey\BailDa00,46,Y,N
360,2016-11-24,IND,,PIT,L 7-28,Adam Vinatieri\vinatada01,52,N,N
361,2016-11-24,WAS,@,DAL,L 26-31,Dustin Hopkins\HopkDu00,24,Y,N
362,2016-11-24,DET,,MIN,W 16-13,Matt Prater\PratMa20,29,Y,N
363,2016-11-21,OAK,,HOU,W 27-20,Sebastian Janikowski\janikseb01,20,Y,N
364,2016-11-21,OAK,,HOU,W 27-20,Sebastian Janikowski\janikseb01,19,Y,N
365,2016-11-21,HOU,@,OAK,L 20-27,Nick Novak\novaknic01,28,Y,N
366,2016-11-21,HOU,@,OAK,L 20-27,Nick Novak\novaknic01,32,Y,N
367,2016-11-20,IND,,TEN,W 24-17,Adam Vinatieri\vinatada01,49,Y,N
368,2016-11-20,SEA,,PHI,W 26-15,Steven Hauschka\HausSt00,44,N,N
369,2016-11-20,BAL,@,DAL,L 17-27,Justin Tucker\TuckJu00,46,Y,N
370,2016-11-20,BUF,@,CIN,W 16-12,Dan Carpenter\CarpDa44,54,Y,N
371,2016-11-20,GNB,@,WAS,L 24-42,Mason Crosby\CrosMa20,36,Y,N
372,2016-11-20,LAR,,MIA,L 10-14,Greg Zuerlein\ZuerGr00,48,N,N
373,2016-11-20,DET,,JAX,W 26-19,Matt Prater\PratMa20,43,Y,N
374,2016-11-20,JAX,@,DET,L 19-26,Jason Myers\MyerJa00,52,Y,N
375,2016-11-20,PIT,@,CLE,W 24-9,Chris Boswell\BoswCh00,32,Y,N
376,2016-11-20,DAL,,BAL,W 27-17,Dan Bailey\BailDa00,30,Y,N
377,2016-11-20,TAM,@,KAN,W 19-17,Roberto Aguayo\AguaRo00,22,Y,N
378,2016-11-20,CLE,,PIT,L 9-24,Cody Parkey\ParkCo03,24,Y,N
379,2016-11-20,KAN,,TAM,L 17-19,Cairo Santos\SantCa01,22,Y,N
380,2016-11-20,IND,,TEN,W 24-17,Adam Vinatieri\vinatada01,42,N,N
381,2016-11-20,CHI,@,NYG,L 16-22,Connor Barth\barthco01,51,N,N
382,2016-11-20,SEA,,PHI,W 26-15,Steven Hauschka\HausSt00,35,Y,N
383,2016-11-20,BUF,@,CIN,W 16-12,Dan Carpenter\CarpDa44,26,Y,N
384,2016-11-20,WAS,,GNB,W 42-24,Dustin Hopkins\HopkDu00,37,Y,N
385,2016-11-20,LAR,,MIA,L 10-14,Greg Zuerlein\ZuerGr00,46,Y,N
386,2016-11-20,NYG,,CHI,W 22-16,Robbie Gould\gouldrob01,46,Y,N
387,2016-11-20,DET,,JAX,W 26-19,Matt Prater\PratMa20,27,Y,N
388,2016-11-20,JAX,@,DET,L 19-26,Jason Myers\MyerJa00,27,Y,N
389,2016-11-20,SFO,,NWE,L 17-30,Phil Dawson\dawsophi01,33,Y,N
390,2016-11-20,PIT,@,CLE,W 24-9,Chris Boswell\BoswCh00,22,Y,N
391,2016-11-20,TAM,@,KAN,W 19-17,Roberto Aguayo\AguaRo00,36,Y,N
392,2016-11-20,ARI,@,MIN,L 24-30,Chandler Catanzaro\CataCh00,34,Y,N
393,2016-11-20,BUF,@,CIN,W 16-12,Dan Carpenter\CarpDa44,20,Y,N
394,2016-11-20,TAM,@,KAN,W 19-17,Roberto Aguayo\AguaRo00,31,Y,N
395,2016-11-20,GNB,@,WAS,L 24-42,Mason Crosby\CrosMa20,36,N,N
396,2016-11-20,NWE,@,SFO,W 30-17,Stephen Gostkowski\GostSt20,38,Y,N
397,2016-11-20,CHI,@,NYG,L 16-22,Connor Barth\barthco01,40,Y,N
398,2016-11-20,SEA,,PHI,W 26-15,Steven Hauschka\HausSt00,21,Y,N
399,2016-11-20,MIN,,ARI,W 30-24,Kai Forbath\ForbKa00,27,Y,N
400,2016-11-20,TEN,@,IND,L 17-24,Ryan Succop\SuccRy44,47,Y,N
401,2016-11-20,PIT,@,CLE,W 24-9,Chris Boswell\BoswCh00,33,Y,N
402,2016-11-20,DAL,,BAL,W 27-17,Dan Bailey\BailDa00,21,Y,N
403,2016-11-20,TAM,@,KAN,W 19-17,Roberto Aguayo\AguaRo00,41,Y,N
404,2016-11-17,NOR,@,CAR,L 20-23,Wil Lutz\LutzWi00,27,Y,N
405,2016-11-17,CAR,,NOR,W 23-20,Graham Gano\GanoGr44,49,Y,N
406,2016-11-17,NOR,@,CAR,L 20-23,Wil Lutz\LutzWi00,30,Y,N
407,2016-11-17,CAR,,NOR,W 23-20,Graham Gano\GanoGr44,32,Y,N
408,2016-11-17,NOR,@,CAR,L 20-23,Wil Lutz\LutzWi00,38,N,Y
409,2016-11-17,CAR,,NOR,W 23-20,Graham Gano\GanoGr44,42,Y,N
410,2016-11-14,CIN,@,NYG,L 20-21,Mike Nugent\nugenmik01,38,Y,N
411,2016-11-14,CIN,@,NYG,L 20-21,Mike Nugent\nugenmik01,25,Y,N
412,2016-11-13,HOU,@,JAX,W 24-21,Nick Novak\novaknic01,49,N,N
413,2016-11-13,WAS,,MIN,W 26-20,Dustin Hopkins\HopkDu00,30,Y,N
414,2016-11-13,ATL,@,PHI,L 15-24,Matt Bryant\bryanmat01,38,Y,N
415,2016-11-13,ARI,,SFO,W 23-20,Chandler Catanzaro\CataCh00,34,Y,N
416,2016-11-13,PIT,,DAL,L 30-35,Chris Boswell\BoswCh00,55,N,N
417,2016-11-13,DAL,@,PIT,W 35-30,Dan Bailey\BailDa00,53,Y,N
418,2016-11-13,TAM,,CHI,W 36-10,Roberto Aguayo\AguaRo00,27,Y,N
419,2016-11-13,NWE,,SEA,L 24-31,Stephen Gostkowski\GostSt20,30,Y,N
420,2016-11-13,DEN,@,NOR,W 25-23,Brandon McManus\McMaBr01,28,Y,N
421,2016-11-13,CHI,@,TAM,L 10-36,Connor Barth\barthco01,54,Y,N
422,2016-11-13,SEA,@,NWE,W 31-24,Steven Hauschka\HausSt00,23,Y,N
423,2016-11-13,PHI,,ATL,W 24-15,Caleb Sturgis\SturCa00,55,N,N
424,2016-11-13,KAN,@,CAR,W 20-17,Cairo Santos\SantCa01,33,Y,N
425,2016-11-13,TEN,,GNB,W 47-25,Ryan Succop\SuccRy44,23,Y,N
426,2016-11-13,HOU,@,JAX,W 24-21,Nick Novak\novaknic01,51,Y,N
427,2016-11-13,WAS,,MIN,W 26-20,Dustin Hopkins\HopkDu00,50,Y,N
428,2016-11-13,SEA,@,NWE,W 31-24,Steven Hauschka\HausSt00,27,Y,N
429,2016-11-13,LAR,@,NYJ,W 9-6,Greg Zuerlein\ZuerGr00,38,Y,N
430,2016-11-13,PHI,,ATL,W 24-15,Caleb Sturgis\SturCa00,44,N,N
431,2016-11-13,ATL,@,PHI,L 15-24,Matt Bryant\bryanmat01,53,N,N
432,2016-11-13,JAX,,HOU,L 21-24,Jason Myers\MyerJa00,54,Y,N
433,2016-11-13,SFO,@,ARI,L 20-23,Phil Dawson\dawsophi01,49,Y,N
434,2016-11-13,SDG,,MIA,L 24-31,Josh Lambo\LambJo00,45,Y,N
435,2016-11-13,MIA,@,SDG,W 31-24,Andrew Franks\FranAn01,27,Y,N
436,2016-11-13,ARI,,SFO,W 23-20,Chandler Catanzaro\CataCh00,19,Y,N
437,2016-11-13,PIT,,DAL,L 30-35,Chris Boswell\BoswCh00,39,Y,N
438,2016-11-13,DAL,@,PIT,W 35-30,Dan Bailey\BailDa00,37,Y,N
439,2016-11-13,NOR,,DEN,L 23-25,Wil Lutz\LutzWi00,30,Y,N
440,2016-11-13,TAM,,CHI,W 36-10,Roberto Aguayo\AguaRo00,30,Y,N
441,2016-11-13,GNB,@,TEN,L 25-47,Mason Crosby\CrosMa20,38,Y,N
442,2016-11-13,DEN,@,NOR,W 25-23,Brandon McManus\McMaBr01,42,N,N
443,2016-11-13,SEA,@,NWE,W 31-24,Steven Hauschka\HausSt00,41,Y,N
444,2016-11-13,PHI,,ATL,W 24-15,Caleb Sturgis\SturCa00,25,Y,N
445,2016-11-13,KAN,@,CAR,W 20-17,Cairo Santos\SantCa01,36,Y,N
446,2016-11-13,HOU,@,JAX,W 24-21,Nick Novak\novaknic01,50,N,N
447,2016-11-13,WAS,,MIN,W 26-20,Dustin Hopkins\HopkDu00,37,Y,N
448,2016-11-13,LAR,@,NYJ,W 9-6,Greg Zuerlein\ZuerGr00,20,Y,N
449,2016-11-13,ATL,@,PHI,L 15-24,Matt Bryant\bryanmat01,43,Y,N
450,2016-11-13,PIT,,DAL,L 30-35,Chris Boswell\BoswCh00,25,Y,N
451,2016-11-13,DAL,@,PIT,W 35-30,Dan Bailey\BailDa00,46,Y,N
452,2016-11-13,TEN,,GNB,W 47-25,Ryan Succop\SuccRy44,51,Y,N
453,2016-11-13,DEN,@,NOR,W 25-23,Brandon McManus\McMaBr01,37,Y,N
454,2016-11-13,PHI,,ATL,W 24-15,Caleb Sturgis\SturCa00,48,Y,N
455,2016-11-13,ARI,,SFO,W 23-20,Chandler Catanzaro\CataCh00,39,Y,N
456,2016-11-13,GNB,@,TEN,L 25-47,Mason Crosby\CrosMa20,29,Y,N
457,2016-11-13,KAN,@,CAR,W 20-17,Cairo Santos\SantCa01,37,Y,N
458,2016-11-13,DEN,@,NOR,W 25-23,Brandon McManus\McMaBr01,50,Y,N
459,2016-11-13,WAS,,MIN,W 26-20,Dustin Hopkins\HopkDu00,28,Y,N
460,2016-11-13,SEA,@,NWE,W 31-24,Steven Hauschka\HausSt00,31,Y,N
461,2016-11-13,LAR,@,NYJ,W 9-6,Greg Zuerlein\ZuerGr00,34,Y,N
462,2016-11-13,PHI,,ATL,W 24-15,Caleb Sturgis\SturCa00,29,Y,N
463,2016-11-13,ATL,@,PHI,L 15-24,Matt Bryant\bryanmat01,46,Y,N
464,2016-11-13,JAX,,HOU,L 21-24,Jason Myers\MyerJa00,44,Y,N
465,2016-11-13,SFO,@,ARI,L 20-23,Phil Dawson\dawsophi01,53,Y,N
466,2016-11-13,CAR,,KAN,L 17-20,Graham Gano\GanoGr44,42,Y,N
467,2016-11-13,KAN,@,CAR,W 20-17,Cairo Santos\SantCa01,47,Y,N
468,2016-11-10,BAL,,CLE,W 28-7,Justin Tucker\TuckJu00,40,Y,N
469,2016-11-10,BAL,,CLE,W 28-7,Justin Tucker\TuckJu00,25,Y,N
470,2016-11-07,BUF,@,SEA,L 25-31,Dan Carpenter\CarpDa44,31,Y,N
471,2016-11-07,SEA,,BUF,W 31-25,Steven Hauschka\HausSt00,49,Y,N
472,2016-11-07,BUF,@,SEA,L 25-31,Dan Carpenter\CarpDa44,54,N,N
473,2016-11-06,LAR,,CAR,L 10-13,Greg Zuerlein\ZuerGr00,25,Y,N
474,2016-11-06,PHI,@,NYG,L 23-28,Caleb Sturgis\SturCa00,26,Y,N
475,2016-11-06,SFO,,NOR,L 23-41,Phil Dawson\dawsophi01,48,Y,N
476,2016-11-06,CLE,,DAL,L 10-35,Cody Parkey\ParkCo03,31,Y,N
477,2016-11-06,CAR,@,LAR,W 13-10,Graham Gano\GanoGr44,48,N,N
478,2016-11-06,KAN,,JAX,W 19-14,Cairo Santos\SantCa01,51,Y,N
479,2016-11-06,SDG,,TEN,W 43-35,Josh Lambo\LambJo00,23,Y,N
480,2016-11-06,OAK,,DEN,W 30-20,Sebastian Janikowski\janikseb01,48,N,N
481,2016-11-06,MIA,,NYJ,W 27-23,Andrew Franks\FranAn01,33,Y,N
482,2016-11-06,MIN,,DET,L 16-22,Blair Walsh\WalsBl00,46,N,Y
483,2016-11-06,BAL,,PIT,W 21-14,Justin Tucker\TuckJu00,42,Y,N
484,2016-11-06,NYJ,@,MIA,L 23-27,Nick Folk\FolkNi20,21,Y,N
485,2016-11-06,NOR,@,SFO,W 41-23,Wil Lutz\LutzWi00,55,N,N
486,2016-11-06,GNB,,IND,L 26-31,Mason Crosby\CrosMa20,27,Y,N
487,2016-11-06,DEN,@,OAK,L 20-30,Brandon McManus\McMaBr01,44,Y,N
488,2016-11-06,DET,@,MIN,W 22-16,Matt Prater\PratMa20,53,Y,N
489,2016-11-06,CAR,@,LAR,W 13-10,Graham Gano\GanoGr44,37,Y,N
490,2016-11-06,KAN,,JAX,W 19-14,Cairo Santos\SantCa01,36,Y,N
491,2016-11-06,LAR,,CAR,L 10-13,Greg Zuerlein\ZuerGr00,55,N,N
492,2016-11-06,PHI,@,NYG,L 23-28,Caleb Sturgis\SturCa00,40,N,Y
493,2016-11-06,SFO,,NOR,L 23-41,Phil Dawson\dawsophi01,49,Y,N
494,2016-11-06,KAN,,JAX,W 19-14,Cairo Santos\SantCa01,26,Y,N
495,2016-11-06,OAK,,DEN,W 30-20,Sebastian Janikowski\janikseb01,29,Y,N
496,2016-11-06,MIN,,DET,L 16-22,Blair Walsh\WalsBl00,33,Y,N
497,2016-11-06,BAL,,PIT,W 21-14,Justin Tucker\TuckJu00,49,Y,N
498,2016-11-06,NYJ,@,MIA,L 23-27,Nick Folk\FolkNi20,23,Y,N
499,2016-11-06,NOR,@,SFO,W 41-23,Wil Lutz\LutzWi00,26,Y,N
500,2016-11-06,GNB,,IND,L 26-31,Mason Crosby\CrosMa20,48,N,N