"","Date","Name","Distance","Made","Block","H.A","SeasonPerc","Temp","Years.Exp.","Average.Dist.","Career.Avg.","Dome"
"1","1/1/17","Roberto Aguayo\AguaRo00",46,"N","N","Home",0.71,76,0,36.68,0.713,"NOT DOME"
"2","1/1/17","Cairo Santos\SantCa01",37,"Y","N","Away",0.886,56,2,35.63,0.843,"NOT DOME"
"3","1/1/17","Josh Lambo\LambJo00",29,"Y","N","Home",0.813,56,1,36.38,0.813,"NOT DOME"
"4","1/1/17","Brandon McManus\McMaBr01",48,"N","N","Home",0.853,48,2,37.88,0.821,"NOT DOME"
"5","1/1/17","Greg Zuerlein\ZuerGr00",37,"Y","N","Home",0.864,56,4,38.68,0.799,"NOT DOME"
"6","1/1/17","Dan Carpenter\CarpDa44",34,"Y","N","Away",0.76,45,8,36.16,0.84,"NOT DOME"
"7","1/1/17","Justin Tucker\TuckJu00",30,"Y","N","Away",0.974,38,4,41.95,0.899,"NOT DOME"
"8","1/1/17","Graham Gano\GanoGr44",54,"Y","N","Away",0.789,76,7,40.61,0.8,"NOT DOME"
"9","1/1/17","Stephen Gostkowski\GostSt20",26,"Y","N","Away",0.844,80,10,37.16,0.871,"NOT DOME"
"10","1/1/17","Connor Barth\barthco01",29,"Y","N","Away",0.783,65,7,35.35,0.84,"DOME"
"11","1/1/17","Steven Hauschka\HausSt00",28,"Y","N","Away",0.892,52,9,34.14,0.868,"NOT DOME"
"12","1/1/17","Chandler Catanzaro\CataCh00",34,"Y","N","Away",0.75,56,2,39.07,0.851,"NOT DOME"
"13","1/1/17","Jason Myers\MyerJa00",41,"Y","N","Away",0.794,65,1,42.82,0.824,"DOME"
"14","1/1/17","Dan Bailey\BailDa00",49,"Y","N","Away",0.844,48,5,38.41,0.897,"NOT DOME"
"15","1/1/17","Wil Lutz\LutzWi00",19,"Y","N","Away",0.824,65,0,37.53,0.842,"DOME"
"16","1/1/17","Adam Vinatieri\vinatada01",45,"Y","N","Home",0.871,65,20,43.16,0.842,"DOME"
"17","1/1/17","Nick Novak\novaknic01",45,"N","N","Away",0.854,49,9,36.78,0.828,"NOT DOME"
"18","1/1/17","Dustin Hopkins\HopkDu00",57,"N","N","Home",0.81,52,2,36.9,0.845,"NOT DOME"
"19","1/1/17","Steven Hauschka\HausSt00",31,"Y","N","Away",0.892,52,9,34.14,0.868,"NOT DOME"
"20","1/1/17","Caleb Sturgis\SturCa00",22,"Y","N","Home",0.854,48,3,37.63,0.81,"NOT DOME"
"21","1/1/17","Jason Myers\MyerJa00",47,"Y","N","Away",0.794,65,1,42.82,0.824,"DOME"
"22","1/1/17","Nick Folk\FolkNi20",36,"Y","N","Home",0.871,45,9,33.97,0.813,"NOT DOME"
"23","1/1/17","Mason Crosby\CrosMa20",53,"Y","N","Away",0.867,65,9,35.4,0.804,"DOME"
"24","1/1/17","Cody Parkey\ParkCo03",49,"N","N","Away",0.8,38,3,37.6,0.846,"NOT DOME"
"25","1/1/17","Roberto Aguayo\AguaRo00",33,"Y","N","Home",0.71,76,0,36.68,0.713,"NOT DOME"
"26","1/1/17","Cairo Santos\SantCa01",25,"Y","N","Away",0.886,56,3,35.63,0.843,"NOT DOME"
"27","1/1/17","Josh Lambo\LambJo00",35,"Y","N","Home",0.813,56,1,36.38,0.813,"NOT DOME"
"28","1/1/17","Brandon McManus\McMaBr01",22,"Y","N","Home",0.853,48,3,37.88,0.821,"NOT DOME"
"29","1/1/17","Matt Bryant\bryanmat01",22,"Y","N","Home",0.919,65,15,37.3,0.858,"DOME"
"30","1/1/17","Graham Gano\GanoGr44",58,"N","N","Away",0.789,76,7,40.61,0.8,"NOT DOME"
"31","1/1/17","Stephen Gostkowski\GostSt20",40,"Y","N","Away",0.844,80,10,37.16,0.871,"NOT DOME"
"32","1/1/17","Steven Hauschka\HausSt00",33,"Y","N","Away",0.892,52,9,34.14,0.868,"NOT DOME"
"33","1/1/17","Caleb Sturgis\SturCa00",33,"Y","N","Home",0.854,48,3,37.63,0.81,"NOT DOME"
"34","1/1/17","Chandler Catanzaro\CataCh00",32,"Y","N","Away",0.75,38,2,39.07,0.851,"NOT DOME"
"35","1/1/17","Matt Prater\PratMa20",54,"Y","N","Home",0.861,65,10,40.17,0.831,"DOME"
"36","1/1/17","Jason Myers\MyerJa00",54,"N","N","Away",0.794,65,1,42.82,0.824,"DOME"
"37","1/1/17","Roberto Aguayo\AguaRo00",48,"N","Y","Home",0.71,76,0,36.68,0.713,"NOT DOME"
"38","1/1/17","Adam Vinatieri\vinatada01",48,"N","N","Home",0.871,65,20,43.16,0.842,"DOME"
"39","1/1/17","Greg Zuerlein\ZuerGr00",36,"Y","N","Home",0.864,56,4,38.68,0.799,"NOT DOME"
"40","1/1/17","Nick Folk\FolkNi20",30,"Y","N","Home",0.871,45,9,33.97,0.813,"NOT DOME"
"41","1/1/17","Cairo Santos\SantCa01",35,"Y","N","Away",0.886,56,2,35.63,0.843,"NOT DOME"
"42","1/1/17","Graham Gano\GanoGr44",36,"N","N","Away",0.789,76,7,40.61,0.8,"NOT DOME"
"43","1/1/17","Stephen Gostkowski\GostSt20",52,"N","N","Away",0.844,80,10,37.16,0.871,"NOT DOME"
"44","1/1/17","Chandler Catanzaro\CataCh00",47,"Y","N","Away",0.75,56,2,39.07,0.851,"NOT DOME"
"45","1/1/17","Dan Bailey\BailDa00",23,"Y","N","Away",0.844,48,5,38.41,0.897,"NOT DOME"
"46","1/1/17","Wil Lutz\LutzWi00",40,"Y","N","Away",0.824,65,0,37.53,0.842,"DOME"
"47","1/1/17","Cody Parkey\ParkCo03",34,"Y","N","Away",0.8,38,2,37.6,0.846,"NOT DOME"
"48","1/1/17","Ryan Succop\SuccRy44",35,"Y","N","Home",0.917,49,7,39.33,0.831,"NOT DOME"
"49","1/1/17","Graham Gano\GanoGr44",45,"N","N","Away",0.789,76,7,40.61,0.8,"NOT DOME"
"50","1/1/17","Nick Novak\novaknic01",26,"Y","N","Away",0.854,49,9,36.78,0.828,"NOT DOME"
"51","1/1/17","Dustin Hopkins\HopkDu00",32,"Y","N","Home",0.81,52,2,36.9,0.845,"NOT DOME"
"52","1/1/17","Steven Hauschka\HausSt00",32,"Y","N","Away",0.892,52,9,34.14,0.868,"NOT DOME"
"53","1/1/17","Caleb Sturgis\SturCa00",49,"N","N","Home",0.854,48,3,37.63,0.81,"NOT DOME"
"54","1/1/17","Matt Prater\PratMa20",39,"N","N","Home",0.861,65,10,40.17,0.831,"DOME"
"55","1/1/17","Jason Myers\MyerJa00",30,"N","N","Away",0.794,65,1,42.82,0.824,"DOME"
"56","1/1/17","Nick Folk\FolkNi20",25,"Y","N","Home",0.871,45,9,33.97,0.813,"NOT DOME"
"57","12/26/16","Matt Prater\PratMa20",47,"N","N","Away",0.861,39,10,40.17,0.831,"NOT DOME"
"58","12/25/16","Chris Boswell\BoswCh00",36,"Y","N","Home",0.84,39,1,40.64,0.877,"NOT DOME"
"59","12/25/16","Cairo Santos\SantCa01",39,"Y","N","Home",0.886,39,2,35.63,0.843,"NOT DOME"
"60","12/25/16","Justin Tucker\TuckJu00",38,"Y","N","Away",0.974,52,4,41.95,0.899,"NOT DOME"
"61","12/25/16","Justin Tucker\TuckJu00",23,"Y","N","Away",0.974,52,4,41.95,0.899,"NOT DOME"
"62","12/25/16","Cairo Santos\SantCa01",27,"Y","N","Home",0.886,52,2,35.63,0.843,"NOT DOME"
"63","12/25/16","Justin Tucker\TuckJu00",41,"Y","N","Away",0.974,52,4,41.95,0.899,"NOT DOME"
"64","12/25/16","Brandon McManus\McMaBr01",52,"Y","N","Away",0.853,52,2,37.88,0.821,"NOT DOME"
"65","12/25/16","Justin Tucker\TuckJu00",46,"Y","N","Away",0.974,39,4,41.95,0.899,"NOT DOME"
"66","12/25/16","Cairo Santos\SantCa01",39,"N","N","Home",0.886,39,2,35.63,0.843,"NOT DOME"
"67","12/24/16","Graham Gano\GanoGr44",31,"Y","N","Home",0.789,39,7,40.61,0.8,"NOT DOME"
"68","12/24/16","Adam Vinatieri\vinatada01",42,"Y","N","Away",0.871,39,20,43.16,0.842,"NOT DOME"
"69","12/24/16","Nick Novak\novaknic01",25,"Y","N","Home",0.854,35,9,36.78,0.828,"NOT DOME"
"70","12/24/16","Dustin Hopkins\HopkDu00",29,"Y","N","Away",0.81,35,2,36.9,0.845,"NOT DOME"
"71","12/24/16","Steven Hauschka\HausSt00",45,"N","Y","Home",0.892,35,9,34.14,0.868,"NOT DOME"
"72","12/24/16","Jason Myers\MyerJa00",56,"Y","N","Home",0.794,52,1,42.82,0.824,"NOT DOME"
"73","12/24/16","Nick Folk\FolkNi20",29,"Y","N","Away",0.871,52,9,33.97,0.813,"NOT DOME"
"74","12/24/16","Cody Parkey\ParkCo03",49,"Y","N","Home",0.8,52,2,37.6,0.846,"NOT DOME"
"75","12/24/16","Josh Lambo\LambJo00",32,"N","Y","Away",0.813,35,1,36.38,0.813,"NOT DOME"
"76","12/24/16","Andrew Franks\FranAn01",27,"Y","N","Away",0.762,72,1,32.86,0.784,"NOT DOME"
"77","12/24/16","Matt Bryant\bryanmat01",29,"Y","N","Away",0.919,72,15,37.3,0.858,"NOT DOME"
"78","12/24/16","Dan Carpenter\CarpDa44",46,"N","N","Home",0.76,37,8,36.16,0.84,"NOT DOME"
"79","12/24/16","Ryan Succop\SuccRy44",42,"Y","N","Away",0.917,60,7,39.33,0.831,"NOT DOME"
"80","12/24/16","Graham Gano\GanoGr44",31,"Y","N","Home",0.789,65,7,40.61,0.8,"NOT DOME"
"81","12/24/16","Stephen Gostkowski\GostSt20",29,"Y","N","Home",0.844,35,10,37.16,0.871,"NOT DOME"
"82","12/24/16","Matt Bryant\bryanmat01",51,"Y","N","Away",0.919,72,15,37.3,0.858,"NOT DOME"
"83","12/24/16","Chandler Catanzaro\CataCh00",42,"Y","N","Away",0.75,72,2,39.07,0.851,"NOT DOME"
"84","12/24/16","Wil Lutz\LutzWi00",42,"Y","N","Home",0.824,65,0,37.53,0.842,"NOT DOME"
"85","12/24/16","Jason Myers\MyerJa00",48,"Y","N","Home",0.794,65,1,42.82,0.824,"NOT DOME"
"86","12/24/16","Dan Carpenter\CarpDa44",45,"N","N","Home",0.76,65,8,36.16,0.84,"NOT DOME"
"87","12/24/16","Nick Folk\FolkNi20",34,"N","N","Away",0.871,65,9,33.97,0.813,"NOT DOME"
"88","12/24/16","Josh Lambo\LambJo00",43,"Y","N","Away",0.813,60,1,36.38,0.813,"NOT DOME"
"89","12/24/16","Andrew Franks\FranAn01",55,"Y","N","Away",0.762,60,1,32.86,0.784,"NOT DOME"
"90","12/24/16","Connor Barth\barthco01",22,"N","Y","Home",0.783,60,7,35.35,0.84,"NOT DOME"
"91","12/24/16","Matt Bryant\bryanmat01",30,"N","Y","Away",0.919,35,15,37.3,0.858,"NOT DOME"
"92","12/24/16","Wil Lutz\LutzWi00",21,"Y","N","Home",0.824,35,0,37.53,0.842,"NOT DOME"
"93","12/24/16","Graham Gano\GanoGr44",40,"Y","N","Home",0.789,35,7,40.61,0.8,"NOT DOME"
"94","12/24/16","Nick Novak\novaknic01",22,"Y","N","Home",0.854,35,9,36.78,0.828,"NOT DOME"
"95","12/24/16","Dustin Hopkins\HopkDu00",20,"Y","N","Away",0.81,35,2,36.9,0.845,"NOT DOME"
"96","12/24/16","Steven Hauschka\HausSt00",27,"Y","N","Home",0.892,65,9,34.14,0.868,"DOME"
"97","12/24/16","Chandler Catanzaro\CataCh00",53,"N","N","Away",0.75,65,2,39.07,0.851,"DOME"
"98","12/24/16","Jason Myers\MyerJa00",50,"Y","N","Home",0.794,65,1,42.82,0.824,"DOME"
"99","12/24/16","Mason Crosby\CrosMa20",48,"Y","N","Home",0.867,40,9,35.4,0.804,"NOT DOME"
"100","12/24/16","Cody Parkey\ParkCo03",27,"Y","N","Home",0.8,40,2,37.6,0.846,"NOT DOME"
"101","12/24/16","Josh Lambo\LambJo00",45,"N","N","Away",0.813,41,1,36.38,0.813,"NOT DOME"
"102","12/24/16","Matt Bryant\bryanmat01",50,"Y","N","Away",0.919,41,15,37.3,0.858,"NOT DOME"
"103","12/24/16","Jason Myers\MyerJa00",29,"Y","N","Home",0.794,41,1,42.82,0.824,"NOT DOME"
"104","12/24/16","Dan Carpenter\CarpDa44",28,"Y","N","Home",0.76,40,8,36.16,0.84,"NOT DOME"
"105","12/24/16","Roberto Aguayo\AguaRo00",35,"Y","N","Away",0.71,40,0,36.68,0.713,"NOT DOME"
"106","12/24/16","Stephen Gostkowski\GostSt20",22,"Y","N","Home",0.844,41,10,37.16,0.871,"NOT DOME"
"107","12/24/16","Andrew Franks\FranAn01",46,"N","N","Away",0.762,39,1,32.86,0.784,"NOT DOME"
"108","12/24/16","Matt Bryant\bryanmat01",48,"Y","N","Away",0.919,37,15,37.3,0.858,"NOT DOME"
"109","12/24/16","Chandler Catanzaro\CataCh00",43,"Y","N","Away",0.75,37,2,39.07,0.851,"NOT DOME"
"110","12/24/16","Wil Lutz\LutzWi00",34,"Y","N","Home",0.824,39,0,37.53,0.842,"NOT DOME"
"111","12/22/16","Caleb Sturgis\SturCa00",41,"Y","N","Home",0.854,35,3,37.63,0.81,"NOT DOME"
"112","12/19/16","Graham Gano\GanoGr44",23,"Y","N","Away",0.789,30,7,40.61,0.8,"NOT DOME"
"113","12/19/16","Dustin Hopkins\HopkDu00",43,"Y","N","Home",0.81,30,2,36.9,0.845,"NOT DOME"
"114","12/19/16","Graham Gano\GanoGr44",41,"Y","N","Away",0.789,30,7,40.61,0.8,"NOT DOME"
"115","12/19/16","Dustin Hopkins\HopkDu00",34,"Y","N","Home",0.81,30,2,36.9,0.845,"NOT DOME"
"116","12/19/16","Graham Gano\GanoGr44",23,"Y","N","Away",0.789,30,7,40.61,0.8,"NOT DOME"
"117","12/19/16","Graham Gano\GanoGr44",38,"N","N","Away",0.789,30,7,40.61,0.8,"NOT DOME"
"118","12/19/16","Dustin Hopkins\HopkDu00",26,"Y","N","Home",0.81,30,2,36.9,0.845,"NOT DOME"
"119","12/19/16","Graham Gano\GanoGr44",35,"Y","N","Away",0.789,30,7,40.61,0.8,"NOT DOME"
"120","12/18/16","Ryan Succop\SuccRy44",39,"Y","N","Away",0.917,2,7,39.33,0.831,"NOT DOME"
"121","12/18/16","Sebastian Janikowski\janikseb01",45,"Y","N","Away",0.829,60,16,38.54,0.804,"NOT DOME"
"122","12/18/16","Stephen Gostkowski\GostSt20",40,"Y","N","Away",0.844,27,10,37.16,0.871,"NOT DOME"
"123","12/18/16","Matt Bryant\bryanmat01",50,"Y","N","Home",0.919,65,15,37.3,0.858,"DOME"
"124","12/18/16","Caleb Sturgis\SturCa00",29,"Y","N","Away",0.854,58,3,37.63,0.81,"NOT DOME"
"125","12/18/16","Chandler Catanzaro\CataCh00",55,"N","N","Home",0.75,65,2,39.07,0.851,"DOME"
"126","12/18/16","Matt Prater\PratMa20",48,"Y","N","Away",0.861,48,10,40.17,0.831,"NOT DOME"
"127","12/18/16","Dan Bailey\BailDa00",27,"Y","N","Home",0.844,26,5,38.41,0.897,"NOT DOME"
"128","12/18/16","Wil Lutz\LutzWi00",37,"Y","N","Away",0.824,65,0,37.53,0.842,"DOME"
"129","12/18/16","Mason Crosby\CrosMa20",32,"Y","N","Away",0.867,9,9,35.4,0.804,"NOT DOME"
"130","12/18/16","Brandon McManus\McMaBr01",33,"Y","N","Home",0.853,27,2,37.88,0.821,"NOT DOME"
"131","12/18/16","Nick Novak\novaknic01",45,"Y","N","Home",0.854,37,9,36.78,0.828,"NOT DOME"
"132","12/18/16","Caleb Sturgis\SturCa00",45,"Y","N","Away",0.854,58,3,37.63,0.81,"NOT DOME"
"133","12/18/16","Jason Myers\MyerJa00",50,"Y","N","Away",0.794,37,1,42.82,0.824,"NOT DOME"
"134","12/18/16","Chris Boswell\BoswCh00",40,"Y","N","Away",0.84,26,1,40.64,0.877,"NOT DOME"
"135","12/18/16","Roberto Aguayo\AguaRo00",34,"Y","N","Away",0.71,26,0,36.68,0.713,"NOT DOME"
"136","12/18/16","Cairo Santos\SantCa01",34,"Y","N","Home",0.886,2,2,35.63,0.843,"NOT DOME"
"137","12/18/16","Sebastian Janikowski\janikseb01",21,"Y","N","Away",0.829,60,16,38.54,0.804,"NOT DOME"
"138","12/18/16","Connor Barth\barthco01",26,"Y","N","Home",0.783,9,7,35.35,0.84,"NOT DOME"
"139","12/18/16","Justin Tucker\TuckJu00",53,"Y","N","Home",0.974,58,4,41.95,0.899,"NOT DOME"
"140","12/18/16","Chris Boswell\BoswCh00",45,"Y","N","Away",0.84,26,1,40.64,0.877,"NOT DOME"
"141","12/18/16","Dan Bailey\BailDa00",40,"Y","N","Home",0.844,26,5,38.41,0.897,"NOT DOME"
"142","12/18/16","Stephen Gostkowski\GostSt20",45,"Y","N","Away",0.844,27,10,37.16,0.871,"NOT DOME"
"143","12/18/16","Adam Vinatieri\vinatada01",50,"Y","N","Away",0.871,65,20,43.16,0.842,"DOME"
"144","12/18/16","Nick Novak\novaknic01",27,"Y","N","Home",0.854,37,9,36.78,0.828,"NOT DOME"
"145","12/18/16","Caleb Sturgis\SturCa00",27,"Y","N","Away",0.854,58,3,37.63,0.81,"NOT DOME"
"146","12/18/16","Chris Boswell\BoswCh00",30,"Y","N","Away",0.84,26,1,40.64,0.877,"NOT DOME"
"147","12/18/16","Dan Bailey\BailDa00",56,"N","N","Home",0.844,26,5,38.41,0.897,"NOT DOME"
"148","12/18/16","Mason Crosby\CrosMa20",18,"Y","N","Away",0.867,9,9,35.4,0.804,"NOT DOME"
"149","12/18/16","Cody Parkey\ParkCo03",40,"Y","N","Away",0.8,25,2,37.6,0.846,"NOT DOME"
"150","12/18/16","Nick Novak\novaknic01",39,"Y","N","Home",0.854,37,9,36.78,0.828,"NOT DOME"
"151","12/18/16","Jason Myers\MyerJa00",26,"Y","N","Away",0.794,37,1,42.82,0.824,"NOT DOME"
"152","12/18/16","Dan Carpenter\CarpDa44",34,"Y","N","Home",0.76,25,8,36.16,0.84,"NOT DOME"
"153","12/18/16","Chris Boswell\BoswCh00",49,"Y","N","Away",0.84,26,1,40.64,0.877,"NOT DOME"
"154","12/18/16","Dan Bailey\BailDa00",33,"Y","N","Home",0.844,26,5,38.41,0.897,"NOT DOME"
"155","12/18/16","Roberto Aguayo\AguaRo00",25,"Y","N","Away",0.71,26,0,36.68,0.713,"NOT DOME"
"156","12/18/16","Ryan Succop\SuccRy44",53,"Y","N","Away",0.917,2,7,39.33,0.831,"NOT DOME"
"157","12/18/16","Sebastian Janikowski\janikseb01",33,"Y","N","Away",0.829,60,16,38.54,0.804,"NOT DOME"
"158","12/18/16","Stephen Gostkowski\GostSt20",21,"Y","N","Away",0.844,27,10,37.16,0.871,"NOT DOME"
"159","12/18/16","Matt Bryant\bryanmat01",41,"Y","N","Home",0.919,65,15,37.3,0.858,"DOME"
"160","12/18/16","Matt Prater\PratMa20",33,"Y","N","Away",0.861,48,10,40.17,0.831,"NOT DOME"
"161","12/18/16","Dan Bailey\BailDa00",52,"N","N","Home",0.844,26,5,38.41,0.897,"NOT DOME"
"162","12/18/16","Wil Lutz\LutzWi00",39,"Y","N","Away",0.824,65,0,37.53,0.842,"DOME"
"163","12/18/16","Adam Vinatieri\vinatada01",48,"Y","N","Away",0.871,65,20,43.16,0.842,"DOME"
"164","12/18/16","Nick Novak\novaknic01",43,"Y","N","Home",0.854,37,9,36.78,0.828,"NOT DOME"
"165","12/18/16","Caleb Sturgis\SturCa00",34,"Y","N","Away",0.854,58,3,37.63,0.81,"NOT DOME"
"166","12/18/16","Chris Boswell\BoswCh00",49,"Y","N","Away",0.84,26,1,40.64,0.877,"NOT DOME"
"167","12/18/16","Mason Crosby\CrosMa20",34,"Y","N","Away",0.867,9,9,35.4,0.804,"NOT DOME"
"168","12/18/16","Cody Parkey\ParkCo03",35,"Y","N","Away",0.8,25,2,37.6,0.846,"NOT DOME"
"169","12/18/16","Josh Lambo\LambJo00",35,"Y","N","Home",0.813,60,1,36.38,0.813,"NOT DOME"
"170","12/18/16","Sebastian Janikowski\janikseb01",44,"Y","N","Away",0.829,60,16,38.54,0.804,"NOT DOME"
"171","12/18/16","Connor Barth\barthco01",22,"Y","N","Home",0.783,9,7,35.35,0.84,"NOT DOME"
"172","12/18/16","Dan Carpenter\CarpDa44",21,"Y","N","Home",0.76,25,8,36.16,0.84,"NOT DOME"
"173","12/18/16","Justin Tucker\TuckJu00",47,"Y","N","Home",0.974,58,4,41.95,0.899,"NOT DOME"
"174","12/18/16","Chris Boswell\BoswCh00",49,"Y","N","Away",0.84,26,1,40.64,0.877,"NOT DOME"
"175","12/18/16","Dan Bailey\BailDa00",38,"Y","N","Home",0.844,26,5,38.41,0.897,"NOT DOME"
"176","12/17/16","Nick Folk\FolkNi20",48,"Y","N","Home",0.871,34,9,33.97,0.813,"NOT DOME"
"177","12/17/16","Nick Folk\FolkNi20",36,"Y","N","Home",0.871,34,9,33.97,0.813,"NOT DOME"
"178","12/15/16","Greg Zuerlein\ZuerGr00",36,"Y","N","Away",0.864,35,4,38.68,0.799,"NOT DOME"
"179","12/15/16","Steven Hauschka\HausSt00",48,"Y","N","Home",0.892,35,9,34.14,0.868,"NOT DOME"
"180","12/12/16","Justin Tucker\TuckJu00",38,"Y","N","Away",0.974,75,4,41.95,0.899,"NOT DOME"
"181","12/12/16","Justin Tucker\TuckJu00",50,"Y","N","Away",0.974,33,4,41.95,0.899,"NOT DOME"
"182","12/12/16","Justin Tucker\TuckJu00",37,"Y","N","Away",0.974,33,4,41.95,0.899,"NOT DOME"
"183","12/12/16","Justin Tucker\TuckJu00",34,"N","Y","Away",0.974,33,4,41.95,0.899,"NOT DOME"
"184","12/11/16","Nick Novak\novaknic01",52,"Y","N","Away",0.854,33,9,36.78,0.828,"NOT DOME"
"185","12/11/16","Jason Myers\MyerJa00",55,"Y","N","Home",0.794,65,1,42.82,0.824,"DOME"
"186","12/11/16","Phil Dawson\dawsophi01",44,"N","N","Home",0.857,66,18,40.33,0.844,"NOT DOME"
"187","12/11/16","Chris Boswell\BoswCh00",37,"Y","N","Away",0.84,53,1,40.64,0.877,"NOT DOME"
"188","12/11/16","Graham Gano\GanoGr44",44,"Y","N","Home",0.789,24,7,40.61,0.8,"NOT DOME"
"189","12/11/16","Adam Vinatieri\vinatada01",55,"N","N","Home",0.871,42,20,43.16,0.842,"NOT DOME"
"190","12/11/16","Wil Lutz\LutzWi00",42,"Y","N","Away",0.824,66,0,37.53,0.842,"NOT DOME"
"191","12/11/16","Mason Crosby\CrosMa20",38,"Y","N","Home",0.867,75,9,35.4,0.804,"NOT DOME"
"192","12/11/16","Cody Parkey\ParkCo03",30,"Y","N","Home",0.8,27,2,37.6,0.846,"NOT DOME"
"193","12/11/16","Graham Gano\GanoGr44",23,"Y","N","Home",0.789,28,7,40.61,0.8,"NOT DOME"
"194","12/11/16","Josh Lambo\LambJo00",32,"Y","N","Away",0.813,42,1,36.38,0.813,"NOT DOME"
"195","12/11/16","Andrew Franks\FranAn01",21,"Y","N","Home",0.762,42,1,32.86,0.784,"NOT DOME"
"196","12/11/16","Nick Novak\novaknic01",41,"Y","N","Away",0.854,75,9,36.78,0.828,"NOT DOME"
"197","12/11/16","Caleb Sturgis\SturCa00",45,"Y","N","Home",0.854,65,3,37.63,0.81,"DOME"
"198","12/11/16","Jason Myers\MyerJa00",41,"N","N","Home",0.794,33,1,42.82,0.824,"NOT DOME"
"199","12/11/16","Mike Nugent\nugenmik01",44,"Y","N","Away",0.793,66,12,35.17,0.808,"NOT DOME"
"200","12/11/16","Phil Dawson\dawsophi01",47,"Y","N","Home",0.857,28,18,40.33,0.844,"NOT DOME"
"201","12/11/16","Nick Folk\FolkNi20",36,"Y","N","Away",0.871,53,9,33.97,0.813,"NOT DOME"
"202","12/11/16","Roberto Aguayo\AguaRo00",39,"Y","N","Home",0.71,53,0,36.68,0.713,"NOT DOME"
"203","12/11/16","Ryan Succop\SuccRy44",41,"Y","N","Home",0.917,75,7,39.33,0.831,"NOT DOME"
"204","12/11/16","Nick Novak\novaknic01",21,"Y","N","Away",0.854,48,9,36.78,0.828,"NOT DOME"
"205","12/11/16","Chandler Catanzaro\CataCh00",56,"Y","N","Away",0.75,65,2,39.07,0.851,"DOME"
"206","12/11/16","Jason Myers\MyerJa00",45,"Y","N","Home",0.794,66,1,42.82,0.824,"NOT DOME"
"207","12/11/16","Matt Prater\PratMa20",54,"Y","N","Home",0.861,65,10,40.17,0.831,"DOME"
"208","12/11/16","Wil Lutz\LutzWi00",22,"Y","N","Away",0.824,75,0,37.53,0.842,"NOT DOME"
"209","12/11/16","Graham Gano\GanoGr44",41,"Y","N","Home",0.789,42,7,40.61,0.8,"NOT DOME"
"210","12/11/16","Brandon McManus\McMaBr01",34,"Y","N","Away",0.853,48,2,37.88,0.821,"NOT DOME"
"211","12/11/16","Adam Vinatieri\vinatada01",32,"Y","N","Home",0.871,65,20,43.16,0.842,"DOME"
"212","12/11/16","Dustin Hopkins\HopkDu00",38,"N","N","Away",0.81,33,2,36.9,0.845,"NOT DOME"
"213","12/11/16","Caleb Sturgis\SturCa00",41,"Y","N","Home",0.854,33,3,37.63,0.81,"NOT DOME"
"214","12/11/16","Nick Folk\FolkNi20",50,"Y","N","Away",0.871,53,9,33.97,0.813,"NOT DOME"
"215","12/11/16","Mason Crosby\CrosMa20",51,"N","N","Home",0.867,28,9,35.4,0.804,"NOT DOME"
"216","12/11/16","Graham Gano\GanoGr44",45,"Y","N","Home",0.789,42,7,40.61,0.8,"NOT DOME"
"217","12/11/16","Nick Novak\novaknic01",24,"Y","N","Away",0.854,65,9,36.78,0.828,"DOME"
"218","12/11/16","Connor Barth\barthco01",38,"Y","N","Away",0.783,65,7,35.35,0.84,"DOME"
"219","12/11/16","Jason Myers\MyerJa00",24,"Y","N","Home",0.794,66,1,42.82,0.824,"NOT DOME"
"220","12/11/16","Mike Nugent\nugenmik01",36,"N","N","Away",0.793,28,12,35.17,0.808,"NOT DOME"
"221","12/11/16","Phil Dawson\dawsophi01",48,"N","N","Home",0.857,53,18,40.33,0.844,"NOT DOME"
"222","12/11/16","Chris Boswell\BoswCh00",39,"Y","N","Away",0.84,24,1,40.64,0.877,"NOT DOME"
"223","12/11/16","Roberto Aguayo\AguaRo00",41,"Y","N","Home",0.71,75,0,36.68,0.713,"NOT DOME"
"224","12/11/16","Ryan Succop\SuccRy44",53,"Y","N","Home",0.917,48,7,39.33,0.831,"NOT DOME"
"225","12/11/16","Steven Hauschka\HausSt00",28,"Y","N","Away",0.892,27,9,34.14,0.868,"NOT DOME"
"226","12/11/16","Chandler Catanzaro\CataCh00",41,"N","N","Away",0.75,75,2,39.07,0.851,"NOT DOME"
"227","12/11/16","Matt Prater\PratMa20",29,"Y","N","Home",0.861,65,10,40.17,0.831,"DOME"
"228","12/11/16","Dan Bailey\BailDa00",55,"N","N","Away",0.844,30,5,38.41,0.897,"NOT DOME"
"229","12/11/16","Wil Lutz\LutzWi00",34,"Y","N","Away",0.824,57,0,37.53,0.842,"NOT DOME"
"230","12/11/16","Nick Novak\novaknic01",34,"Y","N","Away",0.854,65,9,36.78,0.828,"DOME"
"231","12/11/16","Caleb Sturgis\SturCa00",36,"Y","N","Home",0.854,33,3,37.63,0.81,"NOT DOME"
"232","12/11/16","Jason Myers\MyerJa00",61,"N","Y","Home",0.794,66,1,42.82,0.824,"NOT DOME"
"233","12/11/16","Nick Folk\FolkNi20",30,"Y","N","Away",0.871,53,9,33.97,0.813,"NOT DOME"
"234","12/11/16","Roberto Aguayo\AguaRo00",26,"Y","N","Home",0.71,75,0,36.68,0.713,"NOT DOME"
"235","12/8/16","Sebastian Janikowski\janikseb01",33,"Y","N","Away",0.829,23,16,38.54,0.804,"NOT DOME"
"236","12/8/16","Sebastian Janikowski\janikseb01",44,"Y","N","Away",0.829,23,16,38.54,0.804,"NOT DOME"
"237","12/5/16","Adam Vinatieri\vinatada01",53,"Y","N","Away",0.871,43,20,43.16,0.842,"NOT DOME"
"238","12/5/16","Nick Folk\FolkNi20",38,"Y","N","Home",0.871,43,9,33.97,0.813,"NOT DOME"
"239","12/5/16","Adam Vinatieri\vinatada01",36,"Y","N","Away",0.871,43,20,43.16,0.842,"NOT DOME"
"240","12/4/16","Connor Barth\barthco01",45,"Y","N","Home",0.783,35,7,35.35,0.84,"NOT DOME"
"241","12/4/16","Mike Nugent\nugenmik01",38,"Y","N","Home",0.793,41,12,35.17,0.808,"NOT DOME"
"242","12/4/16","Roberto Aguayo\AguaRo00",35,"Y","N","Away",0.71,71,0,36.68,0.713,"NOT DOME"
"243","12/4/16","Sebastian Janikowski\janikseb01",47,"Y","N","Home",0.829,55,16,38.54,0.804,"NOT DOME"
"244","12/4/16","Stephen Gostkowski\GostSt20",45,"Y","N","Home",0.844,37,10,37.16,0.871,"NOT DOME"
"245","12/4/16","Matt Bryant\bryanmat01",22,"Y","N","Home",0.919,65,15,37.3,0.858,"DOME"
"246","12/4/16","Steven Hauschka\HausSt00",28,"Y","N","Home",0.892,41,9,34.14,0.868,"NOT DOME"
"247","12/4/16","Chandler Catanzaro\CataCh00",53,"N","N","Home",0.75,65,2,39.07,0.851,"DOME"
"248","12/4/16","Matt Prater\PratMa20",52,"Y","N","Away",0.861,65,10,40.17,0.831,"DOME"
"249","12/4/16","Mike Nugent\nugenmik01",32,"Y","N","Home",0.793,41,12,35.17,0.808,"NOT DOME"
"250","12/4/16","Justin Tucker\TuckJu00",55,"Y","N","Home",0.974,45,4,41.95,0.899,"NOT DOME"
"251","12/4/16","Brandon McManus\McMaBr01",32,"Y","N","Away",0.853,75,2,37.88,0.821,"NOT DOME"
"252","12/4/16","Dustin Hopkins\HopkDu00",20,"Y","N","Away",0.81,65,2,36.9,0.845,"DOME"
"253","12/4/16","Steven Hauschka\HausSt00",23,"Y","N","Home",0.892,41,9,34.14,0.868,"NOT DOME"
"254","12/4/16","Matt Prater\PratMa20",29,"Y","N","Away",0.861,65,10,40.17,0.831,"DOME"
"255","12/4/16","Dan Carpenter\CarpDa44",27,"Y","N","Away",0.76,55,8,36.16,0.84,"NOT DOME"
"256","12/4/16","Matt Bryant\bryanmat01",59,"Y","N","Home",0.919,65,15,37.3,0.858,"DOME"
"257","12/4/16","Mike Nugent\nugenmik01",26,"Y","N","Home",0.793,41,12,35.17,0.808,"NOT DOME"
"258","12/4/16","Phil Dawson\dawsophi01",28,"Y","N","Away",0.857,35,18,40.33,0.844,"NOT DOME"
"259","12/4/16","Roberto Aguayo\AguaRo00",27,"Y","N","Away",0.71,71,0,36.68,0.713,"NOT DOME"
"260","12/4/16","Sebastian Janikowski\janikseb01",41,"Y","N","Home",0.829,55,16,38.54,0.804,"NOT DOME"
"261","12/4/16","Stephen Gostkowski\GostSt20",48,"Y","N","Home",0.844,37,10,37.16,0.871,"NOT DOME"
"262","12/4/16","Steven Hauschka\HausSt00",31,"Y","N","Home",0.892,41,9,34.14,0.868,"NOT DOME"
"263","12/4/16","Chandler Catanzaro\CataCh00",28,"Y","N","Home",0.75,65,2,39.07,0.851,"DOME"
"264","12/4/16","Matt Prater\PratMa20",27,"Y","N","Away",0.861,65,10,40.17,0.831,"DOME"
"265","12/4/16","Wil Lutz\LutzWi00",32,"Y","N","Home",0.824,65,0,37.53,0.842,"DOME"
"266","12/4/16","Josh Lambo\LambJo00",53,"N","N","Home",0.813,71,1,36.38,0.813,"NOT DOME"
"267","12/4/16","Andrew Franks\FranAn01",46,"N","N","Away",0.762,45,1,32.86,0.784,"NOT DOME"
"268","12/4/16","Dustin Hopkins\HopkDu00",47,"Y","N","Away",0.81,65,2,36.9,0.845,"DOME"
"269","12/4/16","Caleb Sturgis\SturCa00",51,"N","N","Away",0.854,41,3,37.63,0.81,"NOT DOME"
"270","12/4/16","Matt Prater\PratMa20",27,"Y","N","Away",0.861,65,10,40.17,0.831,"DOME"
"271","12/4/16","Stephen Gostkowski\GostSt20",45,"Y","N","Home",0.844,37,10,37.16,0.871,"NOT DOME"
"272","12/4/16","Greg Zuerlein\ZuerGr00",44,"Y","N","Away",0.864,37,4,38.68,0.799,"NOT DOME"
"273","12/4/16","Matt Bryant\bryanmat01",22,"Y","N","Home",0.919,65,15,37.3,0.858,"DOME"
"274","12/4/16","Jason Myers\MyerJa00",47,"Y","N","Home",0.794,75,1,42.82,0.824,"NOT DOME"
"275","12/4/16","Mike Nugent\nugenmik01",33,"Y","N","Home",0.793,41,12,35.17,0.808,"NOT DOME"
"276","12/4/16","Phil Dawson\dawsophi01",31,"Y","N","Away",0.857,35,18,40.33,0.844,"NOT DOME"
"277","12/4/16","Roberto Aguayo\AguaRo00",31,"N","N","Away",0.71,71,0,36.68,0.713,"NOT DOME"
"278","12/4/16","Sebastian Janikowski\janikseb01",47,"Y","N","Home",0.829,55,16,38.54,0.804,"NOT DOME"
"279","12/4/16","Stephen Gostkowski\GostSt20",28,"Y","N","Home",0.844,37,10,37.16,0.871,"NOT DOME"
"280","12/4/16","Brandon McManus\McMaBr01",41,"Y","N","Away",0.853,75,2,37.88,0.821,"NOT DOME"
"281","12/4/16","Dustin Hopkins\HopkDu00",53,"Y","N","Away",0.81,65,2,36.9,0.845,"DOME"
"282","12/4/16","Steven Hauschka\HausSt00",37,"Y","N","Home",0.892,41,9,34.14,0.868,"NOT DOME"
"283","12/4/16","Matt Prater\PratMa20",32,"Y","N","Away",0.861,65,10,40.17,0.831,"DOME"
"284","12/4/16","Wil Lutz\LutzWi00",40,"Y","N","Home",0.824,65,0,37.53,0.842,"DOME"
"285","12/1/16","Dan Bailey\BailDa00",39,"Y","N","Away",0.844,65,5,38.41,0.897,"DOME"
"286","11/28/16","Caleb Sturgis\SturCa00",50,"Y","N","Home",0.854,47,3,37.63,0.81,"NOT DOME"
"287","11/28/16","Mason Crosby\CrosMa20",33,"Y","N","Away",0.867,65,9,35.4,0.804,"DOME"
"288","11/28/16","Caleb Sturgis\SturCa00",48,"Y","N","Home",0.854,47,3,37.63,0.81,"NOT DOME"
"289","11/28/16","Mason Crosby\CrosMa20",32,"Y","N","Away",0.867,47,9,35.4,0.804,"NOT DOME"
"290","11/27/16","Cairo Santos\SantCa01",37,"Y","N","Away",0.886,47,2,35.63,0.843,"NOT DOME"
"291","11/27/16","Josh Lambo\LambJo00",54,"N","N","Away",0.813,44,1,36.38,0.813,"NOT DOME"
"292","11/27/16","Stephen Gostkowski\GostSt20",39,"N","N","Away",0.844,67,10,37.16,0.871,"NOT DOME"
"293","11/27/16","Brandon McManus\McMaBr01",44,"Y","N","Home",0.853,48,2,37.88,0.821,"NOT DOME"
"294","11/27/16","Andrew Franks\FranAn01",24,"Y","N","Home",0.762,44,1,32.86,0.784,"NOT DOME"
"295","11/27/16","Nick Folk\FolkNi20",54,"N","Y","Home",0.871,79,9,33.97,0.813,"NOT DOME"
"296","11/27/16","Ryan Succop\SuccRy44",31,"Y","N","Away",0.917,48,7,39.33,0.831,"NOT DOME"
"297","11/27/16","Nick Novak\novaknic01",19,"Y","N","Home",0.854,38,9,36.78,0.828,"NOT DOME"
"298","11/27/16","Phil Dawson\dawsophi01",36,"Y","N","Away",0.857,67,18,40.33,0.844,"NOT DOME"
"299","11/27/16","Roberto Aguayo\AguaRo00",48,"N","N","Home",0.71,79,0,36.68,0.713,"NOT DOME"
"300","11/27/16","Sebastian Janikowski\janikseb01",23,"Y","N","Home",0.829,78,16,38.54,0.804,"NOT DOME"
"301","11/27/16","Stephen Gostkowski\GostSt20",41,"Y","N","Away",0.844,56,10,37.16,0.871,"NOT DOME"
"302","11/27/16","Chandler Catanzaro\CataCh00",25,"Y","N","Away",0.75,48,2,39.07,0.851,"NOT DOME"
"303","11/27/16","Justin Tucker\TuckJu00",57,"Y","N","Home",0.974,49,4,41.95,0.899,"NOT DOME"
"304","11/27/16","Stephen Gostkowski\GostSt20",28,"Y","N","Away",0.844,48,10,37.16,0.871,"NOT DOME"
"305","11/27/16","Brandon McManus\McMaBr01",33,"Y","N","Home",0.853,44,2,37.88,0.821,"NOT DOME"
"306","11/27/16","Nick Folk\FolkNi20",51,"Y","N","Home",0.871,48,9,33.97,0.813,"NOT DOME"
"307","11/27/16","Ryan Succop\SuccRy44",19,"Y","N","Away",0.917,38,7,39.33,0.831,"NOT DOME"
"308","11/27/16","Matt Bryant\bryanmat01",45,"Y","N","Home",0.919,65,15,37.3,0.858,"DOME"
"309","11/27/16","Mike Nugent\nugenmik01",36,"Y","N","Away",0.793,49,12,35.17,0.808,"NOT DOME"
"310","11/27/16","Justin Tucker\TuckJu00",36,"Y","N","Home",0.974,49,4,41.95,0.899,"NOT DOME"
"311","11/27/16","Cody Parkey\ParkCo03",25,"Y","N","Home",0.8,46,2,37.6,0.846,"NOT DOME"
"312","11/27/16","Cairo Santos\SantCa01",34,"Y","N","Away",0.886,44,2,35.63,0.843,"NOT DOME"
"313","11/27/16","Sebastian Janikowski\janikseb01",23,"Y","N","Home",0.829,56,16,38.54,0.804,"NOT DOME"
"314","11/27/16","Stephen Gostkowski\GostSt20",29,"Y","N","Away",0.844,48,10,37.16,0.871,"NOT DOME"
"315","11/27/16","Brandon McManus\McMaBr01",62,"N","N","Home",0.853,44,2,37.88,0.821,"NOT DOME"
"316","11/27/16","Steven Hauschka\HausSt00",43,"Y","N","Away",0.892,78,9,34.14,0.868,"NOT DOME"
"317","11/27/16","Justin Tucker\TuckJu00",52,"Y","N","Home",0.974,49,4,41.95,0.899,"NOT DOME"
"318","11/27/16","Nick Novak\novaknic01",45,"Y","N","Home",0.854,67,9,36.78,0.828,"NOT DOME"
"319","11/27/16","Chandler Catanzaro\CataCh00",54,"Y","N","Away",0.75,65,2,39.07,0.851,"DOME"
"320","11/27/16","Mike Nugent\nugenmik01",23,"Y","N","Away",0.793,49,12,35.17,0.808,"NOT DOME"
"321","11/27/16","Justin Tucker\TuckJu00",54,"Y","N","Home",0.974,49,4,41.95,0.899,"NOT DOME"
"322","11/27/16","Cody Parkey\ParkCo03",20,"Y","N","Home",0.8,46,2,37.6,0.846,"NOT DOME"
"323","11/24/16","Dustin Hopkins\HopkDu00",20,"Y","N","Away",0.81,69,2,36.9,0.845,"NOT DOME"
"324","11/24/16","Matt Prater\PratMa20",40,"Y","N","Home",0.861,65,10,40.17,0.831,"DOME"
"325","11/24/16","Dustin Hopkins\HopkDu00",43,"N","N","Away",0.81,69,2,36.9,0.845,"NOT DOME"
"326","11/24/16","Dustin Hopkins\HopkDu00",55,"N","N","Away",0.81,69,2,36.9,0.845,"NOT DOME"
"327","11/24/16","Matt Prater\PratMa20",48,"Y","N","Home",0.861,65,10,40.17,0.831,"DOME"
"328","11/24/16","Dan Bailey\BailDa00",46,"Y","N","Home",0.844,69,5,38.41,0.897,"NOT DOME"
"329","11/24/16","Adam Vinatieri\vinatada01",52,"N","N","Home",0.871,65,20,43.16,0.842,"DOME"
"330","11/24/16","Dustin Hopkins\HopkDu00",24,"Y","N","Away",0.81,69,2,36.9,0.845,"NOT DOME"
"331","11/24/16","Matt Prater\PratMa20",29,"Y","N","Home",0.861,65,10,40.17,0.831,"DOME"
"332","11/21/16","Sebastian Janikowski\janikseb01",20,"Y","N","Home",0.829,62,16,38.54,0.804,"NOT DOME"
"333","11/21/16","Sebastian Janikowski\janikseb01",19,"Y","N","Home",0.829,62,16,38.54,0.804,"NOT DOME"
"334","11/21/16","Nick Novak\novaknic01",28,"Y","N","Away",0.854,62,9,36.78,0.828,"NOT DOME"
"335","11/21/16","Nick Novak\novaknic01",32,"Y","N","Away",0.854,62,9,36.78,0.828,"NOT DOME"
"336","11/20/16","Adam Vinatieri\vinatada01",49,"Y","N","Home",0.871,65,20,43.16,0.842,"DOME"
"337","11/20/16","Steven Hauschka\HausSt00",44,"N","N","Home",0.892,51,9,34.14,0.868,"NOT DOME"
"338","11/20/16","Justin Tucker\TuckJu00",46,"Y","N","Away",0.974,53,4,41.95,0.899,"NOT DOME"
"339","11/20/16","Dan Carpenter\CarpDa44",54,"Y","N","Away",0.76,37,8,36.16,0.84,"NOT DOME"
"340","11/20/16","Mason Crosby\CrosMa20",36,"Y","N","Away",0.867,38,9,35.4,0.804,"NOT DOME"
"341","11/20/16","Greg Zuerlein\ZuerGr00",48,"N","N","Home",0.864,63,4,38.68,0.799,"NOT DOME"
"342","11/20/16","Matt Prater\PratMa20",43,"Y","N","Home",0.861,65,10,40.17,0.831,"DOME"
"343","11/20/16","Jason Myers\MyerJa00",52,"Y","N","Away",0.794,65,1,42.82,0.824,"DOME"
"344","11/20/16","Chris Boswell\BoswCh00",32,"Y","N","Away",0.84,35,1,40.64,0.877,"NOT DOME"
"345","11/20/16","Dan Bailey\BailDa00",30,"Y","N","Home",0.844,53,5,38.41,0.897,"NOT DOME"
"346","11/20/16","Roberto Aguayo\AguaRo00",22,"Y","N","Away",0.71,43,0,36.68,0.713,"NOT DOME"
"347","11/20/16","Cody Parkey\ParkCo03",24,"Y","N","Home",0.8,35,2,37.6,0.846,"NOT DOME"
"348","11/20/16","Cairo Santos\SantCa01",22,"Y","N","Home",0.886,43,2,35.63,0.843,"NOT DOME"
"349","11/20/16","Adam Vinatieri\vinatada01",42,"N","N","Home",0.871,65,20,43.16,0.842,"DOME"
"350","11/20/16","Connor Barth\barthco01",51,"N","N","Away",0.783,40,7,35.35,0.84,"NOT DOME"
"351","11/20/16","Steven Hauschka\HausSt00",35,"Y","N","Home",0.892,51,9,34.14,0.868,"NOT DOME"
"352","11/20/16","Dan Carpenter\CarpDa44",26,"Y","N","Away",0.76,37,8,36.16,0.84,"NOT DOME"
"353","11/20/16","Dustin Hopkins\HopkDu00",37,"Y","N","Home",0.81,38,2,36.9,0.845,"NOT DOME"
"354","11/20/16","Greg Zuerlein\ZuerGr00",46,"Y","N","Home",0.864,63,4,38.68,0.799,"NOT DOME"
"355","11/20/16","Matt Prater\PratMa20",27,"Y","N","Home",0.861,40,10,40.17,0.831,"NOT DOME"
"356","11/20/16","Jason Myers\MyerJa00",27,"Y","N","Away",0.794,65,1,42.82,0.824,"DOME"
"357","11/20/16","Phil Dawson\dawsophi01",33,"Y","N","Home",0.857,61,18,40.33,0.844,"NOT DOME"
"358","11/20/16","Chris Boswell\BoswCh00",22,"Y","N","Away",0.84,35,1,40.64,0.877,"NOT DOME"
"359","11/20/16","Roberto Aguayo\AguaRo00",36,"Y","N","Away",0.71,43,0,36.68,0.713,"NOT DOME"
"360","11/20/16","Chandler Catanzaro\CataCh00",34,"Y","N","Away",0.75,65,2,39.07,0.851,"DOME"
"361","11/20/16","Dan Carpenter\CarpDa44",20,"Y","N","Away",0.76,37,8,36.16,0.84,"NOT DOME"
"362","11/20/16","Roberto Aguayo\AguaRo00",31,"Y","N","Away",0.71,43,0,36.68,0.713,"NOT DOME"
"363","11/20/16","Mason Crosby\CrosMa20",36,"N","N","Away",0.867,38,9,35.4,0.804,"NOT DOME"
"364","11/20/16","Stephen Gostkowski\GostSt20",38,"Y","N","Away",0.844,61,10,37.16,0.871,"NOT DOME"
"365","11/20/16","Connor Barth\barthco01",40,"Y","N","Away",0.783,40,7,35.35,0.84,"NOT DOME"
"366","11/20/16","Steven Hauschka\HausSt00",21,"Y","N","Home",0.892,51,9,34.14,0.868,"NOT DOME"
"367","11/20/16","Ryan Succop\SuccRy44",47,"Y","N","Away",0.917,65,7,39.33,0.831,"DOME"
"368","11/20/16","Chris Boswell\BoswCh00",33,"Y","N","Away",0.84,35,1,40.64,0.877,"NOT DOME"
"369","11/20/16","Dan Bailey\BailDa00",21,"Y","N","Home",0.844,53,5,38.41,0.897,"NOT DOME"
"370","11/20/16","Roberto Aguayo\AguaRo00",41,"Y","N","Away",0.71,43,0,36.68,0.713,"NOT DOME"
"371","11/17/16","Wil Lutz\LutzWi00",27,"Y","N","Away",0.824,57,0,37.53,0.842,"NOT DOME"
"372","11/17/16","Graham Gano\GanoGr44",49,"Y","N","Home",0.789,57,7,40.61,0.8,"NOT DOME"
"373","11/17/16","Wil Lutz\LutzWi00",30,"Y","N","Away",0.824,57,0,37.53,0.842,"NOT DOME"
"374","11/17/16","Graham Gano\GanoGr44",32,"Y","N","Home",0.789,57,7,40.61,0.8,"NOT DOME"
"375","11/17/16","Wil Lutz\LutzWi00",38,"N","Y","Away",0.824,57,0,37.53,0.842,"NOT DOME"
"376","11/17/16","Graham Gano\GanoGr44",42,"Y","N","Home",0.789,57,7,40.61,0.8,"NOT DOME"
"377","11/14/16","Mike Nugent\nugenmik01",38,"Y","N","Away",0.793,54,12,35.17,0.808,"NOT DOME"
"378","11/14/16","Mike Nugent\nugenmik01",25,"Y","N","Away",0.793,54,12,35.17,0.808,"NOT DOME"
"379","11/13/16","Nick Novak\novaknic01",49,"N","N","Away",0.854,71,9,36.78,0.828,"NOT DOME"
"380","11/13/16","Dustin Hopkins\HopkDu00",30,"Y","N","Home",0.81,55,2,36.9,0.845,"NOT DOME"
"381","11/13/16","Matt Bryant\bryanmat01",38,"Y","N","Away",0.919,54,15,37.3,0.858,"NOT DOME"
"382","11/13/16","Chandler Catanzaro\CataCh00",34,"Y","N","Home",0.75,65,2,39.07,0.851,"DOME"
"383","11/13/16","Chris Boswell\BoswCh00",55,"N","N","Home",0.84,54,1,40.64,0.877,"NOT DOME"
"384","11/13/16","Dan Bailey\BailDa00",53,"Y","N","Away",0.844,54,5,38.41,0.897,"NOT DOME"
"385","11/13/16","Roberto Aguayo\AguaRo00",27,"Y","N","Home",0.71,77,0,36.68,0.713,"NOT DOME"
"386","11/13/16","Stephen Gostkowski\GostSt20",30,"Y","N","Home",0.844,45,10,37.16,0.871,"NOT DOME"
"387","11/13/16","Brandon McManus\McMaBr01",28,"Y","N","Away",0.853,65,2,37.88,0.821,"DOME"
"388","11/13/16","Connor Barth\barthco01",54,"Y","N","Away",0.783,77,7,35.35,0.84,"NOT DOME"
"389","11/13/16","Steven Hauschka\HausSt00",23,"Y","N","Away",0.892,45,9,34.14,0.868,"NOT DOME"
"390","11/13/16","Caleb Sturgis\SturCa00",55,"N","N","Home",0.854,54,3,37.63,0.81,"NOT DOME"
"391","11/13/16","Cairo Santos\SantCa01",33,"Y","N","Away",0.886,48,2,35.63,0.843,"NOT DOME"
"392","11/13/16","Ryan Succop\SuccRy44",23,"Y","N","Home",0.917,55,7,39.33,0.831,"NOT DOME"
"393","11/13/16","Nick Novak\novaknic01",51,"Y","N","Away",0.854,71,9,36.78,0.828,"NOT DOME"
"394","11/13/16","Dustin Hopkins\HopkDu00",50,"Y","N","Home",0.81,55,2,36.9,0.845,"NOT DOME"
"395","11/13/16","Steven Hauschka\HausSt00",27,"Y","N","Away",0.892,45,9,34.14,0.868,"NOT DOME"
"396","11/13/16","Greg Zuerlein\ZuerGr00",38,"Y","N","Away",0.864,55,4,38.68,0.799,"NOT DOME"
"397","11/13/16","Caleb Sturgis\SturCa00",44,"N","N","Home",0.854,54,3,37.63,0.81,"NOT DOME"
"398","11/13/16","Matt Bryant\bryanmat01",53,"N","N","Away",0.919,54,15,37.3,0.858,"NOT DOME"
"399","11/13/16","Jason Myers\MyerJa00",54,"Y","N","Home",0.794,71,1,42.82,0.824,"NOT DOME"
"400","11/13/16","Phil Dawson\dawsophi01",49,"Y","N","Away",0.857,65,18,40.33,0.844,"DOME"
"401","11/13/16","Josh Lambo\LambJo00",45,"Y","N","Home",0.813,84,1,36.38,0.813,"NOT DOME"
"402","11/13/16","Andrew Franks\FranAn01",27,"Y","N","Away",0.762,84,1,32.86,0.784,"NOT DOME"
"403","11/13/16","Chandler Catanzaro\CataCh00",19,"Y","N","Home",0.75,65,2,39.07,0.851,"DOME"
"404","11/13/16","Chris Boswell\BoswCh00",39,"Y","N","Home",0.84,54,1,40.64,0.877,"NOT DOME"
"405","11/13/16","Dan Bailey\BailDa00",37,"Y","N","Away",0.844,54,5,38.41,0.897,"NOT DOME"
"406","11/13/16","Wil Lutz\LutzWi00",30,"Y","N","Home",0.824,65,0,37.53,0.842,"DOME"
"407","11/13/16","Roberto Aguayo\AguaRo00",30,"Y","N","Home",0.71,77,0,36.68,0.713,"NOT DOME"
"408","11/13/16","Mason Crosby\CrosMa20",38,"Y","N","Away",0.867,55,9,35.4,0.804,"NOT DOME"
"409","11/13/16","Brandon McManus\McMaBr01",42,"N","N","Away",0.853,65,2,37.88,0.821,"DOME"
"410","11/13/16","Steven Hauschka\HausSt00",41,"Y","N","Away",0.892,45,9,34.14,0.868,"NOT DOME"
"411","11/13/16","Caleb Sturgis\SturCa00",25,"Y","N","Home",0.854,54,3,37.63,0.81,"NOT DOME"
"412","11/13/16","Cairo Santos\SantCa01",36,"Y","N","Away",0.886,48,2,35.63,0.843,"NOT DOME"
"413","11/13/16","Nick Novak\novaknic01",50,"N","N","Away",0.854,71,9,36.78,0.828,"NOT DOME"
"414","11/13/16","Dustin Hopkins\HopkDu00",37,"Y","N","Home",0.81,55,2,36.9,0.845,"NOT DOME"
"415","11/13/16","Greg Zuerlein\ZuerGr00",20,"Y","N","Away",0.864,55,4,38.68,0.799,"NOT DOME"
"416","11/13/16","Matt Bryant\bryanmat01",43,"Y","N","Away",0.919,54,15,37.3,0.858,"NOT DOME"
"417","11/13/16","Chris Boswell\BoswCh00",25,"Y","N","Home",0.84,54,1,40.64,0.877,"NOT DOME"
"418","11/13/16","Dan Bailey\BailDa00",46,"Y","N","Away",0.844,54,5,38.41,0.897,"NOT DOME"
"419","11/13/16","Ryan Succop\SuccRy44",51,"Y","N","Home",0.917,55,7,39.33,0.831,"NOT DOME"
"420","11/13/16","Brandon McManus\McMaBr01",37,"Y","N","Away",0.853,65,2,37.88,0.821,"DOME"
"421","11/13/16","Caleb Sturgis\SturCa00",48,"Y","N","Home",0.854,54,3,37.63,0.81,"NOT DOME"
"422","11/13/16","Chandler Catanzaro\CataCh00",39,"Y","N","Home",0.75,65,2,39.07,0.851,"DOME"
"423","11/13/16","Mason Crosby\CrosMa20",29,"Y","N","Away",0.867,55,9,35.4,0.804,"NOT DOME"
"424","11/13/16","Cairo Santos\SantCa01",37,"Y","N","Away",0.886,48,2,35.63,0.843,"NOT DOME"
"425","11/13/16","Brandon McManus\McMaBr01",50,"Y","N","Away",0.853,65,2,37.88,0.821,"DOME"
"426","11/13/16","Dustin Hopkins\HopkDu00",28,"Y","N","Home",0.81,55,2,36.9,0.845,"NOT DOME"
"427","11/13/16","Steven Hauschka\HausSt00",31,"Y","N","Away",0.892,45,9,34.14,0.868,"NOT DOME"
"428","11/13/16","Greg Zuerlein\ZuerGr00",34,"Y","N","Away",0.864,55,4,38.68,0.799,"NOT DOME"
"429","11/13/16","Caleb Sturgis\SturCa00",29,"Y","N","Home",0.854,54,3,37.63,0.81,"NOT DOME"
"430","11/13/16","Matt Bryant\bryanmat01",46,"Y","N","Away",0.919,54,15,37.3,0.858,"NOT DOME"
"431","11/13/16","Jason Myers\MyerJa00",44,"Y","N","Home",0.794,71,1,42.82,0.824,"NOT DOME"
"432","11/13/16","Phil Dawson\dawsophi01",53,"Y","N","Away",0.857,65,18,40.33,0.844,"DOME"
"433","11/13/16","Graham Gano\GanoGr44",42,"Y","N","Home",0.789,48,7,40.61,0.8,"NOT DOME"
"434","11/13/16","Cairo Santos\SantCa01",47,"Y","N","Away",0.886,48,2,35.63,0.843,"NOT DOME"
"435","11/10/16","Justin Tucker\TuckJu00",40,"Y","N","Home",0.974,52,4,41.95,0.899,"NOT DOME"
"436","11/10/16","Justin Tucker\TuckJu00",25,"Y","N","Home",0.974,52,4,41.95,0.899,"NOT DOME"
"437","11/7/16","Dan Carpenter\CarpDa44",31,"Y","N","Away",0.76,60,8,36.16,0.84,"NOT DOME"
"438","11/7/16","Steven Hauschka\HausSt00",49,"Y","N","Home",0.892,63,9,34.14,0.868,"NOT DOME"
"439","11/7/16","Dan Carpenter\CarpDa44",54,"N","N","Away",0.76,63,8,36.16,0.84,"NOT DOME"
"440","11/6/16","Greg Zuerlein\ZuerGr00",25,"Y","N","Home",0.864,60,4,38.68,0.799,"NOT DOME"
"441","11/6/16","Caleb Sturgis\SturCa00",26,"Y","N","Away",0.854,72,3,37.63,0.81,"NOT DOME"
"442","11/6/16","Phil Dawson\dawsophi01",48,"Y","N","Home",0.857,72,18,40.33,0.844,"NOT DOME"
"443","11/6/16","Cody Parkey\ParkCo03",31,"Y","N","Home",0.8,56,2,37.6,0.846,"NOT DOME"
"444","11/6/16","Graham Gano\GanoGr44",48,"N","N","Away",0.789,67,7,40.61,0.8,"NOT DOME"
"445","11/6/16","Cairo Santos\SantCa01",51,"Y","N","Home",0.886,65,2,35.63,0.843,"DOME"
"446","11/6/16","Josh Lambo\LambJo00",23,"Y","N","Home",0.813,67,1,36.38,0.813,"NOT DOME"
"447","11/6/16","Sebastian Janikowski\janikseb01",48,"N","N","Home",0.829,67,16,38.54,0.804,"NOT DOME"
"448","11/6/16","Andrew Franks\FranAn01",33,"Y","N","Home",0.762,60,1,32.86,0.784,"NOT DOME"
"449","11/6/16","Blair Walsh\WalsBl00",46,"N","Y","Home",0.75,60,4,38.88,0.845,"NOT DOME"
"450","11/6/16","Justin Tucker\TuckJu00",42,"Y","N","Home",0.974,60,4,41.95,0.899,"NOT DOME"
"451","11/6/16","Nick Folk\FolkNi20",21,"Y","N","Away",0.871,72,9,33.97,0.813,"NOT DOME"
"452","11/6/16","Wil Lutz\LutzWi00",55,"N","N","Away",0.824,72,0,37.53,0.842,"NOT DOME"
"453","11/6/16","Mason Crosby\CrosMa20",27,"Y","N","Home",0.867,79,9,35.4,0.804,"NOT DOME"
"454","11/6/16","Brandon McManus\McMaBr01",44,"Y","N","Away",0.853,65,2,37.88,0.821,"DOME"
"455","11/6/16","Matt Prater\PratMa20",53,"Y","N","Away",0.861,65,10,40.17,0.831,"DOME"
"456","11/6/16","Graham Gano\GanoGr44",37,"Y","N","Away",0.789,68,7,40.61,0.8,"NOT DOME"
"457","11/6/16","Cairo Santos\SantCa01",36,"Y","N","Home",0.886,68,2,35.63,0.843,"NOT DOME"
"458","11/6/16","Greg Zuerlein\ZuerGr00",55,"N","N","Home",0.864,79,4,38.68,0.799,"NOT DOME"
"459","11/6/16","Caleb Sturgis\SturCa00",40,"N","Y","Away",0.854,79,3,37.63,0.81,"NOT DOME"
"460","11/6/16","Phil Dawson\dawsophi01",49,"Y","N","Home",0.857,67,18,40.33,0.844,"NOT DOME"
"461","11/6/16","Cairo Santos\SantCa01",26,"Y","N","Home",0.886,67,2,35.63,0.843,"NOT DOME"
"462","11/6/16","Sebastian Janikowski\janikseb01",29,"Y","N","Home",0.829,57,16,38.54,0.804,"NOT DOME"
"463","11/6/16","Blair Walsh\WalsBl00",33,"Y","N","Home",0.75,57,4,38.88,0.845,"NOT DOME"
"464","11/6/16","Justin Tucker\TuckJu00",49,"Y","N","Home",0.974,74,4,41.95,0.899,"NOT DOME"
"465","11/6/16","Nick Folk\FolkNi20",23,"Y","N","Away",0.871,60,9,33.97,0.813,"NOT DOME"
"466","11/6/16","Wil Lutz\LutzWi00",26,"Y","N","Away",0.824,68,0,37.53,0.842,"NOT DOME"
"467","11/6/16","Mason Crosby\CrosMa20",48,"N",NA,"Home",0.867,68,9,35.4,0.804,"NOT DOME"
"1100","17111","Blair Walsh\WalsBl00",46,"N","Y","Home",0.75,0,0,38.88,0.713,"NOT DOME"
"2100","17111","Andrew Franks\FranAn01",33,"Y","N","Home",0.762,0,2,32.86,0.843,"NOT DOME"
"3100","17111","Cairo Santos\SantCa01",51,"Y","N","Home",0.886,0,1,35.63,0.813,"NOT DOME"
"4100","17111","Graham Gano\GanoGr44",48,"N","N","Away",0.789,0,2,40.61,0.821,"NOT DOME"
"510","17111","Cody Parkey\ParkCo03",31,"Y","N","Home",0.8,0,4,37.6,0.799,"NOT DOME"
"610","17111","Phil Dawson\dawsophi01",48,"Y","N","Home",0.857,0,6,40.33,0.814,"NOT DOME"
"710","17111","Caleb Sturgis\SturCa00",26,"Y","N","Away",0.854,0,8,37.63,0.84,"NOT DOME"
"810","17111","Greg Zuerlein\ZuerGr00",25,"Y","N","Home",0.864,0,4,38.68,0.899,"NOT DOME"
"910","17111","Sebastian Janikowski\janikseb01",24,"Y","N","Home",0.829,0,7,38.54,0.8,"NOT DOME"
"1010","17111","Mason Crosby\CrosMa20",34,"Y","N","Home",0.867,0,10,35.4,0.871,"NOT DOME"
"1110","17111","Matt Prater\PratMa20",58,"Y","N","Away",0.861,0,7,40.17,0.84,"DOME"
"1210","17108","Matt Bryant\bryanmat01",41,"Y","N","Away",0.919,0,9,37.3,0.868,"NOT DOME"
"1310","17108","Matt Bryant\bryanmat01",50,"Y","N","Away",0.919,0,2,37.3,0.851,"NOT DOME"
"1410","17108","Matt Bryant\bryanmat01",29,"Y","N","Away",0.919,0,1,37.3,0.824,"DOME"
"1510","17105","Connor Barth\barthco01",28,"Y","N","Home",0.783,0,5,35.35,0.897,"NOT DOME"
"1610","17105","Blair Walsh\WalsBl00",30,"Y","N","Away",0.75,0,0,38.88,0.842,"DOME"
"1710","17105","Connor Barth\barthco01",30,"Y","N","Home",0.783,0,20,35.35,0.842,"DOME"
"1810","17104","Cairo Santos\SantCa01",44,"Y","N","Away",0.886,0,9,35.63,0.828,"NOT DOME"
"1910","17104","Graham Gano\GanoGr44",52,"Y","N","Home",0.789,0,2,40.61,0.845,"NOT DOME"
"2010","17104","Cody Parkey\ParkCo03",41,"Y","N","Home",0.8,0,9,37.6,0.868,"NOT DOME"
"2110","17104","Roberto Aguayo\AguaRo00",41,"Y","N","Home",0.71,0,3,36.68,0.81,"NOT DOME"
"2210","17104","Dan Bailey\BailDa00",49,"Y","N","Home",0.844,0,1,38.41,0.824,"DOME"
"2310","17104","Matt Prater\PratMa20",49,"N","N","Away",0.861,0,9,40.17,0.813,"NOT DOME"
"2410","17104","Dustin Hopkins\HopkDu00",40,"Y","N","Away",0.81,0,9,36.9,0.804,"DOME"
"2510","17104","Nick Novak\novaknic01",33,"Y","N","Home",0.854,0,3,36.78,0.846,"NOT DOME"
"2610","17104","Sebastian Janikowski\janikseb01",50,"N","N","Away",0.829,0,0,38.54,0.713,"NOT DOME"
"2710","17104","Wil Lutz\LutzWi00",53,"Y","N","Home",0.824,0,3,37.53,0.843,"NOT DOME"
"2810","17104","Stephen Gostkowski\GostSt20",32,"Y","N","Away",0.844,0,1,37.16,0.813,"NOT DOME"
"2910","17104","Cairo Santos\SantCa01",28,"N","N","Away",0.886,0,3,35.63,0.821,"NOT DOME"
"3010","17104","Dan Bailey\BailDa00",38,"Y","N","Home",0.844,0,15,38.41,0.858,"DOME"
"3110","17104","Dan Carpenter\CarpDa44",49,"N","N","Home",0.76,0,6,36.16,0.814,"NOT DOME"
"3210","17104","Matt Bryant\bryanmat01",40,"Y","N","Home",0.919,0,7,37.3,0.8,"NOT DOME"
"3310","17104","Caleb Sturgis\SturCa00",55,"Y","N","Away",0.854,0,10,37.63,0.871,"NOT DOME"
"3410","17104","Dustin Hopkins\HopkDu00",20,"Y","N","Away",0.81,0,9,36.9,0.868,"NOT DOME"
"3510","17104","Brandon McManus\McMaBr01",28,"Y","N","Home",0.853,0,3,37.88,0.81,"NOT DOME"
"3610","17104","Graham Gano\GanoGr44",21,"Y","N","Home",0.789,0,11,40.61,0.859,"NOT DOME"
"3710","17104","Cody Parkey\ParkCo03",27,"Y","N","Home",0.8,0,2,37.6,0.851,"NOT DOME"
"3810","17104","Matt Prater\PratMa20",47,"Y","N","Away",0.861,0,5,40.17,0.87,"DOME"
"3910","17104","Steven Hauschka\HausSt00",44,"Y","N","Away",0.892,0,10,34.14,0.831,"DOME"
"4010","17104","Dustin Hopkins\HopkDu00",34,"N","N","Away",0.81,0,1,36.9,0.824,"DOME"
"4110","17104","Nick Novak\novaknic01",36,"Y","N","Home",0.854,0,0,36.78,0.713,"NOT DOME"
"4210","17104","Sebastian Janikowski\janikseb01",52,"N","N","Away",0.829,0,20,38.54,0.842,"DOME"
"4310","17104","Mason Crosby\CrosMa20",29,"Y","N","Away",0.867,0,4,35.4,0.799,"NOT DOME"
"4410","17104","Wil Lutz\LutzWi00",21,"Y","N","Home",0.824,0,9,37.53,0.813,"NOT DOME"
"4510","17104","Cairo Santos\SantCa01",22,"Y","N","Away",0.886,0,2,35.63,0.843,"NOT DOME"
"4610","17104","Graham Gano\GanoGr44",43,"Y","N","Home",0.789,0,7,40.61,0.8,"NOT DOME"
"4710","17104","Dan Bailey\BailDa00",23,"Y","N","Home",0.844,0,10,38.41,0.871,"NOT DOME"
"4810","17104","Caleb Sturgis\SturCa00",34,"Y","N","Away",0.854,0,2,37.63,0.851,"NOT DOME"
"4910","17104","Dustin Hopkins\HopkDu00",55,"N","N","Away",0.81,0,5,36.9,0.897,"NOT DOME"
"501","17104","Sebastian Janikowski\janikseb01",31,"Y","N","Away",0.829,0,0,38.54,0.842,"DOME"
"511","17104","Wil Lutz\LutzWi00",22,"Y","N","Home",0.824,0,2,37.53,0.846,"NOT DOME"
"521","17104","Mike Nugent\nugenmik01",51,"N","N","Home",0.793,0,7,35.17,0.831,"NOT DOME"
"531","17104","Matt Prater\PratMa20",34,"Y","N","Away",0.861,0,7,40.17,0.8,"NOT DOME"
"541","17104","Steven Hauschka\HausSt00",21,"Y","N","Away",0.892,0,9,34.14,0.828,"NOT DOME"
"551","17104","Brandon McManus\McMaBr01",22,"Y","N","Home",0.853,0,2,37.88,0.845,"NOT DOME"
"561","17104","Stephen Gostkowski\GostSt20",51,"Y","N","Away",0.844,0,9,37.16,0.868,"NOT DOME"
"571","17104","Josh Lambo\LambJo00",45,"N","N","Away",0.813,0,3,36.38,0.81,"NOT DOME"
"581","17104","Cairo Santos\SantCa01",33,"Y","N","Away",0.886,0,11,35.63,0.859,"NOT DOME"
"591","17104","Wil Lutz\LutzWi00",41,"Y","N","Home",0.824,0,10,37.53,0.831,"DOME"
"601","17104","Nick Folk\FolkNi20",24,"Y","N","Away",0.871,0,1,33.97,0.824,"DOME"
"611","17104","Dan Carpenter\CarpDa44",23,"Y","N","Home",0.76,0,9,36.16,0.813,"NOT DOME"
"621","17104","Matt Bryant\bryanmat01",36,"Y","N","Home",0.919,0,10,37.3,0.831,"NOT DOME"
"631","17104","Caleb Sturgis\SturCa00",30,"Y","N","Away",0.854,0,1,37.63,0.877,"NOT DOME"
"641","17101","Ryan Succop\SuccRy44",32,"Y","N","Home",0.917,0,2,39.33,0.843,"NOT DOME"
"651","17101","Ryan Succop\SuccRy44",22,"Y","N","Home",0.917,0,4,39.33,0.899,"NOT DOME"
"661","17101","Ryan Succop\SuccRy44",33,"Y","N","Home",0.917,0,4,39.33,0.899,"NOT DOME"
"671","17098","Brandon McManus\McMaBr01",32,"Y","N","Home",0.853,0,2,37.88,0.843,"NOT DOME"
"681","17098","Nick Novak\novaknic01",43,"Y","N","Away",0.854,0,4,36.78,0.899,"NOT DOME"
"691","17098","Brandon McManus\McMaBr01",22,"Y","N","Home",0.853,0,2,37.88,0.821,"NOT DOME"
"701","17098","Nick Novak\novaknic01",29,"Y","N","Away",0.854,0,4,36.78,0.899,"NOT DOME"
"711","17098","Nick Novak\novaknic01",43,"Y","N","Away",0.854,0,2,36.78,0.843,"NOT DOME"
"721","17097","Sebastian Janikowski\janikseb01",44,"Y","N","Away",0.829,0,7,38.54,0.8,"NOT DOME"
"731","17097","Chris Boswell\BoswCh00",54,"N","N","Home",0.84,0,20,40.64,0.842,"NOT DOME"
"741","17097","Phil Dawson\dawsophi01",28,"Y","N","Home",0.857,0,9,40.33,0.828,"NOT DOME"
"751","17097","Mike Nugent\nugenmik01",36,"Y","N","Home",0.793,0,2,35.17,0.845,"NOT DOME"
"761","17097","Jason Myers\MyerJa00",23,"Y","N","Home",0.794,0,9,42.82,0.868,"NOT DOME"
"771","17097","Steven Hauschka\HausSt00",28,"N","N","Away",0.892,0,1,34.14,0.824,"NOT DOME"
"781","17097","Josh Lambo\LambJo00",33,"Y","N","Away",0.813,0,9,36.38,0.813,"NOT DOME"
"791","17097","Cairo Santos\SantCa01",39,"Y","N","Home",0.886,0,2,35.63,0.846,"NOT DOME"
"801","17097","Nick Folk\FolkNi20",22,"Y","N","Home",0.871,0,1,33.97,0.813,"NOT DOME"
"811","17097","Justin Tucker\TuckJu00",50,"Y","N","Away",0.974,0,1,41.95,0.784,"NOT DOME"
"821","17097","Matt Bryant\bryanmat01",31,"Y","N","Home",0.919,0,15,37.3,0.858,"NOT DOME"
"831","17097","Caleb Sturgis\SturCa00",35,"Y","N","Home",0.854,0,6,37.63,0.814,"NOT DOME"
"841","17097","Ryan Succop\SuccRy44",48,"Y","N","Home",0.917,0,8,39.33,0.84,"NOT DOME"
"851","17097","Sebastian Janikowski\janikseb01",26,"Y","N","Away",0.829,0,7,38.54,0.831,"NOT DOME"
"861","17097","Roberto Aguayo\AguaRo00",37,"Y","N","Away",0.71,0,7,36.68,0.8,"NOT DOME"
"871","17097","Chris Boswell\BoswCh00",46,"Y","N","Home",0.84,0,10,40.64,0.871,"NOT DOME"
"881","17097","Chandler Catanzaro\CataCh00",45,"Y","N","Home",0.75,0,15,39.07,0.858,"NOT DOME"
"891","17097","Matt Prater\PratMa20",43,"Y","N","Home",0.861,0,2,40.17,0.851,"NOT DOME"
"901","17097","Steven Hauschka\HausSt00",40,"Y","N","Away",0.892,0,5,34.14,0.87,"NOT DOME"
"911","17097","Andrew Franks\FranAn01",33,"Y","N","Home",0.762,0,0,32.86,0.842,"NOT DOME"
"921","17097","Adam Vinatieri\vinatada01",28,"Y","N","Away",0.871,0,1,43.16,0.824,"NOT DOME"
"931","17097","Sebastian Janikowski\janikseb01",52,"Y","N","Away",0.829,0,8,38.54,0.84,"NOT DOME"
"941","17097","Josh Lambo\LambJo00",40,"Y","N","Away",0.813,0,9,36.38,0.813,"NOT DOME"
"951","17097","Mike Nugent\nugenmik01",45,"N","N","Home",0.793,0,1,35.17,0.813,"NOT DOME"
"961","17097","Jason Myers\MyerJa00",37,"Y","N","Home",0.794,0,1,42.82,0.784,"NOT DOME"
"971","17097","Matt Bryant\bryanmat01",42,"Y","N","Home",0.919,0,7,37.3,0.84,"NOT DOME"
"981","17097","Josh Lambo\LambJo00",42,"Y","N","Away",0.813,0,15,36.38,0.858,"NOT DOME"
"991","17097","Cairo Santos\SantCa01",41,"Y","N","Home",0.886,0,0,35.63,0.842,"NOT DOME"
"1001","17097","Nick Folk\FolkNi20",51,"N","Y","Home",0.871,0,7,33.97,0.8,"NOT DOME"
"1011","17097","Dan Carpenter\CarpDa44",29,"Y","N","Away",0.76,0,9,36.16,0.828,"NOT DOME"
"1021","17097","Chris Boswell\BoswCh00",42,"N","N","Home",0.84,0,2,40.64,0.845,"NOT DOME"
"1031","17097","Justin Tucker\TuckJu00",49,"Y","N","Away",0.974,0,9,41.95,0.868,"DOME"
"1041","17097","Blair Walsh\WalsBl00",48,"Y","N","Away",0.75,0,2,38.88,0.851,"DOME"
"1051","17097","Chandler Catanzaro\CataCh00",39,"N","Y","Home",0.75,0,1,39.07,0.824,"DOME"
"1061","17097","Matt Bryant\bryanmat01",58,"N","N","Home",0.919,0,9,37.3,0.804,"NOT DOME"
"1071","17097","Caleb Sturgis\SturCa00",21,"Y","N","Home",0.854,0,2,37.63,0.846,"NOT DOME"
"1081","17097","Dustin Hopkins\HopkDu00",45,"N","N","Away",0.81,0,1,36.9,0.813,"NOT DOME"
"1091","17097","Ryan Succop\SuccRy44",44,"Y","N","Home",0.917,0,15,39.33,0.858,"NOT DOME"
"1101","17097","Sebastian Janikowski\janikseb01",32,"Y","N","Away",0.829,0,1,38.54,0.824,"NOT DOME"
"1111","17097","Cody Parkey\ParkCo03",28,"Y","N","Away",0.8,0,6,37.6,0.814,"NOT DOME"
"1121","17097","Roberto Aguayo\AguaRo00",50,"N","N","Away",0.71,0,8,36.68,0.84,"NOT DOME"
"1131","17097","Chris Boswell\BoswCh00",44,"Y","N","Home",0.84,0,0,40.64,0.713,"NOT DOME"
"1141","17097","Mike Nugent\nugenmik01",40,"N","N","Home",0.793,0,10,35.17,0.871,"NOT DOME"
"1151","17097","Chandler Catanzaro\CataCh00",24,"N","N","Home",0.75,0,1,39.07,0.784,"NOT DOME"
"1161","17097","Matt Prater\PratMa20",27,"Y","N","Home",0.861,0,15,40.17,0.858,"NOT DOME"
"1171","17097","Greg Zuerlein\ZuerGr00",36,"Y","N","Home",0.864,0,2,38.68,0.851,"NOT DOME"
"1181","17097","Steven Hauschka\HausSt00",36,"Y","N","Away",0.892,0,5,34.14,0.87,"NOT DOME"
"1191","17097","Adam Vinatieri\vinatada01",33,"Y","N","Away",0.871,0,0,43.16,0.842,"NOT DOME"
"1201","17097","Josh Lambo\LambJo00",37,"Y","N","Away",0.813,0,11,36.38,0.859,"NOT DOME"
"1211","17097","Jason Myers\MyerJa00",44,"Y","N","Home",0.794,0,11,42.82,0.859,"DOME"
"1221","17097","Matt Bryant\bryanmat01",27,"Y","N","Home",0.919,0,11,37.3,0.859,"NOT DOME"
"1231","17097","Roberto Aguayo\AguaRo00",38,"Y","N","Away",0.71,0,3,36.68,0.81,"NOT DOME"
"1241","17097","Chris Boswell\BoswCh00",32,"Y","N","Home",0.84,0,11,40.64,0.859,"NOT DOME"
"1251","17097","Justin Tucker\TuckJu00",44,"Y","N","Away",0.974,0,7,41.95,0.8,"NOT DOME"
"1271","17097","Chandler Catanzaro\CataCh00",46,"Y","N","Home",0.75,0,7,39.07,0.8,"NOT DOME"
"1281","17097","Matt Prater\PratMa20",49,"N","N","Home",0.861,0,2,40.17,0.845,"NOT DOME"
"1291","17097","Dustin Hopkins\HopkDu00",38,"Y","N","Away",0.81,0,7,36.9,0.8,"NOT DOME"
"1301","17097","Andrew Franks\FranAn01",36,"Y","N","Home",0.762,0,7,32.86,0.8,"NOT DOME"
"1311","17094","Mason Crosby\CrosMa20",31,"N","Y","Home",0.867,0,2,35.4,0.845,"NOT DOME"
"1321","17094","Mason Crosby\CrosMa20",32,"Y","N","Home",0.867,0,7,35.4,0.8,"NOT DOME"
"1331","17094","Connor Barth\barthco01",39,"Y","N","Away",0.783,0,7,35.35,0.831,"NOT DOME"
"1341","17094","Mason Crosby\CrosMa20",40,"Y","N","Home",0.867,0,16,35.4,0.804,"NOT DOME"
"1351","17091","Nick Folk\FolkNi20",39,"Y","N","Away",0.871,0,10,33.97,0.871,"NOT DOME"
"1361","17090","Cairo Santos\SantCa01",38,"N","N","Away",0.886,0,15,35.63,0.858,"DOME"
"1371","17090","Mason Crosby\CrosMa20",34,"Y","N","Home",0.867,0,3,35.4,0.81,"NOT DOME"
"1381","17090","Wil Lutz\LutzWi00",33,"Y","N","Home",0.824,0,2,37.53,0.851,"DOME"
"1391","17090","Justin Tucker\TuckJu00",23,"Y","N","Away",0.974,0,5,41.95,0.87,"DOME"
"1401","17090","Matt Bryant\bryanmat01",33,"Y","N","Away",0.919,0,10,37.3,0.831,"NOT DOME"
"1411","17090","Andrew Franks\FranAn01",30,"Y","N","Home",0.762,0,5,32.86,0.897,"NOT DOME"
"1421","17090","Nick Novak\novaknic01",27,"Y","N","Home",0.854,0,0,36.78,0.842,"DOME"
"1431","17090","Stephen Gostkowski\GostSt20",46,"Y","N","Home",0.844,0,9,37.16,0.804,"NOT DOME"
"1441","17090","Dan Bailey\BailDa00",44,"Y","N","Away",0.844,0,2,38.41,0.821,"NOT DOME"
"1451","17090","Dan Carpenter\CarpDa44",40,"Y","N","Home",0.76,0,9,36.16,0.828,"NOT DOME"
"1471","17090","Connor Barth\barthco01",32,"Y","N","Home",0.783,0,1,35.35,0.824,"NOT DOME"
"1481","17090","Steven Hauschka\HausSt00",42,"Y","N","Home",0.892,0,1,34.14,0.877,"NOT DOME"
"1491","17090","Dustin Hopkins\HopkDu00",50,"Y","N","Home",0.81,0,0,36.9,0.713,"NOT DOME"
"1501","17090","Andrew Franks\FranAn01",24,"N","Y","Home",0.762,0,2,32.86,0.843,"NOT DOME"
"1511","17090","Adam Vinatieri\vinatada01",41,"Y","N","Away",0.871,0,16,43.16,0.804,"NOT DOME"
"1521","17090","Graham Gano\GanoGr44",42,"Y","N","Away",0.789,0,7,40.61,0.84,"NOT DOME"
"1531","17090","Cody Parkey\ParkCo03",37,"Y","N","Away",0.8,0,4,37.6,0.899,"NOT DOME"
"1541","17090","Mason Crosby\CrosMa20",37,"Y","N","Home",0.867,0,1,35.4,0.877,"NOT DOME"
"1551","17090","Phil Dawson\dawsophi01",48,"Y","N","Away",0.857,0,5,40.33,0.897,"NOT DOME"
"1561","17090","Mike Nugent\nugenmik01",25,"Y","N","Away",0.793,0,10,35.17,0.871,"NOT DOME"
"1571","17090","Cairo Santos\SantCa01",22,"Y","N","Away",0.886,0,20,35.63,0.842,"DOME"
"1581","17090","Wil Lutz\LutzWi00",52,"Y","N","Home",0.824,0,9,37.53,0.828,"NOT DOME"
"1591","17090","Justin Tucker\TuckJu00",39,"Y","N","Away",0.974,0,3,41.95,0.81,"NOT DOME"
"1601","17090","Connor Barth\barthco01",36,"Y","N","Home",0.783,0,1,35.35,0.877,"NOT DOME"
"1611","17090","Caleb Sturgis\SturCa00",38,"Y","N","Away",0.854,0,5,37.63,0.897,"NOT DOME"
"1621","17090","Andrew Franks\FranAn01",23,"Y","N","Home",0.762,0,9,32.86,0.804,"NOT DOME"
"1631","17090","Stephen Gostkowski\GostSt20",31,"Y","N","Home",0.844,0,2,37.16,0.846,"NOT DOME"
"1641","17090","Sebastian Janikowski\janikseb01",52,"N","N","Home",0.829,0,9,38.54,0.828,"NOT DOME"
"1651","17090","Dan Bailey\BailDa00",22,"Y","N","Away",0.844,0,1,38.41,0.824,"NOT DOME"
"1671","17090","Matt Prater\PratMa20",34,"Y","N","Home",0.861,0,8,40.17,0.84,"NOT DOME"
"1681","17090","Steven Hauschka\HausSt00",29,"N","N","Home",0.892,0,1,34.14,0.877,"NOT DOME"
"1691","17090","Andrew Franks\FranAn01",50,"N","N","Home",0.762,0,5,32.86,0.897,"NOT DOME"
"1701","17090","Adam Vinatieri\vinatada01",37,"Y","N","Away",0.871,0,0,43.16,0.713,"NOT DOME"
"1711","17090","Nick Novak\novaknic01",33,"Y","N","Home",0.854,0,7,36.78,0.831,"NOT DOME"
"1721","17090","Mason Crosby\CrosMa20",43,"Y","N","Home",0.867,0,16,35.4,0.804,"NOT DOME"
"1731","17090","Wil Lutz\LutzWi00",53,"N","N","Home",0.824,0,10,37.53,0.871,"NOT DOME"
"1741","17090","Phil Dawson\dawsophi01",47,"Y","N","Away",0.857,0,15,40.33,0.858,"DOME"
"1751","17090","Jason Myers\MyerJa00",30,"Y","N","Away",0.794,0,5,42.82,0.87,"DOME"
"1761","17090","Cairo Santos\SantCa01",44,"Y","N","Away",0.886,0,10,35.63,0.831,"NOT DOME"
"1771","17090","Justin Tucker\TuckJu00",35,"Y","N","Away",0.974,0,5,41.95,0.897,"NOT DOME"
"1781","17090","Connor Barth\barthco01",24,"Y","N","Home",0.783,0,0,35.35,0.842,"DOME"
"1791","17090","Caleb Sturgis\SturCa00",28,"Y","N","Away",0.854,0,20,37.63,0.842,"DOME"
"1801","17090","Dustin Hopkins\HopkDu00",32,"Y","N","Home",0.81,0,9,36.9,0.828,"NOT DOME"
"1811","17090","Andrew Franks\FranAn01",30,"Y","N","Home",0.762,0,3,32.86,0.81,"NOT DOME"
"1821","17090","Ryan Succop\SuccRy44",58,"N","N","Home",0.917,0,11,39.33,0.859,"NOT DOME"
"1831","17090","Sebastian Janikowski\janikseb01",46,"Y","N","Home",0.829,0,1,38.54,0.877,"NOT DOME"
"1841","17090","Cody Parkey\ParkCo03",45,"Y","N","Away",0.8,0,9,37.6,0.804,"NOT DOME"
"1851","17090","Dan Bailey\BailDa00",32,"Y","N","Away",0.844,0,2,38.41,0.846,"NOT DOME"
"1861","17090","Phil Dawson\dawsophi01",33,"Y","N","Away",0.857,0,1,40.33,0.813,"NOT DOME"
"1871","17090","Steven Hauschka\HausSt00",44,"Y","N","Home",0.892,0,16,34.14,0.804,"NOT DOME"
"1881","17090","Adam Vinatieri\vinatada01",36,"Y","N","Away",0.871,0,7,43.16,0.84,"NOT DOME"
"1891","17087","Josh Lambo\LambJo00",32,"Y","N","Home",0.813,0,6,36.38,0.814,"NOT DOME"
"1901","17087","Brandon McManus\McMaBr01",46,"Y","N","Away",0.853,0,8,37.88,0.84,"NOT DOME"
"1911","17087","Josh Lambo\LambJo00",21,"Y","N","Home",0.813,0,4,36.38,0.899,"NOT DOME"
"1921","17087","Brandon McManus\McMaBr01",29,"Y","N","Away",0.853,0,1,37.88,0.877,"NOT DOME"
"1931","17087","Josh Lambo\LambJo00",31,"Y","N","Home",0.813,0,5,36.38,0.897,"NOT DOME"
"1941","17087","Brandon McManus\McMaBr01",56,"N","N","Away",0.853,0,9,37.88,0.813,"NOT DOME"
"1951","17087","Josh Lambo\LambJo00",37,"Y","N","Home",0.813,0,9,36.38,0.813,"NOT DOME"
"1961","17084","Roberto Aguayo\AguaRo00",35,"Y","N","Away",0.71,0,4,36.68,0.799,"NOT DOME"
"1971","17084","Roberto Aguayo\AguaRo00",46,"N","N","Away",0.71,0,9,36.68,0.868,"NOT DOME"
"1981","17084","Roberto Aguayo\AguaRo00",33,"N","N","Away",0.71,0,4,36.68,0.899,"NOT DOME"
"1991","17084","Roberto Aguayo\AguaRo00",38,"Y","N","Away",0.71,0,4,36.68,0.899,"NOT DOME"
"2001","17084","Roberto Aguayo\AguaRo00",35,"Y","N","Away",0.71,0,4,36.68,0.899,"NOT DOME"
"2011","17084","Graham Gano\GanoGr44",43,"N","N","Home",0.789,0,4,40.61,0.899,"NOT DOME"
"2021","17083","Adam Vinatieri\vinatada01",26,"Y","N","Home",0.871,0,9,43.16,0.828,"NOT DOME"
"2031","17083","Nick Novak\novaknic01",51,"N","N","Away",0.854,0,1,36.78,0.824,"DOME"
"2041","17083","Sebastian Janikowski\janikseb01",50,"N","N","Home",0.829,0,18,38.54,0.844,"NOT DOME"
"2051","17083","Nick Folk\FolkNi20",35,"Y","N","Away",0.871,0,1,33.97,0.877,"NOT DOME"
"2071","17083","Connor Barth\barthco01",24,"Y","N","Away",0.783,0,20,35.35,0.842,"NOT DOME"
"2081","17083","Caleb Sturgis\SturCa00",49,"Y","N","Away",0.854,0,11,37.63,0.859,"DOME"
"2091","17083","Dustin Hopkins\HopkDu00",56,"N","N","Away",0.81,0,5,36.9,0.87,"NOT DOME"
"2101","17083","Brandon McManus\McMaBr01",45,"Y","N","Home",0.853,0,0,37.88,0.842,"NOT DOME"
"2111","17083","Sebastian Janikowski\janikseb01",48,"Y","N","Home",0.829,0,9,38.54,0.804,"NOT DOME"
"2121","17083","Mason Crosby\CrosMa20",44,"Y","N","Home",0.867,0,2,35.4,0.846,"NOT DOME"
"2131","17083","Chris Boswell\BoswCh00",47,"Y","N","Home",0.84,0,7,40.64,0.8,"NOT DOME"
"2141","17083","Blair Walsh\WalsBl00",19,"Y","N","Home",0.75,0,1,38.88,0.813,"NOT DOME"
"2151","17083","Matt Prater\PratMa20",29,"Y","N","Home",0.861,0,1,40.17,0.784,"NOT DOME"
"2161","17083","Greg Zuerlein\ZuerGr00",37,"Y","N","Home",0.864,0,9,38.68,0.828,"NOT DOME"
"2171","17083","Adam Vinatieri\vinatada01",54,"Y","N","Home",0.871,0,3,43.16,0.81,"DOME"
"2181","17083","Greg Zuerlein\ZuerGr00",22,"Y","N","Home",0.864,0,1,38.68,0.824,"NOT DOME"
"2191","17083","Matt Bryant\bryanmat01",33,"Y","N","Away",0.919,0,12,37.3,0.808,"NOT DOME"
"2201","17083","Connor Barth\barthco01",49,"Y","N","Away",0.783,0,18,35.35,0.844,"NOT DOME"
"2211","17083","Caleb Sturgis\SturCa00",50,"Y","N","Away",0.854,0,9,37.63,0.813,"NOT DOME"
"2221","17083","Nick Novak\novaknic01",38,"Y","N","Away",0.854,0,0,36.78,0.713,"NOT DOME"
"2231","17083","Stephen Gostkowski\GostSt20",50,"N","N","Away",0.844,0,7,37.16,0.831,"NOT DOME"
"2241","17083","Brandon McManus\McMaBr01",35,"Y","N","Home",0.853,0,9,37.88,0.828,"NOT DOME"
"2251","17083","Sebastian Janikowski\janikseb01",26,"Y","N","Home",0.829,0,2,38.54,0.851,"DOME"
"2261","17083","Nick Folk\FolkNi20",48,"Y","N","Away",0.871,0,5,33.97,0.87,"NOT DOME"
"2281","17083","Dustin Hopkins\HopkDu00",27,"Y","N","Away",0.81,0,10,36.9,0.831,"DOME"
"2291","17083","Adam Vinatieri\vinatada01",41,"Y","N","Home",0.871,0,0,43.16,0.842,"NOT DOME"
"2301","17083","Ryan Succop\SuccRy44",40,"Y","N","Away",0.917,0,7,39.33,0.8,"NOT DOME"
"2311","17083","Josh Lambo\LambJo00",36,"Y","N","Away",0.813,0,2,36.38,0.821,"NOT DOME"
"2321","17083","Mason Crosby\CrosMa20",33,"Y","N","Home",0.867,0,20,35.4,0.842,"DOME"
"2331","17083","Greg Zuerlein\ZuerGr00",32,"Y","N","Home",0.864,0,2,38.68,0.845,"NOT DOME"
"2341","17083","Adam Vinatieri\vinatada01",53,"Y","N","Home",0.871,0,3,43.16,0.81,"NOT DOME"
"2351","17083","Sebastian Janikowski\janikseb01",20,"Y","N","Home",0.829,0,5,38.54,0.87,"NOT DOME"
"2361","17083","Justin Tucker\TuckJu00",31,"Y","N","Home",0.974,0,9,41.95,0.813,"NOT DOME"
"2371","17083","Matt Bryant\bryanmat01",25,"Y","N","Away",0.919,0,9,37.3,0.804,"NOT DOME"
"2381","17083","Connor Barth\barthco01",49,"N","N","Away",0.783,0,7,35.35,0.8,"NOT DOME"
"2391","17083","Caleb Sturgis\SturCa00",33,"Y","N","Away",0.854,0,9,37.63,0.828,"DOME"
"2401","17083","Andrew Franks\FranAn01",24,"Y","N","Home",0.762,0,7,32.86,0.84,"DOME"
"2411","17083","Nick Novak\novaknic01",30,"Y","N","Away",0.854,0,1,36.78,0.824,"NOT DOME"
"2421","17083","Stephen Gostkowski\GostSt20",31,"Y","N","Away",0.844,0,12,37.16,0.808,"NOT DOME"
"2431","17083","Brandon McManus\McMaBr01",46,"Y","N","Home",0.853,0,18,37.88,0.844,"NOT DOME"
"2441","17083","Sebastian Janikowski\janikseb01",56,"Y","N","Home",0.829,0,1,38.54,0.877,"NOT DOME"
"2451","17083","Dan Carpenter\CarpDa44",23,"Y","N","Away",0.76,0,0,36.16,0.713,"NOT DOME"
"2471","17083","Adam Vinatieri\vinatada01",46,"Y","N","Home",0.871,0,9,43.16,0.868,"NOT DOME"
"2481","17083","Mason Crosby\CrosMa20",25,"Y","N","Home",0.867,0,2,35.4,0.851,"NOT DOME"
"2491","17083","Mike Nugent\nugenmik01",50,"N","N","Away",0.793,0,5,35.17,0.87,"NOT DOME"
"2501","17083","Greg Zuerlein\ZuerGr00",54,"Y","N","Home",0.864,0,10,38.68,0.831,"DOME"
"2511","17083","Matt Bryant\bryanmat01",46,"Y","N","Away",0.919,0,5,37.3,0.897,"NOT DOME"
"2521","17083","Connor Barth\barthco01",35,"Y","N","Away",0.783,0,0,35.35,0.842,"NOT DOME"
"2531","17080","Chandler Catanzaro\CataCh00",36,"Y","N","Away",0.75,0,9,39.07,0.828,"DOME"
"2541","17077","Blair Walsh\WalsBl00",46,"N","N","Home",0.75,0,3,38.88,0.81,"NOT DOME"
"2561","17077","Blair Walsh\WalsBl00",44,"Y","N","Home",0.75,0,9,38.88,0.813,"NOT DOME"
"2571","17076","Stephen Gostkowski\GostSt20",48,"N","N","Home",0.844,0,0,37.16,0.713,"NOT DOME"
"2581","17076","Brandon McManus\McMaBr01",24,"Y","N","Away",0.853,0,16,37.88,0.804,"NOT DOME"
"2591","17076","Dan Carpenter\CarpDa44",47,"N","N","Away",0.76,0,16,36.16,0.804,"NOT DOME"
"2601","17076","Ryan Succop\SuccRy44",26,"Y","N","Away",0.917,0,20,39.33,0.842,"NOT DOME"
"2611","17076","Josh Lambo\LambJo00",47,"Y","N","Home",0.813,0,9,36.38,0.813,"NOT DOME"
"2621","17076","Cody Parkey\ParkCo03",51,"Y","N","Away",0.8,0,20,37.6,0.842,"NOT DOME"
"2631","17076","Matt Bryant\bryanmat01",28,"Y","N","Home",0.919,0,7,37.3,0.84,"NOT DOME"
"2641","17076","Connor Barth\barthco01",50,"N","N","Home",0.783,0,12,35.35,0.808,"NOT DOME"
"2651","17076","Nick Novak\novaknic01",48,"N","N","Home",0.854,0,0,36.78,0.713,"NOT DOME"
"2661","17076","Dan Carpenter\CarpDa44",34,"Y","N","Away",0.76,0,16,36.16,0.804,"NOT DOME"
"2671","17076","Justin Tucker\TuckJu00",43,"Y","N","Home",0.974,0,10,41.95,0.871,"NOT DOME"
"2681","17076","Jason Myers\MyerJa00",49,"Y","N","Home",0.794,0,15,42.82,0.858,"DOME"
"2691","17076","Dan Bailey\BailDa00",47,"N","N","Away",0.844,0,9,38.41,0.868,"NOT DOME"
"2701","17076","Dan Carpenter\CarpDa44",44,"Y","N","Away",0.76,0,2,36.16,0.851,"DOME"
"2711","17076","Chandler Catanzaro\CataCh00",25,"Y","N","Home",0.75,0,10,39.07,0.831,"DOME"
"2721","17076","Matt Prater\PratMa20",50,"Y","N","Away",0.861,0,12,40.17,0.808,"NOT DOME"
"2731","17076","Steven Hauschka\HausSt00",33,"Y","N","Away",0.892,0,4,34.14,0.899,"NOT DOME"
"2741","17076","Adam Vinatieri\vinatada01",53,"Y","N","Away",0.871,0,6,43.16,0.814,"NOT DOME"
"2751","17076","Graham Gano\GanoGr44",54,"Y","N","Away",0.789,0,2,40.61,0.821,"NOT DOME"
"2761","17076","Cody Parkey\ParkCo03",45,"Y","N","Away",0.8,0,2,37.6,0.845,"DOME"
"2771","17076","Phil Dawson\dawsophi01",36,"Y","N","Home",0.857,0,9,40.33,0.868,"NOT DOME"
"2781","17076","Jason Myers\MyerJa00",22,"Y","N","Home",0.794,0,10,42.82,0.831,"DOME"
"2791","17076","Matt Bryant\bryanmat01",53,"Y","N","Home",0.919,0,8,37.3,0.84,"NOT DOME"
"2801","17076","Connor Barth\barthco01",25,"Y","N","Home",0.783,0,15,35.35,0.858,"DOME"
"2811","17076","Nick Novak\novaknic01",45,"Y","N","Home",0.854,0,12,36.78,0.808,"NOT DOME"
"2821","17076","Brandon McManus\McMaBr01",38,"Y","N","Away",0.853,0,18,37.88,0.844,"NOT DOME"
"2831","17076","Cairo Santos\SantCa01",49,"N","N","Away",0.886,0,6,35.63,0.814,"NOT DOME"
"2841","17076","Nick Folk\FolkNi20",34,"Y","N","Home",0.871,0,0,33.97,0.713,"NOT DOME"
"2851","17076","Dan Carpenter\CarpDa44",43,"Y","N","Away",0.76,0,16,36.16,0.804,"NOT DOME"
"2861","17076","Dustin Hopkins\HopkDu00",49,"Y","N","Home",0.81,0,10,36.9,0.871,"NOT DOME"
"2871","17076","Ryan Succop\SuccRy44",48,"Y","N","Away",0.917,0,9,39.33,0.868,"NOT DOME"
"2881","17076","Josh Lambo\LambJo00",30,"Y","N","Home",0.813,0,2,36.38,0.851,"DOME"
"2891","17076","Dan Bailey\BailDa00",22,"Y","N","Away",0.844,0,10,38.41,0.831,"DOME"
"2901","17076","Chandler Catanzaro\CataCh00",21,"Y","N","Home",0.75,0,0,39.07,0.842,"DOME"
"2911","17076","Matt Prater\PratMa20",21,"Y","N","Away",0.861,0,1,40.17,0.813,"NOT DOME"
"2921","17076","Greg Zuerlein\ZuerGr00",29,"Y","N","Away",0.864,0,1,38.68,0.784,"NOT DOME"
"2931","17076","Steven Hauschka\HausSt00",53,"Y","N","Away",0.892,0,2,34.14,0.845,"DOME"
"2941","17076","Adam Vinatieri\vinatada01",49,"Y","N","Away",0.871,0,3,43.16,0.81,"NOT DOME"
"2951","17076","Nick Novak\novaknic01",53,"Y","N","Home",0.854,0,10,36.78,0.831,"DOME"
"2961","17076","Justin Tucker\TuckJu00",24,"Y","N","Home",0.974,0,10,41.95,0.871,"NOT DOME"
"2971","17076","Jason Myers\MyerJa00",46,"Y","N","Home",0.794,0,4,42.82,0.799,"NOT DOME"
"2981","17073","Mike Nugent\nugenmik01",42,"Y","N","Home",0.793,0,15,35.17,0.858,"DOME"
"2991","17073","Mike Nugent\nugenmik01",22,"Y","N","Home",0.793,0,1,35.17,0.824,"NOT DOME"
"3001","17073","Mike Nugent\nugenmik01",22,"Y","N","Home",0.793,0,12,35.17,0.808,"NOT DOME"
"3011","17073","Mike Nugent\nugenmik01",47,"Y","N","Home",0.793,0,18,35.17,0.844,"NOT DOME"
"3021","17073","Mike Nugent\nugenmik01",43,"Y","N","Home",0.793,0,6,35.17,0.814,"NOT DOME"
"3031","17070","Wil Lutz\LutzWi00",57,"Y","N","Home",0.824,0,0,37.53,0.713,"NOT DOME"
"3041","17070","Matt Bryant\bryanmat01",21,"Y","N","Away",0.919,0,16,37.3,0.804,"NOT DOME"
"3051","17069","Josh Lambo\LambJo00",34,"Y","N","Away",0.813,0,10,36.38,0.871,"NOT DOME"
"3061","17069","Cody Parkey\ParkCo03",42,"N","N","Away",0.8,0,2,37.6,0.821,"NOT DOME"
"3071","17069","Dan Bailey\BailDa00",47,"N","N","Home",0.844,0,2,38.41,0.845,"DOME"
"3081","17069","Blair Walsh\WalsBl00",31,"Y","N","Away",0.75,0,9,38.88,0.868,"NOT DOME"
"3091","17069","Chandler Catanzaro\CataCh00",60,"Y","N","Away",0.75,0,10,39.07,0.831,"DOME"
"3101","17069","Matt Prater\PratMa20",50,"Y","N","Away",0.861,0,0,40.17,0.842,"DOME"
"3111","17069","Steven Hauschka\HausSt00",22,"Y","N","Home",0.892,0,5,34.14,0.897,"DOME"
"3121","17069","Dustin Hopkins\HopkDu00",33,"Y","N","Away",0.81,0,5,36.9,0.87,"DOME"
"3131","17069","Adam Vinatieri\vinatada01",33,"Y","N","Home",0.871,0,5,43.16,0.87,"DOME"
"3141","17069","Graham Gano\GanoGr44",54,"N","N","Home",0.789,0,5,40.61,0.87,"DOME"
"3151","17069","Phil Dawson\dawsophi01",53,"N","N","Away",0.857,0,3,40.33,0.81,"NOT DOME"
"3161","17069","Justin Tucker\TuckJu00",37,"Y","N","Away",0.974,0,9,41.95,0.804,"DOME"
"3171","17069","Jason Myers\MyerJa00",52,"N","Y","Home",0.794,0,3,42.82,0.81,"NOT DOME"
"3181","17069","Brandon McManus\McMaBr01",20,"Y","N","Away",0.853,0,9,37.88,0.804,"NOT DOME"
"3191","17069","Sebastian Janikowski\janikseb01",52,"Y","N","Away",0.829,0,2,38.54,0.843,"NOT DOME"
"3201","17069","Cairo Santos\SantCa01",27,"Y","N","Home",0.886,0,1,35.63,0.813,"NOT DOME"
"3211","17069","Cody Parkey\ParkCo03",46,"Y","N","Away",0.8,0,10,37.6,0.871,"NOT DOME"
"3221","17069","Nick Folk\FolkNi20",28,"Y","N","Away",0.871,0,2,33.97,0.821,"NOT DOME"
"3241","17069","Matt Prater\PratMa20",42,"Y","N","Away",0.861,0,9,40.17,0.813,"NOT DOME"
"3251","17069","Steven Hauschka\HausSt00",33,"Y","N","Home",0.892,0,7,34.14,0.831,"NOT DOME"
"3261","17069","Dustin Hopkins\HopkDu00",37,"Y","N","Away",0.81,0,9,36.9,0.828,"NOT DOME"
"3271","17069","Andrew Franks\FranAn01",37,"Y","N","Home",0.762,0,18,32.86,0.844,"NOT DOME"
"3281","17069","Ryan Succop\SuccRy44",34,"Y","N","Home",0.917,0,0,39.33,0.713,"NOT DOME"
"3291","17069","Josh Lambo\LambJo00",27,"Y","N","Away",0.813,0,16,36.38,0.804,"NOT DOME"
"3301","17069","Cody Parkey\ParkCo03",38,"Y","N","Away",0.8,0,10,37.6,0.871,"NOT DOME"
"3311","17069","Mason Crosby\CrosMa20",36,"Y","N","Home",0.867,0,2,35.4,0.851,"NOT DOME"
"3321","17069","Chris Boswell\BoswCh00",36,"N","Y","Away",0.84,0,4,40.64,0.899,"NOT DOME"
"3331","17069","Justin Tucker\TuckJu00",43,"Y","N","Away",0.974,0,10,41.95,0.871,"NOT DOME"
"3341","17069","Greg Zuerlein\ZuerGr00",53,"Y","N","Away",0.864,0,2,38.68,0.821,"NOT DOME"
"3351","17069","Dustin Hopkins\HopkDu00",45,"Y","N","Away",0.81,0,9,36.9,0.813,"NOT DOME"
"3361","17069","Dan Carpenter\CarpDa44",19,"Y","N","Home",0.76,0,7,36.16,0.831,"NOT DOME"
"3371","17069","Justin Tucker\TuckJu00",54,"Y","N","Away",0.974,0,15,41.95,0.858,"DOME"
"3381","17069","Caleb Sturgis\SturCa00",29,"Y","N","Home",0.854,0,12,37.63,0.808,"NOT DOME"
"3391","17069","Josh Lambo\LambJo00",42,"Y","N","Away",0.813,0,4,36.38,0.899,"NOT DOME"
"3401","17069","Cody Parkey\ParkCo03",48,"Y","N","Away",0.8,0,2,37.6,0.846,"NOT DOME"
"3411","17069","Roberto Aguayo\AguaRo00",41,"N","N","Home",0.71,0,2,36.68,0.843,"NOT DOME"
"3421","17069","Dan Bailey\BailDa00",49,"Y","N","Home",0.844,0,16,38.41,0.804,"NOT DOME"
"3431","17069","Mike Nugent\nugenmik01",34,"Y","N","Home",0.793,0,10,35.17,0.871,"NOT DOME"
"3441","17069","Blair Walsh\WalsBl00",28,"Y","N","Away",0.75,0,2,38.88,0.821,"NOT DOME"
"3451","17069","Matt Prater\PratMa20",43,"N","N","Away",0.861,0,9,40.17,0.868,"NOT DOME"
"3461","17069","Steven Hauschka\HausSt00",33,"Y","N","Home",0.892,0,4,34.14,0.899,"NOT DOME"
"3471","17069","Dustin Hopkins\HopkDu00",49,"Y","N","Away",0.81,0,9,36.9,0.828,"NOT DOME"
"3481","17069","Adam Vinatieri\vinatada01",38,"Y","N","Home",0.871,0,2,43.16,0.851,"DOME"
"3491","17069","Graham Gano\GanoGr44",48,"Y","N","Home",0.789,0,12,40.61,0.808,"NOT DOME"
"3501","17069","Cody Parkey\ParkCo03",46,"N","N","Away",0.8,0,4,37.6,0.899,"NOT DOME"
"3511","17069","Mason Crosby\CrosMa20",46,"Y","N","Home",0.867,0,2,35.4,0.846,"NOT DOME"
"3521","17069","Chris Boswell\BoswCh00",40,"Y","N","Away",0.84,0,2,40.64,0.845,"NOT DOME"
"3531","17069","Phil Dawson\dawsophi01",22,"Y","N","Away",0.857,0,5,40.33,0.87,"DOME"
"3541","17069","Justin Tucker\TuckJu00",42,"Y","N","Away",0.974,0,10,41.95,0.831,"DOME"
"3551","17069","Jason Myers\MyerJa00",49,"Y","N","Home",0.794,0,2,42.82,0.845,"NOT DOME"
"3561","17069","Connor Barth\barthco01",34,"Y","N","Away",0.783,0,2,35.35,0.845,"NOT DOME"
"3571","17069","Cody Parkey\ParkCo03",41,"N","N","Away",0.8,0,5,37.6,0.87,"DOME"
"3581","17069","Dan Carpenter\CarpDa44",45,"Y","N","Home",0.76,0,10,36.16,0.831,"DOME"
"3601","17069","Caleb Sturgis\SturCa00",38,"Y","N","Home",0.854,0,20,37.63,0.842,"DOME"
"3611","17069","Dustin Hopkins\HopkDu00",25,"Y","N","Away",0.81,0,2,36.9,0.845,"NOT DOME"
"3621","17066","Stephen Gostkowski\GostSt20",24,"Y","N","Home",0.844,0,10,37.16,0.831,"DOME"
"3631","17066","Stephen Gostkowski\GostSt20",25,"Y","N","Home",0.844,0,16,37.16,0.804,"NOT DOME"
"3641","17063","Caleb Sturgis\SturCa00",53,"Y","N","Away",0.854,0,16,37.63,0.804,"NOT DOME"
"3651","17063","Connor Barth\barthco01",31,"N","N","Home",0.783,0,9,35.35,0.828,"NOT DOME"
"3661","17063","Caleb Sturgis\SturCa00",25,"Y","N","Away",0.854,0,9,37.63,0.828,"NOT DOME"
"3671","17063","Caleb Sturgis\SturCa00",29,"Y","N","Away",0.854,0,20,37.63,0.842,"DOME"
"3681","17062","Dustin Hopkins\HopkDu00",29,"Y","N","Home",0.81,0,9,36.9,0.868,"NOT DOME"
"3691","17062","Adam Vinatieri\vinatada01",48,"Y","N","Away",0.871,0,4,43.16,0.899,"NOT DOME"
"3701","17062","Nick Novak\novaknic01",32,"Y","N","Home",0.854,0,8,36.78,0.84,"NOT DOME"
"3711","17062","Ryan Succop\SuccRy44",46,"Y","N","Away",0.917,0,9,39.33,0.804,"NOT DOME"
"3721","17062","Graham Gano\GanoGr44",49,"Y","N","Home",0.789,0,4,40.61,0.799,"NOT DOME"
"3731","17062","Chris Boswell\BoswCh00",49,"Y","N","Home",0.84,0,10,40.64,0.831,"DOME"
"3741","17062","Phil Dawson\dawsophi01",29,"Y","N","Away",0.857,0,1,40.33,0.824,"DOME"
"3751","17062","Justin Tucker\TuckJu00",41,"Y","N","Away",0.974,0,1,41.95,0.877,"NOT DOME"
"3761","17062","Greg Zuerlein\ZuerGr00",47,"Y","N","Home",0.864,0,5,38.68,0.897,"NOT DOME"
"3771","17062","Matt Bryant\bryanmat01",21,"Y","N","Away",0.919,0,0,37.3,0.713,"NOT DOME"
"3781","17062","Nick Novak\novaknic01",31,"Y","N","Home",0.854,0,2,36.78,0.846,"NOT DOME"
"3791","17062","Brandon McManus\McMaBr01",43,"Y","N","Home",0.853,0,2,37.88,0.843,"NOT DOME"
"3801","17062","Cairo Santos\SantCa01",43,"Y","N","Away",0.886,0,20,35.63,0.842,"DOME"
"3811","17062","Wil Lutz\LutzWi00",38,"N","Y","Away",0.824,0,7,37.53,0.84,"NOT DOME"
"3831","17062","Josh Lambo\LambJo00",25,"Y","N","Home",0.813,0,8,36.38,0.84,"NOT DOME"
"3841","17062","Graham Gano\GanoGr44",39,"Y","N","Home",0.789,0,2,40.61,0.845,"NOT DOME"
"3851","17062","Roberto Aguayo\AguaRo00",45,"N","N","Away",0.71,0,4,36.68,0.799,"NOT DOME"
"3861","17062","Dan Bailey\BailDa00",31,"Y","N","Away",0.844,0,11,38.41,0.859,"NOT DOME"
"3871","17062","Mike Nugent\nugenmik01",21,"Y","N","Away",0.793,0,10,35.17,0.831,"NOT DOME"
"3881","17062","Justin Tucker\TuckJu00",52,"Y","N","Away",0.974,0,1,41.95,0.824,"DOME"
"3891","17062","Blair Walsh\WalsBl00",46,"Y","N","Home",0.75,0,18,38.88,0.844,"NOT DOME"
"3901","17062","Chandler Catanzaro\CataCh00",22,"Y","N","Home",0.75,0,1,39.07,0.877,"NOT DOME"
"3911","17062","Greg Zuerlein\ZuerGr00",39,"Y","N","Home",0.864,0,0,38.68,0.713,"NOT DOME"
"3921","17062","Dustin Hopkins\HopkDu00",22,"Y","N","Home",0.81,0,2,36.9,0.851,"DOME"
"3931","17062","Adam Vinatieri\vinatada01",52,"Y","N","Away",0.871,0,8,43.16,0.84,"NOT DOME"
"3941","17062","Nick Novak\novaknic01",24,"Y","N","Home",0.854,0,0,36.78,0.713,"NOT DOME"
"3951","17062","Brandon McManus\McMaBr01",54,"N","N","Home",0.853,0,9,37.88,0.804,"NOT DOME"
"3961","17062","Graham Gano\GanoGr44",41,"Y","N","Home",0.789,0,10,40.61,0.871,"NOT DOME"
"3971","17062","Phil Dawson\dawsophi01",39,"Y","N","Away",0.857,0,7,40.33,0.84,"NOT DOME"
"3981","17062","Jason Myers\MyerJa00",54,"N","N","Away",0.794,0,9,42.82,0.868,"NOT DOME"
"4001","17062","Matt Bryant\bryanmat01",20,"Y","N","Away",0.919,0,7,37.3,0.831,"DOME"
"4011","17062","Nick Novak\novaknic01",43,"Y","N","Home",0.854,0,1,36.78,0.877,"NOT DOME"
"4021","17062","Stephen Gostkowski\GostSt20",34,"Y","N","Home",0.844,0,5,37.16,0.897,"NOT DOME"
"4031","17062","Brandon McManus\McMaBr01",33,"Y","N","Home",0.853,0,0,37.88,0.713,"NOT DOME"
"4041","17062","Cairo Santos\SantCa01",35,"Y","N","Away",0.886,0,0,35.63,0.842,"NOT DOME"
"4061","17062","Wil Lutz\LutzWi00",39,"Y","N","Away",0.824,0,0,37.53,0.842,"NOT DOME"
"4071","17062","Mike Nugent\nugenmik01",25,"Y","N","Away",0.793,0,7,35.17,0.8,"NOT DOME"
"4091","17062","Matt Prater\PratMa20",42,"Y","N","Home",0.861,0,7,40.17,0.8,"NOT DOME"
"4101","17062","Dustin Hopkins\HopkDu00",36,"Y","N","Home",0.81,0,12,36.9,0.808,"NOT DOME"
"4111","17062","Ryan Succop\SuccRy44",51,"N","N","Away",0.917,0,12,39.33,0.808,"NOT DOME"
"4121","17062","Graham Gano\GanoGr44",31,"Y","N","Home",0.789,0,9,40.61,0.828,"NOT DOME"
"4131","17062","Justin Tucker\TuckJu00",49,"Y","N","Away",0.974,0,2,41.95,0.845,"NOT DOME"
"4141","17062","Chandler Catanzaro\CataCh00",40,"Y","N","Home",0.75,0,15,39.07,0.858,"NOT DOME"
"4151","17062","Greg Zuerlein\ZuerGr00",28,"Y","N","Home",0.864,0,2,38.68,0.851,"DOME"
"4161","17062","Nick Novak\novaknic01",57,"N","N","Home",0.854,0,1,36.78,0.877,"NOT DOME"
"4171","17062","Brandon McManus\McMaBr01",23,"Y","N","Home",0.853,0,5,37.88,0.897,"NOT DOME"
"4181","17062","Cairo Santos\SantCa01",53,"Y","N","Away",0.886,0,0,35.63,0.713,"NOT DOME"
"4201","17062","Stephen Gostkowski\GostSt20",39,"N","N","Home",0.844,0,2,37.16,0.821,"DOME"
"4211","17062","Brandon McManus\McMaBr01",35,"Y","N","Home",0.853,0,7,37.88,0.84,"NOT DOME"
"4221","17062","Sebastian Janikowski\janikseb01",58,"N","N","Home",0.829,0,9,38.54,0.868,"NOT DOME"
"4231","17062","Cairo Santos\SantCa01",30,"Y","N","Away",0.886,0,3,35.63,0.81,"NOT DOME"
"4241","17062","Wil Lutz\LutzWi00",45,"Y","N","Away",0.824,0,2,37.53,0.843,"NOT DOME"
"4251","17062","Dan Bailey\BailDa00",22,"Y","N","Away",0.844,0,7,38.41,0.831,"NOT DOME"
"4261","17062","Mike Nugent\nugenmik01",33,"Y","N","Away",0.793,0,9,35.17,0.828,"NOT DOME"
"4271","17062","Matt Prater\PratMa20",27,"Y","N","Home",0.861,0,2,40.17,0.845,"NOT DOME"
"4281","17062","Steven Hauschka\HausSt00",23,"Y","N","Away",0.892,0,9,34.14,0.868,"NOT DOME"
"4291","17062","Andrew Franks\FranAn01",27,"Y","N","Away",0.762,0,4,32.86,0.799,"NOT DOME"
"4301","17059","Nick Folk\FolkNi20",28,"Y","N","Away",0.871,0,3,33.97,0.81,"NOT DOME"
"4311","17059","Dan Carpenter\CarpDa44",39,"Y","N","Home",0.76,0,15,36.16,0.858,"NOT DOME"
"4321","17059","Nick Folk\FolkNi20",29,"Y","N","Away",0.871,0,1,33.97,0.824,"NOT DOME"
"4331","17059","Nick Folk\FolkNi20",36,"Y","N","Away",0.871,0,18,33.97,0.844,"DOME"
"4341","17056","Dustin Hopkins\HopkDu00",34,"Y","N","Home",0.81,0,1,36.9,0.813,"NOT DOME"
"4351","17056","Dustin Hopkins\HopkDu00",31,"Y","N","Home",0.81,0,1,36.9,0.784,"NOT DOME"
"4361","17056","Chris Boswell\BoswCh00",46,"Y","N","Away",0.84,0,2,40.64,0.851,"DOME"
"4371","17056","Dustin Hopkins\HopkDu00",40,"Y","N","Home",0.81,0,1,36.9,0.877,"NOT DOME"
"4381","17055","Cairo Santos\SantCa01",47,"Y","N","Home",0.886,0,5,35.63,0.897,"NOT DOME"
"4391","17055","Mason Crosby\CrosMa20",20,"Y","N","Away",0.867,0,0,35.4,0.842,"DOME"
"4401","17055","Wil Lutz\LutzWi00",50,"N","N","Home",0.824,0,0,37.53,0.713,"NOT DOME"
"4411","17055","Nick Folk\FolkNi20",45,"Y","N","Home",0.871,0,9,33.97,0.804,"NOT DOME"
"4421","17055","Jason Myers\MyerJa00",50,"Y","N","Home",0.794,0,2,42.82,0.821,"DOME"
"4431","17055","Mike Nugent\nugenmik01",33,"Y","N","Away",0.793,0,9,35.17,0.868,"NOT DOME"
"4441","17055","Blair Walsh\WalsBl00",37,"N","N","Away",0.75,0,3,38.88,0.81,"NOT DOME"
"4451","17055","Caleb Sturgis\SturCa00",38,"Y","N","Home",0.854,0,2,37.63,0.843,"NOT DOME"
"4461","17055","Andrew Franks\FranAn01",41,"Y","N","Away",0.762,0,9,32.86,0.828,"NOT DOME"
"4471","17055","Stephen Gostkowski\GostSt20",32,"Y","N","Away",0.844,0,2,37.16,0.845,"NOT DOME"
"4481","17055","Sebastian Janikowski\janikseb01",47,"Y","N","Away",0.829,0,4,38.54,0.799,"NOT DOME"
"4491","17055","Josh Lambo\LambJo00",29,"Y","N","Away",0.813,0,15,36.38,0.858,"NOT DOME"
"4511","17055","Dan Bailey\BailDa00",25,"Y","N","Home",0.844,0,5,38.41,0.897,"NOT DOME"
"4521","17055","Mike Nugent\nugenmik01",47,"Y","N","Away",0.793,0,7,35.17,0.831,"NOT DOME"
"4531","17055","Blair Walsh\WalsBl00",33,"Y","N","Away",0.75,0,2,38.88,0.821,"DOME"
"4541","17055","Matt Prater\PratMa20",43,"Y","N","Away",0.861,0,3,40.17,0.81,"NOT DOME"
"4551","17055","Steven Hauschka\HausSt00",39,"Y","N","Home",0.892,0,2,34.14,0.851,"DOME"
"4561","17055","Caleb Sturgis\SturCa00",46,"N","N","Home",0.854,0,9,37.63,0.804,"NOT DOME"
"4571","17055","Adam Vinatieri\vinatada01",50,"Y","N","Home",0.871,0,2,43.16,0.843,"NOT DOME"
"4581","17055","Nick Novak\novaknic01",28,"Y","N","Home",0.854,0,2,36.78,0.821,"DOME"
"4591","17055","Ryan Succop\SuccRy44",28,"Y","N","Home",0.917,0,2,39.33,0.845,"NOT DOME"
"4601","17055","Jason Myers\MyerJa00",26,"Y","N","Home",0.794,0,9,42.82,0.868,"NOT DOME"
"4611","17055","Matt Bryant\bryanmat01",34,"Y","N","Home",0.919,0,4,37.3,0.799,"NOT DOME"
"4621","17055","Stephen Gostkowski\GostSt20",47,"Y","N","Away",0.844,0,3,37.16,0.81,"NOT DOME"
"4631","17055","Cairo Santos\SantCa01",33,"Y","N","Home",0.886,0,15,35.63,0.858,"NOT DOME"
"4641","17055","Wil Lutz\LutzWi00",20,"Y","N","Home",0.824,0,1,37.53,0.824,"NOT DOME"
"4651","17055","Dan Bailey\BailDa00",23,"Y","N","Home",0.844,0,18,38.41,0.844,"DOME"
"4661","17055","Nick Folk\FolkNi20",20,"Y","N","Home",0.871,0,7,33.97,0.8,"NOT DOME"
"4671","17055","Mike Nugent\nugenmik01",21,"Y","N","Away",0.793,0,2,35.17,0.843,"NOT DOME"
"468","17055","Blair Walsh\WalsBl00",56,"N","N","Away",0.75,0,4,38.88,0.899,"NOT DOME"
"469","17055","Andrew Franks\FranAn01",27,"N","Y","Away",0.762,0,4,32.86,0.899,"NOT DOME"
"470","17055","Sebastian Janikowski\janikseb01",31,"Y","N","Away",0.829,0,8,38.54,0.84,"NOT DOME"
"471","17055","Josh Lambo\LambJo00",28,"Y","N","Away",0.813,0,9,36.38,0.868,"NOT DOME"
"472","17055","Dan Bailey\BailDa00",54,"Y","N","Home",0.844,0,8,38.41,0.84,"NOT DOME"
"473","17055","Justin Tucker\TuckJu00",50,"Y","N","Home",0.974,0,4,41.95,0.799,"NOT DOME"
"474","17055","Blair Walsh\WalsBl00",45,"Y","N","Away",0.75,0,3,38.88,0.81,"NOT DOME"
"475","17055","Steven Hauschka\HausSt00",38,"Y","N","Home",0.892,0,18,34.14,0.844,"NOT DOME"
"476","17055","Caleb Sturgis\SturCa00",22,"Y","N","Home",0.854,0,2,37.63,0.846,"NOT DOME"
"477","17055","Adam Vinatieri\vinatada01",40,"Y","N","Home",0.871,0,7,43.16,0.8,"NOT DOME"
"478","17055","Nick Novak\novaknic01",38,"Y","N","Home",0.854,0,2,36.78,0.843,"DOME"
"479","17055","Mason Crosby\CrosMa20",25,"Y","N","Away",0.867,0,1,35.4,0.813,"NOT DOME"
"480","17055","Wil Lutz\LutzWi00",42,"Y","N","Home",0.824,0,16,37.53,0.804,"NOT DOME"
"481","17055","Nick Folk\FolkNi20",22,"N","Y","Home",0.871,0,1,33.97,0.784,"NOT DOME"
"482","17055","Jason Myers\MyerJa00",39,"Y","N","Home",0.794,0,4,42.82,0.845,"NOT DOME"
"483","17055","Matt Bryant\bryanmat01",29,"Y","N","Home",0.919,0,4,37.3,0.899,"NOT DOME"
"484","17055","Stephen Gostkowski\GostSt20",53,"Y","N","Away",0.844,0,9,37.16,0.813,"NOT DOME"
"485","17055","Wil Lutz\LutzWi00",61,"N","N","Home",0.824,0,0,37.53,0.842,"NOT DOME"
"486","17055","Dan Bailey\BailDa00",56,"Y","N","Home",0.844,0,9,38.41,0.804,"NOT DOME"
"487","17055","Nick Folk\FolkNi20",23,"Y","N","Home",0.871,0,2,33.97,0.821,"DOME"
"488","17055","Dan Carpenter\CarpDa44",49,"N","N","Away",0.76,0,10,36.16,0.831,"DOME"
"489","17055","Mike Nugent\nugenmik01",52,"N","N","Away",0.793,0,7,35.17,0.8,"NOT DOME"
"490","17055","Blair Walsh\WalsBl00",50,"Y","N","Away",0.75,0,2,38.88,0.843,"NOT DOME"
"491","17055","Nick Novak\novaknic01",28,"Y","N","Home",0.854,0,4,36.78,0.799,"NOT DOME"
"492","17055","Josh Lambo\LambJo00",54,"N","N","Away",0.813,0,3,36.38,0.81,"NOT DOME"
"493","17055","Roberto Aguayo\AguaRo00",43,"Y","N","Away",0.71,0,18,36.68,0.844,"NOT DOME"
"494","17055","Justin Tucker\TuckJu00",37,"Y","N","Home",0.974,0,2,41.95,0.843,"NOT DOME"
"495","17055","Blair Walsh\WalsBl00",30,"Y","N","Away",0.75,0,16,38.88,0.804,"NOT DOME"
"496","17055","Chandler Catanzaro\CataCh00",47,"N","N","Home",0.75,0,4,39.07,0.845,"NOT DOME"
"497","17055","Matt Bryant\bryanmat01",34,"Y","N","Home",0.919,0,4,37.3,0.899,"NOT DOME"
"498","17052","Graham Gano\GanoGr44",44,"Y","N","Away",0.789,0,9,40.61,0.813,"NOT DOME"
"499","17052","Graham Gano\GanoGr44",36,"Y","N","Away",0.789,0,0,40.61,0.842,"NOT DOME"
"500","17052","Graham Gano\GanoGr44",50,"N","N","Home",0.789,0,9,40.61,0.804,"NOT DOME"
