"","X","X.1","team","opponent","Final.Score","Kicker","Distance","Made.","Block.","Home.Away","Season.Percentages","Temperature","Years.played","Player","PERCENTAGE","Years.Played","Years.played.in.2016.Season"
"1",1,"1/1/17","TAM","CAR","W 17-16","Roberto Aguayo",46,"N","N","Home",71,"76",0,"Adam Vinatieri",87,21,20
"2",2,"1/1/17","KAN","SDG","W 37-27","Cairo Santos",37,"Y","N","Away",89,"56",2,"Andrew Franks",76,2,1
"3",3,"1/1/17","SDG","KAN","L 27-37","Josh Lambo",29,"Y","N","Home",81,"56",1,"Blair Walsh",75,5,4
"4",4,"1/1/17","DEN","OAK","W 24-6","Brandon McManus",48,"N","N","Home",85,"48",2,"Brandon McManus",85,3,2
"5",5,"1/1/17","LAR","ARI","L 6-44","Greg Zuerlein",37,"Y","N","Home",86,"56",4,"Cairo Santos",89,3,2
"6",6,"1/1/17","CIN","BAL","W 27-10","Randy Bullock",24,"Y","N","Home",83,"38",6,"Caleb Sturgis",85,4,3
"7",7,"1/1/17","BUF","NYJ","L 10-30","Dan Carpenter",34,"Y","N","Away",76,"45",8,"Chandler Catanzaro",75,3,2
"8",8,"1/1/17","BAL","CIN","L 10-27","Justin Tucker",30,"Y","N","Away",97,"38",4,"Chris Boswell",84,2,1
"9",9,"1/1/17","CAR","TAM","L 16-17","Graham Gano",54,"Y","N","Away",79,"76",7,"Cody Parkey",80,3,2
"10",10,"1/1/17","NWE","MIA","W 35-14","Stephen Gostkowski",26,"Y","N","Away",84,"80",10,"Connor Barth",78,8,7
"11",11,"1/1/17","CHI","MIN","L 10-38","Connor Barth",29,"Y","N","Away",78,"DOME",7,"Dan Bailey",84,6,5
"12",12,"1/1/17","SEA","SFO","W 25-23","Steven Hauschka",28,"Y","N","Away",89,"52",9,"Dan Carpenter",76,9,8
"13",13,"1/1/17","ARI","LAR","W 44-6","Chandler Catanzaro",34,"Y","N","Away",75,"56",2,"Dustin Hopkins",81,3,2
"14",14,"1/1/17","JAX","IND","L 20-24","Jason Myers",41,"Y","N","Away",79,"DOME",1,"Graham Gano",79,8,7
"15",15,"1/1/17","DAL","PHI","L 13-27","Dan Bailey",49,"Y","N","Away",84,"48",5,"Greg Zuerlein",86,5,4
"16",16,"1/1/17","NOR","ATL","L 32-38","Wil Lutz",19,"Y","N","Away",82,"DOME",0,"Jason Myers",79,2,1
"17",17,"1/1/17","IND","JAX","W 24-20","Adam Vinatieri",45,"Y","N","Home",87,"DOME",20,"Josh Brown",92,14,13
"18",18,"1/1/17","HOU","TEN","L 17-24","Nick Novak",45,"N","N","Away",85,"49",9,"Josh Lambo",81,2,1
"19",19,"1/1/17","WAS","NYG","L 10-19","Dustin Hopkins",57,"N","N","Home",81,"52",2,"Justin Tucker",97,5,4
"20",20,"1/1/17","SEA","SFO","W 25-23","Steven Hauschka",31,"Y","N","Away",89,"52",9,"Kai Forbath",100,6,5
"21",21,"1/1/17","PHI","DAL","W 27-13","Caleb Sturgis",22,"Y","N","Home",85,"48",3,"Mason Crosby",87,10,9
"22",22,"1/1/17","JAX","IND","L 20-24","Jason Myers",47,"Y","N","Away",79,"DOME",1,"Matt Bryant",92,16,15
"23",23,"1/1/17","NYJ","BUF","W 30-10","Nick Folk",36,"Y","N","Home",87,"45",9,"Matt Prater",86,11,10
"24",24,"1/1/17","GNB","DET","W 31-24","Mason Crosby",53,"Y","N","Away",87,"DOME",9,"Mike Nugent",79,13,12
"25",25,"1/1/17","CLE","PIT","L 24-27","Cody Parkey",49,"N","N","Away",80,"38",3,"Nick Folk",87,10,9
"26",26,"1/1/17","TAM","CAR","W 17-16","Roberto Aguayo",33,"Y","N","Home",71,"76",0,"Nick Novak",85,10,9
"27",27,"1/1/17","KAN","SDG","W 37-27","Cairo Santos",25,"Y","N","Away",89,"56",3,"Patrick Murray",50,2,1
"28",28,"1/1/17","SDG","KAN","L 27-37","Josh Lambo",35,"Y","N","Home",81,"56",1,"Phil Dawson",86,19,18
"29",29,"1/1/17","DEN","OAK","W 24-6","Brandon McManus",22,"Y","N","Home",85,"48",3,"Randy Bullock",83,7,6
"30",30,"1/1/17","ATL","NOR","W 38-32","Matt Bryant",22,"Y","N","Home",92,"DOME",15,"Robbie Gould",100,12,11
"31",31,"1/1/17","CIN","BAL","W 27-10","Randy Bullock",23,"Y","N","Home",83,"38",6,"Roberto Aguayo",71,1,0
"32",32,"1/1/17","CAR","TAM","L 16-17","Graham Gano",58,"N","N","Away",79,"76",7,"Ryan Succop",92,8,7
"33",33,"1/1/17","NWE","MIA","W 35-14","Stephen Gostkowski",40,"Y","N","Away",84,"80",10,"Sebastian Janikowski",83,17,16
"34",34,"1/1/17","SEA","SFO","W 25-23","Steven Hauschka",33,"Y","N","Away",89,"52",9,"Stephen Gostkowski",84,11,10
"35",35,"1/1/17","PHI","DAL","W 27-13","Caleb Sturgis",33,"Y","N","Home",85,"48",3,"SteVen Hauschka",89,10,9
"36",36,"1/1/17","NYG","WAS","W 19-10","Robbie Gould",40,"Y","N","Away",100,"52",11,"Wil Lutz",82,1,0
"37",37,"1/1/17","ARI","LAR","W 44-6","Chandler Catanzaro",32,"Y","N","Away",75,"38",2,"",NA,NA,NA
"38",38,"1/1/17","MIN","CHI","W 38-10","Kai Forbath",21,"Y","N","Home",100,"DOME",5,"",NA,NA,NA
"39",39,"1/1/17","DET","GNB","L 24-31","Matt Prater",54,"Y","N","Home",86,"DOME",10,"",NA,NA,NA
"40",40,"1/1/17","JAX","IND","L 20-24","Jason Myers",54,"N","N","Away",79,"DOME",1,"",NA,NA,NA
"41",41,"1/1/17","TAM","CAR","W 17-16","Roberto Aguayo",48,"N","Y","Home",71,"76",0,"",NA,NA,NA
"42",42,"1/1/17","IND","JAX","W 24-20","Adam Vinatieri",48,"N","N","Home",87,"DOME",20,"",NA,NA,NA
"43",43,"1/1/17","LAR","ARI","L 6-44","Greg Zuerlein",36,"Y","N","Home",86,"56",4,"",NA,NA,NA
"44",44,"1/1/17","NYJ","BUF","W 30-10","Nick Folk",30,"Y","N","Home",87,"45",9,"",NA,NA,NA
"45",45,"1/1/17","KAN","SDG","W 37-27","Cairo Santos",35,"Y","N","Away",89,"56",2,"",NA,NA,NA
"46",46,"1/1/17","CAR","TAM","L 16-17","Graham Gano",36,"N","N","Away",79,"76",7,"",NA,NA,NA
"47",47,"1/1/17","NWE","MIA","W 35-14","Stephen Gostkowski",52,"N","N","Away",84,"80",10,"",NA,NA,NA
"48",48,"1/1/17","ARI","LAR","W 44-6","Chandler Catanzaro",47,"Y","N","Away",75,"56",2,"",NA,NA,NA
"49",49,"1/1/17","DAL","PHI","L 13-27","Dan Bailey",23,"Y","N","Away",84,"48",5,"",NA,NA,NA
"50",50,"1/1/17","NOR","ATL","L 32-38","Wil Lutz",40,"Y","N","Away",82,"DOME",0,"",NA,NA,NA
"51",51,"1/1/17","CLE","PIT","L 24-27","Cody Parkey",34,"Y","N","Away",80,"38",2,"",NA,NA,NA
"52",52,"1/1/17","TEN","HOU","W 24-17","Ryan Succop",35,"Y","N","Home",92,"49",7,"",NA,NA,NA
"53",53,"1/1/17","CAR","TAM","L 16-17","Graham Gano",45,"N","N","Away",79,"76",7,"",NA,NA,NA
"54",54,"1/1/17","HOU","TEN","L 17-24","Nick Novak",26,"Y","N","Away",85,"49",9,"",NA,NA,NA
"55",55,"1/1/17","WAS","NYG","L 10-19","Dustin Hopkins",32,"Y","N","Home",81,"52",2,"",NA,NA,NA
"56",56,"1/1/17","SEA","SFO","W 25-23","Steven Hauschka",32,"Y","N","Away",89,"52",9,"",NA,NA,NA
"57",57,"1/1/17","PHI","DAL","W 27-13","Caleb Sturgis",49,"N","N","Home",85,"48",3,"",NA,NA,NA
"58",58,"1/1/17","NYG","WAS","W 19-10","Robbie Gould",22,"Y","N","Away",100,"52",11,"",NA,NA,NA
"59",59,"1/1/17","DET","GNB","L 24-31","Matt Prater",39,"N","N","Home",86,"DOME",10,"",NA,NA,NA
"60",60,"1/1/17","JAX","IND","L 20-24","Jason Myers",30,"N","N","Away",79,"DOME",1,"",NA,NA,NA
"61",61,"1/1/17","NYJ","BUF","W 30-10","Nick Folk",25,"Y","N","Home",87,"45",9,"",NA,NA,NA
"62",62,"12/26/16","DET","DAL","L 21-42","Matt Prater",47,"N","N","Away",86,"",10,"",NA,NA,NA
"63",63,"12/25/16","PIT","BAL","W 31-27","Chris Boswell",36,"Y","N","Home",84,"",1,"",NA,NA,NA
"64",64,"12/25/16","KAN","DEN","W 33-10","Cairo Santos",39,"Y","N","Home",89,"",2,"",NA,NA,NA
"65",65,"12/25/16","BAL","PIT","L 27-31","Justin Tucker",38,"Y","N","Away",97,"",4,"",NA,NA,NA
"66",66,"12/25/16","BAL","PIT","L 27-31","Justin Tucker",23,"Y","N","Away",97,"",4,"",NA,NA,NA
"67",67,"12/25/16","KAN","DEN","W 33-10","Cairo Santos",27,"Y","N","Home",89,"",2,"",NA,NA,NA
"68",68,"12/25/16","BAL","PIT","L 27-31","Justin Tucker",41,"Y","N","Away",97,"",4,"",NA,NA,NA
"69",69,"12/25/16","DEN","KAN","L 10-33","Brandon McManus",52,"Y","N","Away",85,"",2,"",NA,NA,NA
"70",70,"12/25/16","BAL","PIT","L 27-31","Justin Tucker",46,"Y","N","Away",97,"",4,"",NA,NA,NA
"71",71,"12/25/16","KAN","DEN","W 33-10","Cairo Santos",39,"N","N","Home",89,"",2,"",NA,NA,NA
"72",72,"12/24/16","CAR","ATL","L 16-33","Graham Gano",31,"Y","N","Home",79,"",7,"",NA,NA,NA
"73",73,"12/24/16","IND","OAK","L 25-33","Adam Vinatieri",42,"Y","N","Away",87,"",20,"",NA,NA,NA
"74",74,"12/24/16","HOU","CIN","W 12-10","Nick Novak",25,"Y","N","Home",85,"",9,"",NA,NA,NA
"75",75,"12/24/16","WAS","CHI","W 41-21","Dustin Hopkins",29,"Y","N","Away",81,"",2,"",NA,NA,NA
"76",76,"12/24/16","SEA","ARI","L 31-34","Steven Hauschka",45,"N","Y","Home",89,"",9,"",NA,NA,NA
"77",77,"12/24/16","JAX","TEN","W 38-17","Jason Myers",56,"Y","N","Home",79,"",1,"",NA,NA,NA
"78",78,"12/24/16","NYJ","NWE","L 3-41","Nick Folk",29,"Y","N","Away",87,"",9,"",NA,NA,NA
"79",79,"12/24/16","CLE","SDG","W 20-17","Cody Parkey",49,"Y","N","Home",80,"",2,"",NA,NA,NA
"80",80,"12/24/16","SDG","CLE","L 17-20","Josh Lambo",32,"N","Y","Away",81,"",1,"",NA,NA,NA
"81",81,"12/24/16","MIA","BUF","W 34-31","Andrew Franks",27,"Y","N","Away",76,"",1,"",NA,NA,NA
"82",82,"12/24/16","ATL","CAR","W 33-16","Matt Bryant",29,"Y","N","Away",92,"",15,"",NA,NA,NA
"83",83,"12/24/16","CIN","HOU","L 10-12","Randy Bullock",43,"Y","N","Away",83,"",6,"",NA,NA,NA
"84",84,"12/24/16","BUF","MIA","L 31-34","Dan Carpenter",46,"N","N","Home",76,"",8,"",NA,NA,NA
"85",85,"12/24/16","TEN","JAX","L 17-38","Ryan Succop",42,"Y","N","Away",92,"",7,"",NA,NA,NA
"86",86,"12/24/16","CAR","ATL","L 16-33","Graham Gano",31,"Y","N","Home",79,"",7,"",NA,NA,NA
"87",87,"12/24/16","NWE","NYJ","W 41-3","Stephen Gostkowski",29,"Y","N","Home",84,"",10,"",NA,NA,NA
"88",88,"12/24/16","ATL","CAR","W 33-16","Matt Bryant",51,"Y","N","Away",92,"",15,"",NA,NA,NA
"89",89,"12/24/16","ARI","SEA","W 34-31","Chandler Catanzaro",42,"Y","N","Away",75,"",2,"",NA,NA,NA
"90",90,"12/24/16","MIN","GNB","L 25-38","Kai Forbath",22,"Y","N","Away",100,"",5,"",NA,NA,NA
"91",91,"12/24/16","NOR","TAM","W 31-24","Wil Lutz",42,"Y","N","Home",82,"",0,"",NA,NA,NA
"92",92,"12/24/16","JAX","TEN","W 38-17","Jason Myers",48,"Y","N","Home",79,"",1,"",NA,NA,NA
"93",93,"12/24/16","BUF","MIA","L 31-34","Dan Carpenter",45,"N","N","Home",76,"",8,"",NA,NA,NA
"94",94,"12/24/16","NYJ","NWE","L 3-41","Nick Folk",34,"N","N","Away",87,"",9,"",NA,NA,NA
"95",95,"12/24/16","SDG","CLE","L 17-20","Josh Lambo",43,"Y","N","Away",81,"",1,"",NA,NA,NA
"96",96,"12/24/16","MIA","BUF","W 34-31","Andrew Franks",55,"Y","N","Away",76,"",1,"",NA,NA,NA
"97",97,"12/24/16","CHI","WAS","L 21-41","Connor Barth",22,"N","Y","Home",78,"",7,"",NA,NA,NA
"98",98,"12/24/16","ATL","CAR","W 33-16","Matt Bryant",30,"N","Y","Away",92,"",15,"",NA,NA,NA
"99",99,"12/24/16","NOR","TAM","W 31-24","Wil Lutz",21,"Y","N","Home",82,"",0,"",NA,NA,NA
"100",100,"12/24/16","CAR","ATL","L 16-33","Graham Gano",40,"Y","N","Home",79,"",7,"",NA,NA,NA
"101",101,"12/24/16","HOU","CIN","W 12-10","Nick Novak",22,"Y","N","Home",85,"",9,"",NA,NA,NA
"102",102,"12/24/16","WAS","CHI","W 41-21","Dustin Hopkins",20,"Y","N","Away",81,"",2,"",NA,NA,NA
"103",103,"12/24/16","SEA","ARI","L 31-34","Steven Hauschka",27,"Y","N","Home",89,"",9,"",NA,NA,NA
"104",104,"12/24/16","ARI","SEA","W 34-31","Chandler Catanzaro",53,"N","N","Away",75,"",2,"",NA,NA,NA
"105",105,"12/24/16","JAX","TEN","W 38-17","Jason Myers",50,"Y","N","Home",79,"",1,"",NA,NA,NA
"106",106,"12/24/16","GNB","MIN","W 38-25","Mason Crosby",48,"Y","N","Home",87,"",9,"",NA,NA,NA
"107",107,"12/24/16","CLE","SDG","W 20-17","Cody Parkey",27,"Y","N","Home",80,"",2,"",NA,NA,NA
"108",108,"12/24/16","SDG","CLE","L 17-20","Josh Lambo",45,"N","N","Away",81,"",1,"",NA,NA,NA
"109",109,"12/24/16","ATL","CAR","W 33-16","Matt Bryant",50,"Y","N","Away",92,"",15,"",NA,NA,NA
"110",110,"12/24/16","JAX","TEN","W 38-17","Jason Myers",29,"Y","N","Home",79,"",1,"",NA,NA,NA
"111",111,"12/24/16","CIN","HOU","L 10-12","Randy Bullock",43,"N","N","Away",83,"",6,"",NA,NA,NA
"112",112,"12/24/16","BUF","MIA","L 31-34","Dan Carpenter",28,"Y","N","Home",76,"",8,"",NA,NA,NA
"113",113,"12/24/16","TAM","NOR","L 24-31","Roberto Aguayo",35,"Y","N","Away",71,"",0,"",NA,NA,NA
"114",114,"12/24/16","NWE","NYJ","W 41-3","Stephen Gostkowski",22,"Y","N","Home",84,"",10,"",NA,NA,NA
"115",115,"12/24/16","MIA","BUF","W 34-31","Andrew Franks",46,"N","N","Away",76,"",1,"",NA,NA,NA
"116",116,"12/24/16","ATL","CAR","W 33-16","Matt Bryant",48,"Y","N","Away",92,"",15,"",NA,NA,NA
"117",117,"12/24/16","ARI","SEA","W 34-31","Chandler Catanzaro",43,"Y","N","Away",75,"",2,"",NA,NA,NA
"118",118,"12/24/16","MIN","GNB","L 25-38","Kai Forbath",26,"Y","N","Away",100,"",5,"",NA,NA,NA
"119",119,"12/24/16","NOR","TAM","W 31-24","Wil Lutz",34,"Y","N","Home",82,"",0,"",NA,NA,NA
"120",120,"12/22/16","NYG","PHI","L 19-24","Robbie Gould",35,"Y","N","Away",100,"",11,"",NA,NA,NA
"121",121,"12/22/16","NYG","PHI","L 19-24","Robbie Gould",41,"Y","N","Away",100,"",11,"",NA,NA,NA
"122",122,"12/22/16","NYG","PHI","L 19-24","Robbie Gould",35,"Y","N","Away",100,"",11,"",NA,NA,NA
"123",123,"12/22/16","PHI","NYG","W 24-19","Caleb Sturgis",41,"Y","N","Home",85,"",3,"",NA,NA,NA
"124",124,"12/22/16","NYG","PHI","L 19-24","Robbie Gould",29,"Y","N","Away",100,"",11,"",NA,NA,NA
"125",125,"12/19/16","CAR","WAS","W 26-15","Graham Gano",23,"Y","N","Away",79,"",7,"",NA,NA,NA
"126",126,"12/19/16","WAS","CAR","L 15-26","Dustin Hopkins",43,"Y","N","Home",81,"",2,"",NA,NA,NA
"127",127,"12/19/16","CAR","WAS","W 26-15","Graham Gano",41,"Y","N","Away",79,"",7,"",NA,NA,NA
"128",128,"12/19/16","WAS","CAR","L 15-26","Dustin Hopkins",34,"Y","N","Home",81,"",2,"",NA,NA,NA
"129",129,"12/19/16","CAR","WAS","W 26-15","Graham Gano",23,"Y","N","Away",79,"",7,"",NA,NA,NA
"130",130,"12/19/16","CAR","WAS","W 26-15","Graham Gano",38,"N","N","Away",79,"",7,"",NA,NA,NA
"131",131,"12/19/16","WAS","CAR","L 15-26","Dustin Hopkins",26,"Y","N","Home",81,"",2,"",NA,NA,NA
"132",132,"12/19/16","CAR","WAS","W 26-15","Graham Gano",35,"Y","N","Away",79,"",7,"",NA,NA,NA
"133",133,"12/18/16","TEN","KAN","W 19-17","Ryan Succop",39,"Y","N","Away",92,"",7,"",NA,NA,NA
"134",134,"12/18/16","OAK","SDG","W 19-16","Sebastian Janikowski",45,"Y","N","Away",83,"",16,"",NA,NA,NA
"135",135,"12/18/16","NWE","DEN","W 16-3","Stephen Gostkowski",40,"Y","N","Away",84,"",10,"",NA,NA,NA
"136",136,"12/18/16","ATL","SFO","W 41-13","Matt Bryant",50,"Y","N","Home",92,"",15,"",NA,NA,NA
"137",137,"12/18/16","PHI","BAL","L 26-27","Caleb Sturgis",29,"Y","N","Away",85,"",3,"",NA,NA,NA
"138",138,"12/18/16","ARI","NOR","L 41-48","Chandler Catanzaro",55,"N","N","Home",75,"",2,"",NA,NA,NA
"139",139,"12/18/16","MIN","IND","L 6-34","Kai Forbath",32,"Y","N","Home",100,"",5,"",NA,NA,NA
"140",140,"12/18/16","DET","NYG","L 6-17","Matt Prater",48,"Y","N","Away",86,"",10,"",NA,NA,NA
"141",141,"12/18/16","DAL","TAM","W 26-20","Dan Bailey",27,"Y","N","Home",84,"",5,"",NA,NA,NA
"142",142,"12/18/16","NOR","ARI","W 48-41","Wil Lutz",37,"Y","N","Away",82,"",0,"",NA,NA,NA
"143",143,"12/18/16","GNB","CHI","W 30-27","Mason Crosby",32,"Y","N","Away",87,"",9,"",NA,NA,NA
"144",144,"12/18/16","DEN","NWE","L 3-16","Brandon McManus",33,"Y","N","Home",85,"",2,"",NA,NA,NA
"145",145,"12/18/16","HOU","JAX","W 21-20","Nick Novak",45,"Y","N","Home",85,"",9,"",NA,NA,NA
"146",146,"12/18/16","PHI","BAL","L 26-27","Caleb Sturgis",45,"Y","N","Away",85,"",3,"",NA,NA,NA
"147",147,"12/18/16","JAX","HOU","L 20-21","Jason Myers",50,"Y","N","Away",79,"",1,"",NA,NA,NA
"148",148,"12/18/16","PIT","CIN","W 24-20","Chris Boswell",40,"Y","N","Away",84,"",1,"",NA,NA,NA
"149",149,"12/18/16","TAM","DAL","L 20-26","Roberto Aguayo",34,"Y","N","Away",71,"",0,"",NA,NA,NA
"150",150,"12/18/16","KAN","TEN","L 17-19","Cairo Santos",34,"Y","N","Home",89,"",2,"",NA,NA,NA
"151",151,"12/18/16","OAK","SDG","W 19-16","Sebastian Janikowski",21,"Y","N","Away",83,"",16,"",NA,NA,NA
"152",152,"12/18/16","CHI","GNB","L 27-30","Connor Barth",26,"Y","N","Home",78,"",7,"",NA,NA,NA
"153",153,"12/18/16","BAL","PHI","W 27-26","Justin Tucker",53,"Y","N","Home",97,"",4,"",NA,NA,NA
"154",154,"12/18/16","PIT","CIN","W 24-20","Chris Boswell",45,"Y","N","Away",84,"",1,"",NA,NA,NA
"155",155,"12/18/16","DAL","TAM","W 26-20","Dan Bailey",40,"Y","N","Home",84,"",5,"",NA,NA,NA
"156",156,"12/18/16","NWE","DEN","W 16-3","Stephen Gostkowski",45,"Y","N","Away",84,"",10,"",NA,NA,NA
"157",157,"12/18/16","IND","MIN","W 34-6","Adam Vinatieri",50,"Y","N","Away",87,"",20,"",NA,NA,NA
"158",158,"12/18/16","HOU","JAX","W 21-20","Nick Novak",27,"Y","N","Home",85,"",9,"",NA,NA,NA
"159",159,"12/18/16","PHI","BAL","L 26-27","Caleb Sturgis",27,"Y","N","Away",85,"",3,"",NA,NA,NA
"160",160,"12/18/16","PIT","CIN","W 24-20","Chris Boswell",30,"Y","N","Away",84,"",1,"",NA,NA,NA
"161",161,"12/18/16","DAL","TAM","W 26-20","Dan Bailey",56,"N","N","Home",84,"",5,"",NA,NA,NA
"162",162,"12/18/16","GNB","CHI","W 30-27","Mason Crosby",18,"Y","N","Away",87,"",9,"",NA,NA,NA
"163",163,"12/18/16","CLE","BUF","L 13-33","Cody Parkey",40,"Y","N","Away",80,"",2,"",NA,NA,NA
"164",164,"12/18/16","HOU","JAX","W 21-20","Nick Novak",39,"Y","N","Home",85,"",9,"",NA,NA,NA
"165",165,"12/18/16","JAX","HOU","L 20-21","Jason Myers",26,"Y","N","Away",79,"",1,"",NA,NA,NA
"166",166,"12/18/16","CIN","PIT","L 20-24","Randy Bullock",22,"Y","N","Home",83,"",6,"",NA,NA,NA
"167",167,"12/18/16","BUF","CLE","W 33-13","Dan Carpenter",34,"Y","N","Home",76,"",8,"",NA,NA,NA
"168",168,"12/18/16","PIT","CIN","W 24-20","Chris Boswell",49,"Y","N","Away",84,"",1,"",NA,NA,NA
"169",169,"12/18/16","DAL","TAM","W 26-20","Dan Bailey",33,"Y","N","Home",84,"",5,"",NA,NA,NA
"170",170,"12/18/16","TAM","DAL","L 20-26","Roberto Aguayo",25,"Y","N","Away",71,"",0,"",NA,NA,NA
"171",171,"12/18/16","TEN","KAN","W 19-17","Ryan Succop",53,"Y","N","Away",92,"",7,"",NA,NA,NA
"172",172,"12/18/16","OAK","SDG","W 19-16","Sebastian Janikowski",33,"Y","N","Away",83,"",16,"",NA,NA,NA
"173",173,"12/18/16","NWE","DEN","W 16-3","Stephen Gostkowski",21,"Y","N","Away",84,"",10,"",NA,NA,NA
"174",174,"12/18/16","ATL","SFO","W 41-13","Matt Bryant",41,"Y","N","Home",92,"",15,"",NA,NA,NA
"175",175,"12/18/16","MIN","IND","L 6-34","Kai Forbath",51,"Y","N","Home",100,"",5,"",NA,NA,NA
"176",176,"12/18/16","DET","NYG","L 6-17","Matt Prater",33,"Y","N","Away",86,"",10,"",NA,NA,NA
"177",177,"12/18/16","DAL","TAM","W 26-20","Dan Bailey",52,"N","N","Home",84,"",5,"",NA,NA,NA
"178",178,"12/18/16","NOR","ARI","W 48-41","Wil Lutz",39,"Y","N","Away",82,"",0,"",NA,NA,NA
"179",179,"12/18/16","IND","MIN","W 34-6","Adam Vinatieri",48,"Y","N","Away",87,"",20,"",NA,NA,NA
"180",180,"12/18/16","HOU","JAX","W 21-20","Nick Novak",43,"Y","N","Home",85,"",9,"",NA,NA,NA
"181",181,"12/18/16","PHI","BAL","L 26-27","Caleb Sturgis",34,"Y","N","Away",85,"",3,"",NA,NA,NA
"182",182,"12/18/16","NYG","DET","W 17-6","Robbie Gould",47,"Y","N","Home",100,"",11,"",NA,NA,NA
"183",183,"12/18/16","PIT","CIN","W 24-20","Chris Boswell",49,"Y","N","Away",84,"",1,"",NA,NA,NA
"184",184,"12/18/16","GNB","CHI","W 30-27","Mason Crosby",34,"Y","N","Away",87,"",9,"",NA,NA,NA
"185",185,"12/18/16","CLE","BUF","L 13-33","Cody Parkey",35,"Y","N","Away",80,"",2,"",NA,NA,NA
"186",186,"12/18/16","SDG","OAK","L 16-19","Josh Lambo",35,"Y","N","Home",81,"",1,"",NA,NA,NA
"187",187,"12/18/16","OAK","SDG","W 19-16","Sebastian Janikowski",44,"Y","N","Away",83,"",16,"",NA,NA,NA
"188",188,"12/18/16","CHI","GNB","L 27-30","Connor Barth",22,"Y","N","Home",78,"",7,"",NA,NA,NA
"189",189,"12/18/16","CIN","PIT","L 20-24","Randy Bullock",23,"Y","N","Home",83,"",6,"",NA,NA,NA
"190",190,"12/18/16","BUF","CLE","W 33-13","Dan Carpenter",21,"Y","N","Home",76,"",8,"",NA,NA,NA
"191",191,"12/18/16","BAL","PHI","W 27-26","Justin Tucker",47,"Y","N","Home",97,"",4,"",NA,NA,NA
"192",192,"12/18/16","PIT","CIN","W 24-20","Chris Boswell",49,"Y","N","Away",84,"",1,"",NA,NA,NA
"193",193,"12/18/16","DAL","TAM","W 26-20","Dan Bailey",38,"Y","N","Home",84,"",5,"",NA,NA,NA
"194",194,"12/17/16","NYJ","MIA","L 13-34","Nick Folk",48,"Y","N","Home",87,"",9,"",NA,NA,NA
"195",195,"12/17/16","NYJ","MIA","L 13-34","Nick Folk",36,"Y","N","Home",87,"",9,"",NA,NA,NA
"196",196,"12/15/16","LAR","SEA","L 3-24","Greg Zuerlein",36,"Y","N","Away",86,"",4,"",NA,NA,NA
"197",197,"12/15/16","SEA","LAR","W 24-3","Steven Hauschka",48,"Y","N","Home",89,"",9,"",NA,NA,NA
"198",198,"12/12/16","BAL","NWE","L 23-30","Justin Tucker",38,"Y","N","Away",97,"",4,"",NA,NA,NA
"199",199,"12/12/16","BAL","NWE","L 23-30","Justin Tucker",50,"Y","N","Away",97,"",4,"",NA,NA,NA
"200",200,"12/12/16","BAL","NWE","L 23-30","Justin Tucker",37,"Y","N","Away",97,"",4,"",NA,NA,NA
"201",201,"12/12/16","BAL","NWE","L 23-30","Justin Tucker",34,"N","Y","Away",97,"",4,"",NA,NA,NA
"202",202,"12/11/16","HOU","IND","W 22-17","Nick Novak",52,"Y","N","Away",85,"",9,"",NA,NA,NA
"203",203,"12/11/16","JAX","MIN","L 16-25","Jason Myers",55,"Y","N","Home",79,"",1,"",NA,NA,NA
"204",204,"12/11/16","SFO","NYJ","L 17-23","Phil Dawson",44,"N","N","Home",86,"",18,"",NA,NA,NA
"205",205,"12/11/16","PIT","BUF","W 27-20","Chris Boswell",37,"Y","N","Away",84,"",1,"",NA,NA,NA
"206",206,"12/11/16","CAR","SDG","W 28-16","Graham Gano",44,"Y","N","Home",79,"",7,"",NA,NA,NA
"207",207,"12/11/16","IND","HOU","L 17-22","Adam Vinatieri",55,"N","N","Home",87,"",20,"",NA,NA,NA
"208",208,"12/11/16","NYG","DAL","W 10-7","Robbie Gould",39,"Y","N","Home",100,"",11,"",NA,NA,NA
"209",209,"12/11/16","MIN","JAX","W 25-16","Kai Forbath",32,"Y","N","Away",100,"",5,"",NA,NA,NA
"210",210,"12/11/16","NOR","TAM","L 11-16","Wil Lutz",42,"Y","N","Away",82,"",0,"",NA,NA,NA
"211",211,"12/11/16","GNB","SEA","W 38-10","Mason Crosby",38,"Y","N","Home",87,"",9,"",NA,NA,NA
"212",212,"12/11/16","CLE","CIN","L 10-23","Cody Parkey",30,"Y","N","Home",80,"",2,"",NA,NA,NA
"213",213,"12/11/16","CAR","SDG","W 28-16","Graham Gano",23,"Y","N","Home",79,"",7,"",NA,NA,NA
"214",214,"12/11/16","SDG","CAR","L 16-28","Josh Lambo",32,"Y","N","Away",81,"",1,"",NA,NA,NA
"215",215,"12/11/16","MIA","ARI","W 26-23","Andrew Franks",21,"Y","N","Home",76,"",1,"",NA,NA,NA
"216",216,"12/11/16","HOU","IND","W 22-17","Nick Novak",41,"Y","N","Away",85,"",9,"",NA,NA,NA
"217",217,"12/11/16","PHI","WAS","L 22-27","Caleb Sturgis",45,"Y","N","Home",85,"",3,"",NA,NA,NA
"218",218,"12/11/16","JAX","MIN","L 16-25","Jason Myers",41,"N","N","Home",79,"",1,"",NA,NA,NA
"219",219,"12/11/16","CIN","CLE","W 23-10","Mike Nugent",44,"Y","N","Away",79,"",12,"",NA,NA,NA
"220",220,"12/11/16","SFO","NYJ","L 17-23","Phil Dawson",47,"Y","N","Home",86,"",18,"",NA,NA,NA
"221",221,"12/11/16","NYJ","SFO","W 23-17","Nick Folk",36,"Y","N","Away",87,"",9,"",NA,NA,NA
"222",222,"12/11/16","TAM","NOR","W 16-11","Roberto Aguayo",39,"Y","N","Home",71,"",0,"",NA,NA,NA
"223",223,"12/11/16","TEN","DEN","W 13-10","Ryan Succop",41,"Y","N","Home",92,"",7,"",NA,NA,NA
"224",224,"12/11/16","HOU","IND","W 22-17","Nick Novak",21,"Y","N","Away",85,"",9,"",NA,NA,NA
"225",225,"12/11/16","ARI","MIA","L 23-26","Chandler Catanzaro",56,"Y","N","Away",75,"",2,"",NA,NA,NA
"226",226,"12/11/16","MIN","JAX","W 25-16","Kai Forbath",46,"Y","N","Away",100,"",5,"",NA,NA,NA
"227",227,"12/11/16","JAX","MIN","L 16-25","Jason Myers",45,"Y","N","Home",79,"",1,"",NA,NA,NA
"228",228,"12/11/16","DET","CHI","W 20-17","Matt Prater",54,"Y","N","Home",86,"",10,"",NA,NA,NA
"229",229,"12/11/16","NOR","TAM","L 11-16","Wil Lutz",22,"Y","N","Away",82,"",0,"",NA,NA,NA
"230",230,"12/11/16","CAR","SDG","W 28-16","Graham Gano",41,"Y","N","Home",79,"",7,"",NA,NA,NA
"231",231,"12/11/16","DEN","TEN","L 10-13","Brandon McManus",34,"Y","N","Away",85,"",2,"",NA,NA,NA
"232",232,"12/11/16","IND","HOU","L 17-22","Adam Vinatieri",32,"Y","N","Home",87,"",20,"",NA,NA,NA
"233",233,"12/11/16","WAS","PHI","W 27-22","Dustin Hopkins",38,"N","N","Away",81,"",2,"",NA,NA,NA
"234",234,"12/11/16","PHI","WAS","L 22-27","Caleb Sturgis",41,"Y","N","Home",85,"",3,"",NA,NA,NA
"235",235,"12/11/16","MIN","JAX","W 25-16","Kai Forbath",43,"Y","N","Away",100,"",5,"",NA,NA,NA
"236",236,"12/11/16","NYJ","SFO","W 23-17","Nick Folk",50,"Y","N","Away",87,"",9,"",NA,NA,NA
"237",237,"12/11/16","GNB","SEA","W 38-10","Mason Crosby",51,"N","N","Home",87,"",9,"",NA,NA,NA
"238",238,"12/11/16","CAR","SDG","W 28-16","Graham Gano",45,"Y","N","Home",79,"",7,"",NA,NA,NA
"239",239,"12/11/16","HOU","IND","W 22-17","Nick Novak",24,"Y","N","Away",85,"",9,"",NA,NA,NA
"240",240,"12/11/16","CHI","DET","L 17-20","Connor Barth",38,"Y","N","Away",78,"",7,"",NA,NA,NA
"241",241,"12/11/16","JAX","MIN","L 16-25","Jason Myers",24,"Y","N","Home",79,"",1,"",NA,NA,NA
"242",242,"12/11/16","CIN","CLE","W 23-10","Mike Nugent",36,"N","N","Away",79,"",12,"",NA,NA,NA
"243",243,"12/11/16","SFO","NYJ","L 17-23","Phil Dawson",48,"N","N","Home",86,"",18,"",NA,NA,NA
"244",244,"12/11/16","PIT","BUF","W 27-20","Chris Boswell",39,"Y","N","Away",84,"",1,"",NA,NA,NA
"245",245,"12/11/16","TAM","NOR","W 16-11","Roberto Aguayo",41,"Y","N","Home",71,"",0,"",NA,NA,NA
"246",246,"12/11/16","TEN","DEN","W 13-10","Ryan Succop",53,"Y","N","Home",92,"",7,"",NA,NA,NA
"247",247,"12/11/16","SEA","GNB","L 10-38","Steven Hauschka",28,"Y","N","Away",89,"",9,"",NA,NA,NA
"248",248,"12/11/16","ARI","MIA","L 23-26","Chandler Catanzaro",41,"N","N","Away",75,"",2,"",NA,NA,NA
"249",249,"12/11/16","MIN","JAX","W 25-16","Kai Forbath",40,"Y","N","Away",100,"",5,"",NA,NA,NA
"250",250,"12/11/16","DET","CHI","W 20-17","Matt Prater",29,"Y","N","Home",86,"",10,"",NA,NA,NA
"251",251,"12/11/16","DAL","NYG","L 7-10","Dan Bailey",55,"N","N","Away",84,"",5,"",NA,NA,NA
"252",252,"12/11/16","NOR","TAM","L 11-16","Wil Lutz",34,"Y","N","Away",82,"",0,"",NA,NA,NA
"253",253,"12/11/16","HOU","IND","W 22-17","Nick Novak",34,"Y","N","Away",85,"",9,"",NA,NA,NA
"254",254,"12/11/16","PHI","WAS","L 22-27","Caleb Sturgis",36,"Y","N","Home",85,"",3,"",NA,NA,NA
"255",255,"12/11/16","JAX","MIN","L 16-25","Jason Myers",61,"N","Y","Home",79,"",1,"",NA,NA,NA
"256",256,"12/11/16","NYJ","SFO","W 23-17","Nick Folk",30,"Y","N","Away",87,"",9,"",NA,NA,NA
"257",257,"12/11/16","TAM","NOR","W 16-11","Roberto Aguayo",26,"Y","N","Home",71,"",0,"",NA,NA,NA
"258",258,"12/8/16","OAK","KAN","L 13-21","Sebastian Janikowski",33,"Y","N","Away",83,"",16,"",NA,NA,NA
"259",259,"12/8/16","OAK","KAN","L 13-21","Sebastian Janikowski",44,"Y","N","Away",83,"",16,"",NA,NA,NA
"260",260,"12/5/16","IND","NYJ","W 41-10","Adam Vinatieri",53,"Y","N","Away",87,"",20,"",NA,NA,NA
"261",261,"12/5/16","NYJ","IND","L 10-41","Nick Folk",38,"Y","N","Home",87,"",9,"",NA,NA,NA
"262",262,"12/5/16","IND","NYJ","W 41-10","Adam Vinatieri",36,"Y","N","Away",87,"",20,"",NA,NA,NA
"263",263,"12/4/16","CHI","SFO","W 26-6","Connor Barth",45,"Y","N","Home",78,"",7,"",NA,NA,NA
"264",264,"12/4/16","CIN","PHI","W 32-14","Mike Nugent",38,"Y","N","Home",79,"",12,"",NA,NA,NA
"265",265,"12/4/16","TAM","SDG","W 28-21","Roberto Aguayo",35,"Y","N","Away",71,"",0,"",NA,NA,NA
"266",266,"12/4/16","OAK","BUF","W 38-24","Sebastian Janikowski",47,"Y","N","Home",83,"",16,"",NA,NA,NA
"267",267,"12/4/16","NWE","LAR","W 26-10","Stephen Gostkowski",45,"Y","N","Home",84,"",10,"",NA,NA,NA
"268",268,"12/4/16","ATL","KAN","L 28-29","Matt Bryant",22,"Y","N","Home",92,"",15,"",NA,NA,NA
"269",269,"12/4/16","SEA","CAR","W 40-7","Steven Hauschka",28,"Y","N","Home",89,"",9,"",NA,NA,NA
"270",270,"12/4/16","ARI","WAS","W 31-23","Chandler Catanzaro",53,"N","N","Home",75,"",2,"",NA,NA,NA
"271",271,"12/4/16","DET","NOR","W 28-13","Matt Prater",52,"Y","N","Away",86,"",10,"",NA,NA,NA
"272",272,"12/4/16","CIN","PHI","W 32-14","Mike Nugent",32,"Y","N","Home",79,"",12,"",NA,NA,NA
"273",273,"12/4/16","BAL","MIA","W 38-6","Justin Tucker",55,"Y","N","Home",97,"",4,"",NA,NA,NA
"274",274,"12/4/16","PIT","NYG","W 24-14","Randy Bullock",44,"Y","N","Home",83,"",6,"",NA,NA,NA
"275",275,"12/4/16","DEN","JAX","W 20-10","Brandon McManus",32,"Y","N","Away",85,"",2,"",NA,NA,NA
"276",276,"12/4/16","WAS","ARI","L 23-31","Dustin Hopkins",20,"Y","N","Away",81,"",2,"",NA,NA,NA
"277",277,"12/4/16","SEA","CAR","W 40-7","Steven Hauschka",23,"Y","N","Home",89,"",9,"",NA,NA,NA
"278",278,"12/4/16","DET","NOR","W 28-13","Matt Prater",29,"Y","N","Away",86,"",10,"",NA,NA,NA
"279",279,"12/4/16","BUF","OAK","L 24-38","Dan Carpenter",27,"Y","N","Away",76,"",8,"",NA,NA,NA
"280",280,"12/4/16","ATL","KAN","L 28-29","Matt Bryant",59,"Y","N","Home",92,"",15,"",NA,NA,NA
"281",281,"12/4/16","CIN","PHI","W 32-14","Mike Nugent",26,"Y","N","Home",79,"",12,"",NA,NA,NA
"282",282,"12/4/16","SFO","CHI","L 6-26","Phil Dawson",28,"Y","N","Away",86,"",18,"",NA,NA,NA
"283",283,"12/4/16","PIT","NYG","W 24-14","Randy Bullock",38,"Y","N","Home",83,"",6,"",NA,NA,NA
"284",284,"12/4/16","TAM","SDG","W 28-21","Roberto Aguayo",27,"Y","N","Away",71,"",0,"",NA,NA,NA
"285",285,"12/4/16","OAK","BUF","W 38-24","Sebastian Janikowski",41,"Y","N","Home",83,"",16,"",NA,NA,NA
"286",286,"12/4/16","NWE","LAR","W 26-10","Stephen Gostkowski",48,"Y","N","Home",84,"",10,"",NA,NA,NA
"287",287,"12/4/16","SEA","CAR","W 40-7","Steven Hauschka",31,"Y","N","Home",89,"",9,"",NA,NA,NA
"288",288,"12/4/16","ARI","WAS","W 31-23","Chandler Catanzaro",28,"Y","N","Home",75,"",2,"",NA,NA,NA
"289",289,"12/4/16","DET","NOR","W 28-13","Matt Prater",27,"Y","N","Away",86,"",10,"",NA,NA,NA
"290",290,"12/4/16","NOR","DET","L 13-28","Wil Lutz",32,"Y","N","Home",82,"",0,"",NA,NA,NA
"291",291,"12/4/16","SDG","TAM","L 21-28","Josh Lambo",53,"N","N","Home",81,"",1,"",NA,NA,NA
"292",292,"12/4/16","MIA","BAL","L 6-38","Andrew Franks",46,"N","N","Away",76,"",1,"",NA,NA,NA
"293",293,"12/4/16","WAS","ARI","L 23-31","Dustin Hopkins",47,"Y","N","Away",81,"",2,"",NA,NA,NA
"294",294,"12/4/16","PHI","CIN","L 14-32","Caleb Sturgis",51,"N","N","Away",85,"",3,"",NA,NA,NA
"295",295,"12/4/16","DET","NOR","W 28-13","Matt Prater",27,"Y","N","Away",86,"",10,"",NA,NA,NA
"296",296,"12/4/16","NWE","LAR","W 26-10","Stephen Gostkowski",45,"Y","N","Home",84,"",10,"",NA,NA,NA
"297",297,"12/4/16","LAR","NWE","L 10-26","Greg Zuerlein",44,"Y","N","Away",86,"",4,"",NA,NA,NA
"298",298,"12/4/16","ATL","KAN","L 28-29","Matt Bryant",22,"Y","N","Home",92,"",15,"",NA,NA,NA
"299",299,"12/4/16","JAX","DEN","L 10-20","Jason Myers",47,"Y","N","Home",79,"",1,"",NA,NA,NA
"300",300,"12/4/16","CIN","PHI","W 32-14","Mike Nugent",33,"Y","N","Home",79,"",12,"",NA,NA,NA
"301",301,"12/4/16","SFO","CHI","L 6-26","Phil Dawson",31,"Y","N","Away",86,"",18,"",NA,NA,NA
"302",302,"12/4/16","PIT","NYG","W 24-14","Randy Bullock",34,"Y","N","Home",83,"",6,"",NA,NA,NA
"303",303,"12/4/16","TAM","SDG","W 28-21","Roberto Aguayo",31,"N","N","Away",71,"",0,"",NA,NA,NA
"304",304,"12/4/16","OAK","BUF","W 38-24","Sebastian Janikowski",47,"Y","N","Home",83,"",16,"",NA,NA,NA
"305",305,"12/4/16","NWE","LAR","W 26-10","Stephen Gostkowski",28,"Y","N","Home",84,"",10,"",NA,NA,NA
"306",306,"12/4/16","DEN","JAX","W 20-10","Brandon McManus",41,"Y","N","Away",85,"",2,"",NA,NA,NA
"307",307,"12/4/16","WAS","ARI","L 23-31","Dustin Hopkins",53,"Y","N","Away",81,"",2,"",NA,NA,NA
"308",308,"12/4/16","SEA","CAR","W 40-7","Steven Hauschka",37,"Y","N","Home",89,"",9,"",NA,NA,NA
"309",309,"12/4/16","DET","NOR","W 28-13","Matt Prater",32,"Y","N","Away",86,"",10,"",NA,NA,NA
"310",310,"12/4/16","NOR","DET","L 13-28","Wil Lutz",40,"Y","N","Home",82,"",0,"",NA,NA,NA
"311",311,"12/1/16","DAL","MIN","W 17-15","Dan Bailey",39,"Y","N","Away",84,"",5,"",NA,NA,NA
"312",312,"12/1/16","MIN","DAL","L 15-17","Kai Forbath",36,"Y","N","Home",100,"",5,"",NA,NA,NA
"313",313,"12/1/16","MIN","DAL","L 15-17","Kai Forbath",48,"Y","N","Home",100,"",5,"",NA,NA,NA
"314",314,"12/1/16","MIN","DAL","L 15-17","Kai Forbath",33,"Y","N","Home",100,"",5,"",NA,NA,NA
"315",315,"11/28/16","PHI","GNB","L 13-27","Caleb Sturgis",50,"Y","N","Home",85,"",3,"",NA,NA,NA
"316",316,"11/28/16","GNB","PHI","W 27-13","Mason Crosby",33,"Y","N","Away",87,"",9,"",NA,NA,NA
"317",317,"11/28/16","PHI","GNB","L 13-27","Caleb Sturgis",48,"Y","N","Home",85,"",3,"",NA,NA,NA
"318",318,"11/28/16","GNB","PHI","W 27-13","Mason Crosby",32,"Y","N","Away",87,"",9,"",NA,NA,NA
"319",319,"11/27/16","KAN","DEN","W 30-27","Cairo Santos",37,"Y","N","Away",89,"",2,"",NA,NA,NA
"320",320,"11/27/16","SDG","HOU","W 21-13","Josh Lambo",54,"N","N","Away",81,"",1,"",NA,NA,NA
"321",321,"11/27/16","NWE","NYJ","W 22-17","Stephen Gostkowski",39,"N","N","Away",84,"",10,"",NA,NA,NA
"322",322,"11/27/16","DEN","KAN","L 27-30","Brandon McManus",44,"Y","N","Home",85,"",2,"",NA,NA,NA
"323",323,"11/27/16","MIA","SFO","W 31-24","Andrew Franks",24,"Y","N","Home",76,"",1,"",NA,NA,NA
"324",324,"11/27/16","NYJ","NWE","L 17-22","Nick Folk",54,"N","Y","Home",87,"",9,"",NA,NA,NA
"325",325,"11/27/16","TEN","CHI","W 27-21","Ryan Succop",31,"Y","N","Away",92,"",7,"",NA,NA,NA
"326",326,"11/27/16","HOU","SDG","L 13-21","Nick Novak",19,"Y","N","Home",85,"",9,"",NA,NA,NA
"327",327,"11/27/16","SFO","MIA","L 24-31","Phil Dawson",36,"Y","N","Away",86,"",18,"",NA,NA,NA
"328",328,"11/27/16","TAM","SEA","W 14-5","Roberto Aguayo",48,"N","N","Home",71,"",0,"",NA,NA,NA
"329",329,"11/27/16","OAK","CAR","W 35-32","Sebastian Janikowski",23,"Y","N","Home",83,"",16,"",NA,NA,NA
"330",330,"11/27/16","NWE","NYJ","W 22-17","Stephen Gostkowski",41,"Y","N","Away",84,"",10,"",NA,NA,NA
"331",331,"11/27/16","ARI","ATL","L 19-38","Chandler Catanzaro",25,"Y","N","Away",75,"",2,"",NA,NA,NA
"332",332,"11/27/16","BAL","CIN","W 19-14","Justin Tucker",57,"Y","N","Home",97,"",4,"",NA,NA,NA
"333",333,"11/27/16","NWE","NYJ","W 22-17","Stephen Gostkowski",28,"Y","N","Away",84,"",10,"",NA,NA,NA
"334",334,"11/27/16","DEN","KAN","L 27-30","Brandon McManus",33,"Y","N","Home",85,"",2,"",NA,NA,NA
"335",335,"11/27/16","NYJ","NWE","L 17-22","Nick Folk",51,"Y","N","Home",87,"",9,"",NA,NA,NA
"336",336,"11/27/16","TEN","CHI","W 27-21","Ryan Succop",19,"Y","N","Away",92,"",7,"",NA,NA,NA
"337",337,"11/27/16","ATL","ARI","W 38-19","Matt Bryant",45,"Y","N","Home",92,"",15,"",NA,NA,NA
"338",338,"11/27/16","CIN","BAL","L 14-19","Mike Nugent",36,"Y","N","Away",79,"",12,"",NA,NA,NA
"339",339,"11/27/16","BAL","CIN","W 19-14","Justin Tucker",36,"Y","N","Home",97,"",4,"",NA,NA,NA
"340",340,"11/27/16","CLE","NYG","L 13-27","Cody Parkey",25,"Y","N","Home",80,"",2,"",NA,NA,NA
"341",341,"11/27/16","KAN","DEN","W 30-27","Cairo Santos",34,"Y","N","Away",89,"",2,"",NA,NA,NA
"342",342,"11/27/16","OAK","CAR","W 35-32","Sebastian Janikowski",23,"Y","N","Home",83,"",16,"",NA,NA,NA
"343",343,"11/27/16","NWE","NYJ","W 22-17","Stephen Gostkowski",29,"Y","N","Away",84,"",10,"",NA,NA,NA
"344",344,"11/27/16","DEN","KAN","L 27-30","Brandon McManus",62,"N","N","Home",85,"",2,"",NA,NA,NA
"345",345,"11/27/16","SEA","TAM","L 5-14","Steven Hauschka",43,"Y","N","Away",89,"",9,"",NA,NA,NA
"346",346,"11/27/16","BAL","CIN","W 19-14","Justin Tucker",52,"Y","N","Home",97,"",4,"",NA,NA,NA
"347",347,"11/27/16","HOU","SDG","L 13-21","Nick Novak",45,"Y","N","Home",85,"",9,"",NA,NA,NA
"348",348,"11/27/16","ARI","ATL","L 19-38","Chandler Catanzaro",54,"Y","N","Away",75,"",2,"",NA,NA,NA
"349",349,"11/27/16","CIN","BAL","L 14-19","Mike Nugent",23,"Y","N","Away",79,"",12,"",NA,NA,NA
"350",350,"11/27/16","BAL","CIN","W 19-14","Justin Tucker",54,"Y","N","Home",97,"",4,"",NA,NA,NA
"351",351,"11/27/16","CLE","NYG","L 13-27","Cody Parkey",20,"Y","N","Home",80,"",2,"",NA,NA,NA
"352",352,"11/24/16","WAS","DAL","L 26-31","Dustin Hopkins",20,"Y","N","Away",81,"",2,"",NA,NA,NA
"353",353,"11/24/16","MIN","DET","L 13-16","Kai Forbath",28,"Y","N","Away",100,"",5,"",NA,NA,NA
"354",354,"11/24/16","DET","MIN","W 16-13","Matt Prater",40,"Y","N","Home",86,"",10,"",NA,NA,NA
"355",355,"11/24/16","WAS","DAL","L 26-31","Dustin Hopkins",43,"N","N","Away",81,"",2,"",NA,NA,NA
"356",356,"11/24/16","WAS","DAL","L 26-31","Dustin Hopkins",55,"N","N","Away",81,"",2,"",NA,NA,NA
"357",357,"11/24/16","MIN","DET","L 13-16","Kai Forbath",30,"Y","N","Away",100,"",5,"",NA,NA,NA
"358",358,"11/24/16","DET","MIN","W 16-13","Matt Prater",48,"Y","N","Home",86,"",10,"",NA,NA,NA
"359",359,"11/24/16","DAL","WAS","W 31-26","Dan Bailey",46,"Y","N","Home",84,"",5,"",NA,NA,NA
"360",360,"11/24/16","IND","PIT","L 7-28","Adam Vinatieri",52,"N","N","Home",87,"",20,"",NA,NA,NA
"361",361,"11/24/16","WAS","DAL","L 26-31","Dustin Hopkins",24,"Y","N","Away",81,"",2,"",NA,NA,NA
"362",362,"11/24/16","DET","MIN","W 16-13","Matt Prater",29,"Y","N","Home",86,"",10,"",NA,NA,NA
"363",363,"11/21/16","OAK","HOU","W 27-20","Sebastian Janikowski",20,"Y","N","Home",83,"",16,"",NA,NA,NA
"364",364,"11/21/16","OAK","HOU","W 27-20","Sebastian Janikowski",19,"Y","N","Home",83,"",16,"",NA,NA,NA
"365",365,"11/21/16","HOU","OAK","L 20-27","Nick Novak",28,"Y","N","Away",85,"",9,"",NA,NA,NA
"366",366,"11/21/16","HOU","OAK","L 20-27","Nick Novak",32,"Y","N","Away",85,"",9,"",NA,NA,NA
"367",367,"11/20/16","IND","TEN","W 24-17","Adam Vinatieri",49,"Y","N","Home",87,"",20,"",NA,NA,NA
"368",368,"11/20/16","SEA","PHI","W 26-15","Steven Hauschka",44,"N","N","Home",89,"",9,"",NA,NA,NA
"369",369,"11/20/16","BAL","DAL","L 17-27","Justin Tucker",46,"Y","N","Away",97,"",4,"",NA,NA,NA
"370",370,"11/20/16","BUF","CIN","W 16-12","Dan Carpenter",54,"Y","N","Away",76,"",8,"",NA,NA,NA
"371",371,"11/20/16","GNB","WAS","L 24-42","Mason Crosby",36,"Y","N","Away",87,"",9,"",NA,NA,NA
"372",372,"11/20/16","LAR","MIA","L 10-14","Greg Zuerlein",48,"N","N","Home",86,"",4,"",NA,NA,NA
"373",373,"11/20/16","DET","JAX","W 26-19","Matt Prater",43,"Y","N","Home",86,"",10,"",NA,NA,NA
"374",374,"11/20/16","JAX","DET","L 19-26","Jason Myers",52,"Y","N","Away",79,"",1,"",NA,NA,NA
"375",375,"11/20/16","PIT","CLE","W 24-9","Chris Boswell",32,"Y","N","Away",84,"",1,"",NA,NA,NA
"376",376,"11/20/16","DAL","BAL","W 27-17","Dan Bailey",30,"Y","N","Home",84,"",5,"",NA,NA,NA
"377",377,"11/20/16","TAM","KAN","W 19-17","Roberto Aguayo",22,"Y","N","Away",71,"",0,"",NA,NA,NA
"378",378,"11/20/16","CLE","PIT","L 9-24","Cody Parkey",24,"Y","N","Home",80,"",2,"",NA,NA,NA
"379",379,"11/20/16","KAN","TAM","L 17-19","Cairo Santos",22,"Y","N","Home",89,"",2,"",NA,NA,NA
"380",380,"11/20/16","IND","TEN","W 24-17","Adam Vinatieri",42,"N","N","Home",87,"",20,"",NA,NA,NA
"381",381,"11/20/16","CHI","NYG","L 16-22","Connor Barth",51,"N","N","Away",78,"",7,"",NA,NA,NA
"382",382,"11/20/16","SEA","PHI","W 26-15","Steven Hauschka",35,"Y","N","Home",89,"",9,"",NA,NA,NA
"383",383,"11/20/16","BUF","CIN","W 16-12","Dan Carpenter",26,"Y","N","Away",76,"",8,"",NA,NA,NA
"384",384,"11/20/16","WAS","GNB","W 42-24","Dustin Hopkins",37,"Y","N","Home",81,"",2,"",NA,NA,NA
"385",385,"11/20/16","LAR","MIA","L 10-14","Greg Zuerlein",46,"Y","N","Home",86,"",4,"",NA,NA,NA
"386",386,"11/20/16","NYG","CHI","W 22-16","Robbie Gould",46,"Y","N","Home",100,"",11,"",NA,NA,NA
"387",387,"11/20/16","DET","JAX","W 26-19","Matt Prater",27,"Y","N","Home",86,"",10,"",NA,NA,NA
"388",388,"11/20/16","JAX","DET","L 19-26","Jason Myers",27,"Y","N","Away",79,"",1,"",NA,NA,NA
"389",389,"11/20/16","SFO","NWE","L 17-30","Phil Dawson",33,"Y","N","Home",86,"",18,"",NA,NA,NA
"390",390,"11/20/16","PIT","CLE","W 24-9","Chris Boswell",22,"Y","N","Away",84,"",1,"",NA,NA,NA
"391",391,"11/20/16","TAM","KAN","W 19-17","Roberto Aguayo",36,"Y","N","Away",71,"",0,"",NA,NA,NA
"392",392,"11/20/16","ARI","MIN","L 24-30","Chandler Catanzaro",34,"Y","N","Away",75,"",2,"",NA,NA,NA
"393",393,"11/20/16","BUF","CIN","W 16-12","Dan Carpenter",20,"Y","N","Away",76,"",8,"",NA,NA,NA
"394",394,"11/20/16","TAM","KAN","W 19-17","Roberto Aguayo",31,"Y","N","Away",71,"",0,"",NA,NA,NA
"395",395,"11/20/16","GNB","WAS","L 24-42","Mason Crosby",36,"N","N","Away",87,"",9,"",NA,NA,NA
"396",396,"11/20/16","NWE","SFO","W 30-17","Stephen Gostkowski",38,"Y","N","Away",84,"",10,"",NA,NA,NA
"397",397,"11/20/16","CHI","NYG","L 16-22","Connor Barth",40,"Y","N","Away",78,"",7,"",NA,NA,NA
"398",398,"11/20/16","SEA","PHI","W 26-15","Steven Hauschka",21,"Y","N","Home",89,"",9,"",NA,NA,NA
"399",399,"11/20/16","MIN","ARI","W 30-24","Kai Forbath",27,"Y","N","Home",100,"",5,"",NA,NA,NA
"400",400,"11/20/16","TEN","IND","L 17-24","Ryan Succop",47,"Y","N","Away",92,"",7,"",NA,NA,NA
"401",401,"11/20/16","PIT","CLE","W 24-9","Chris Boswell",33,"Y","N","Away",84,"",1,"",NA,NA,NA
"402",402,"11/20/16","DAL","BAL","W 27-17","Dan Bailey",21,"Y","N","Home",84,"",5,"",NA,NA,NA
"403",403,"11/20/16","TAM","KAN","W 19-17","Roberto Aguayo",41,"Y","N","Away",71,"",0,"",NA,NA,NA
"404",404,"11/17/16","NOR","CAR","L 20-23","Wil Lutz",27,"Y","N","Away",82,"",0,"",NA,NA,NA
"405",405,"11/17/16","CAR","NOR","W 23-20","Graham Gano",49,"Y","N","Home",79,"",7,"",NA,NA,NA
"406",406,"11/17/16","NOR","CAR","L 20-23","Wil Lutz",30,"Y","N","Away",82,"",0,"",NA,NA,NA
"407",407,"11/17/16","CAR","NOR","W 23-20","Graham Gano",32,"Y","N","Home",79,"",7,"",NA,NA,NA
"408",408,"11/17/16","NOR","CAR","L 20-23","Wil Lutz",38,"N","Y","Away",82,"",0,"",NA,NA,NA
"409",409,"11/17/16","CAR","NOR","W 23-20","Graham Gano",42,"Y","N","Home",79,"",7,"",NA,NA,NA
"410",410,"11/14/16","CIN","NYG","L 20-21","Mike Nugent",38,"Y","N","Away",79,"",12,"",NA,NA,NA
"411",411,"11/14/16","CIN","NYG","L 20-21","Mike Nugent",25,"Y","N","Away",79,"",12,"",NA,NA,NA
"412",412,"11/13/16","HOU","JAX","W 24-21","Nick Novak",49,"N","N","Away",85,"",9,"",NA,NA,NA
"413",413,"11/13/16","WAS","MIN","W 26-20","Dustin Hopkins",30,"Y","N","Home",81,"",2,"",NA,NA,NA
"414",414,"11/13/16","ATL","PHI","L 15-24","Matt Bryant",38,"Y","N","Away",92,"",15,"",NA,NA,NA
"415",415,"11/13/16","ARI","SFO","W 23-20","Chandler Catanzaro",34,"Y","N","Home",75,"",2,"",NA,NA,NA
"416",416,"11/13/16","PIT","DAL","L 30-35","Chris Boswell",55,"N","N","Home",84,"",1,"",NA,NA,NA
"417",417,"11/13/16","DAL","PIT","W 35-30","Dan Bailey",53,"Y","N","Away",84,"",5,"",NA,NA,NA
"418",418,"11/13/16","TAM","CHI","W 36-10","Roberto Aguayo",27,"Y","N","Home",71,"",0,"",NA,NA,NA
"419",419,"11/13/16","NWE","SEA","L 24-31","Stephen Gostkowski",30,"Y","N","Home",84,"",10,"",NA,NA,NA
"420",420,"11/13/16","DEN","NOR","W 25-23","Brandon McManus",28,"Y","N","Away",85,"",2,"",NA,NA,NA
"421",421,"11/13/16","CHI","TAM","L 10-36","Connor Barth",54,"Y","N","Away",78,"",7,"",NA,NA,NA
"422",422,"11/13/16","SEA","NWE","W 31-24","Steven Hauschka",23,"Y","N","Away",89,"",9,"",NA,NA,NA
"423",423,"11/13/16","PHI","ATL","W 24-15","Caleb Sturgis",55,"N","N","Home",85,"",3,"",NA,NA,NA
"424",424,"11/13/16","KAN","CAR","W 20-17","Cairo Santos",33,"Y","N","Away",89,"",2,"",NA,NA,NA
"425",425,"11/13/16","TEN","GNB","W 47-25","Ryan Succop",23,"Y","N","Home",92,"",7,"",NA,NA,NA
"426",426,"11/13/16","HOU","JAX","W 24-21","Nick Novak",51,"Y","N","Away",85,"",9,"",NA,NA,NA
"427",427,"11/13/16","WAS","MIN","W 26-20","Dustin Hopkins",50,"Y","N","Home",81,"",2,"",NA,NA,NA
"428",428,"11/13/16","SEA","NWE","W 31-24","Steven Hauschka",27,"Y","N","Away",89,"",9,"",NA,NA,NA
"429",429,"11/13/16","LAR","NYJ","W 9-6","Greg Zuerlein",38,"Y","N","Away",86,"",4,"",NA,NA,NA
"430",430,"11/13/16","PHI","ATL","W 24-15","Caleb Sturgis",44,"N","N","Home",85,"",3,"",NA,NA,NA
"431",431,"11/13/16","ATL","PHI","L 15-24","Matt Bryant",53,"N","N","Away",92,"",15,"",NA,NA,NA
"432",432,"11/13/16","JAX","HOU","L 21-24","Jason Myers",54,"Y","N","Home",79,"",1,"",NA,NA,NA
"433",433,"11/13/16","SFO","ARI","L 20-23","Phil Dawson",49,"Y","N","Away",86,"",18,"",NA,NA,NA
"434",434,"11/13/16","SDG","MIA","L 24-31","Josh Lambo",45,"Y","N","Home",81,"",1,"",NA,NA,NA
"435",435,"11/13/16","MIA","SDG","W 31-24","Andrew Franks",27,"Y","N","Away",76,"",1,"",NA,NA,NA
"436",436,"11/13/16","ARI","SFO","W 23-20","Chandler Catanzaro",19,"Y","N","Home",75,"",2,"",NA,NA,NA
"437",437,"11/13/16","PIT","DAL","L 30-35","Chris Boswell",39,"Y","N","Home",84,"",1,"",NA,NA,NA
"438",438,"11/13/16","DAL","PIT","W 35-30","Dan Bailey",37,"Y","N","Away",84,"",5,"",NA,NA,NA
"439",439,"11/13/16","NOR","DEN","L 23-25","Wil Lutz",30,"Y","N","Home",82,"",0,"",NA,NA,NA
"440",440,"11/13/16","TAM","CHI","W 36-10","Roberto Aguayo",30,"Y","N","Home",71,"",0,"",NA,NA,NA
"441",441,"11/13/16","GNB","TEN","L 25-47","Mason Crosby",38,"Y","N","Away",87,"",9,"",NA,NA,NA
"442",442,"11/13/16","DEN","NOR","W 25-23","Brandon McManus",42,"N","N","Away",85,"",2,"",NA,NA,NA
"443",443,"11/13/16","SEA","NWE","W 31-24","Steven Hauschka",41,"Y","N","Away",89,"",9,"",NA,NA,NA
"444",444,"11/13/16","PHI","ATL","W 24-15","Caleb Sturgis",25,"Y","N","Home",85,"",3,"",NA,NA,NA
"445",445,"11/13/16","KAN","CAR","W 20-17","Cairo Santos",36,"Y","N","Away",89,"",2,"",NA,NA,NA
"446",446,"11/13/16","HOU","JAX","W 24-21","Nick Novak",50,"N","N","Away",85,"",9,"",NA,NA,NA
"447",447,"11/13/16","WAS","MIN","W 26-20","Dustin Hopkins",37,"Y","N","Home",81,"",2,"",NA,NA,NA
"448",448,"11/13/16","LAR","NYJ","W 9-6","Greg Zuerlein",20,"Y","N","Away",86,"",4,"",NA,NA,NA
"449",449,"11/13/16","ATL","PHI","L 15-24","Matt Bryant",43,"Y","N","Away",92,"",15,"",NA,NA,NA
"450",450,"11/13/16","PIT","DAL","L 30-35","Chris Boswell",25,"Y","N","Home",84,"",1,"",NA,NA,NA
"451",451,"11/13/16","DAL","PIT","W 35-30","Dan Bailey",46,"Y","N","Away",84,"",5,"",NA,NA,NA
"452",452,"11/13/16","TEN","GNB","W 47-25","Ryan Succop",51,"Y","N","Home",92,"",7,"",NA,NA,NA
"453",453,"11/13/16","DEN","NOR","W 25-23","Brandon McManus",37,"Y","N","Away",85,"",2,"",NA,NA,NA
"454",454,"11/13/16","PHI","ATL","W 24-15","Caleb Sturgis",48,"Y","N","Home",85,"",3,"",NA,NA,NA
"455",455,"11/13/16","ARI","SFO","W 23-20","Chandler Catanzaro",39,"Y","N","Home",75,"",2,"",NA,NA,NA
"456",456,"11/13/16","GNB","TEN","L 25-47","Mason Crosby",29,"Y","N","Away",87,"",9,"",NA,NA,NA
"457",457,"11/13/16","KAN","CAR","W 20-17","Cairo Santos",37,"Y","N","Away",89,"",2,"",NA,NA,NA
"458",458,"11/13/16","DEN","NOR","W 25-23","Brandon McManus",50,"Y","N","Away",85,"",2,"",NA,NA,NA
"459",459,"11/13/16","WAS","MIN","W 26-20","Dustin Hopkins",28,"Y","N","Home",81,"",2,"",NA,NA,NA
"460",460,"11/13/16","SEA","NWE","W 31-24","Steven Hauschka",31,"Y","N","Away",89,"",9,"",NA,NA,NA
"461",461,"11/13/16","LAR","NYJ","W 9-6","Greg Zuerlein",34,"Y","N","Away",86,"",4,"",NA,NA,NA
"462",462,"11/13/16","PHI","ATL","W 24-15","Caleb Sturgis",29,"Y","N","Home",85,"",3,"",NA,NA,NA
"463",463,"11/13/16","ATL","PHI","L 15-24","Matt Bryant",46,"Y","N","Away",92,"",15,"",NA,NA,NA
"464",464,"11/13/16","JAX","HOU","L 21-24","Jason Myers",44,"Y","N","Home",79,"",1,"",NA,NA,NA
"465",465,"11/13/16","SFO","ARI","L 20-23","Phil Dawson",53,"Y","N","Away",86,"",18,"",NA,NA,NA
"466",466,"11/13/16","CAR","KAN","L 17-20","Graham Gano",42,"Y","N","Home",79,"",7,"",NA,NA,NA
"467",467,"11/13/16","KAN","CAR","W 20-17","Cairo Santos",47,"Y","N","Away",89,"",2,"",NA,NA,NA
"468",468,"11/10/16","BAL","CLE","W 28-7","Justin Tucker",40,"Y","N","Home",97,"",4,"",NA,NA,NA
"469",469,"11/10/16","BAL","CLE","W 28-7","Justin Tucker",25,"Y","N","Home",97,"",4,"",NA,NA,NA
"470",470,"11/7/16","BUF","SEA","L 25-31","Dan Carpenter",31,"Y","N","Away",76,"",8,"",NA,NA,NA
"471",471,"11/7/16","SEA","BUF","W 31-25","Steven Hauschka",49,"Y","N","Home",89,"",9,"",NA,NA,NA
"472",472,"11/7/16","BUF","SEA","L 25-31","Dan Carpenter",54,"N","N","Away",76,"",8,"",NA,NA,NA
"473",473,"11/6/16","LAR","CAR","L 10-13","Greg Zuerlein",25,"Y","N","Home",86,"",4,"",NA,NA,NA
"474",474,"11/6/16","PHI","NYG","L 23-28","Caleb Sturgis",26,"Y","N","Away",85,"",3,"",NA,NA,NA
"475",475,"11/6/16","SFO","NOR","L 23-41","Phil Dawson",48,"Y","N","Home",86,"",18,"",NA,NA,NA
"476",476,"11/6/16","CLE","DAL","L 10-35","Cody Parkey",31,"Y","N","Home",80,"",2,"",NA,NA,NA
"477",477,"11/6/16","CAR","LAR","W 13-10","Graham Gano",48,"N","N","Away",79,"",7,"",NA,NA,NA
"478",478,"11/6/16","KAN","JAX","W 19-14","Cairo Santos",51,"Y","N","Home",89,"",2,"",NA,NA,NA
"479",479,"11/6/16","SDG","TEN","W 43-35","Josh Lambo",23,"Y","N","Home",81,"",1,"",NA,NA,NA
"480",480,"11/6/16","OAK","DEN","W 30-20","Sebastian Janikowski",48,"N","N","Home",83,"",16,"",NA,NA,NA
"481",481,"11/6/16","MIA","NYJ","W 27-23","Andrew Franks",33,"Y","N","Home",76,"",1,"",NA,NA,NA
"482",482,"11/6/16","MIN","DET","L 16-22","Blair Walsh",46,"N","Y","Home",75,"",4,"",NA,NA,NA
"483",483,"11/6/16","BAL","PIT","W 21-14","Justin Tucker",42,"Y","N","Home",97,"",4,"",NA,NA,NA
"484",484,"11/6/16","NYJ","MIA","L 23-27","Nick Folk",21,"Y","N","Away",87,"",9,"",NA,NA,NA
"485",485,"11/6/16","NOR","SFO","W 41-23","Wil Lutz",55,"N","N","Away",82,"",0,"",NA,NA,NA
"486",486,"11/6/16","GNB","IND","L 26-31","Mason Crosby",27,"Y","N","Home",87,"",9,"",NA,NA,NA
"487",487,"11/6/16","DEN","OAK","L 20-30","Brandon McManus",44,"Y","N","Away",85,"",2,"",NA,NA,NA
"488",488,"11/6/16","DET","MIN","W 22-16","Matt Prater",53,"Y","N","Away",86,"",10,"",NA,NA,NA
"489",489,"11/6/16","CAR","LAR","W 13-10","Graham Gano",37,"Y","N","Away",79,"",7,"",NA,NA,NA
"490",490,"11/6/16","KAN","JAX","W 19-14","Cairo Santos",36,"Y","N","Home",89,"",2,"",NA,NA,NA
"491",491,"11/6/16","LAR","CAR","L 10-13","Greg Zuerlein",55,"N","N","Home",86,"",4,"",NA,NA,NA
"492",492,"11/6/16","PHI","NYG","L 23-28","Caleb Sturgis",40,"N","Y","Away",85,"",3,"",NA,NA,NA
"493",493,"11/6/16","SFO","NOR","L 23-41","Phil Dawson",49,"Y","N","Home",86,"",18,"",NA,NA,NA
"494",494,"11/6/16","KAN","JAX","W 19-14","Cairo Santos",26,"Y","N","Home",89,"",2,"",NA,NA,NA
"495",495,"11/6/16","OAK","DEN","W 30-20","Sebastian Janikowski",29,"Y","N","Home",83,"",16,"",NA,NA,NA
"496",496,"11/6/16","MIN","DET","L 16-22","Blair Walsh",33,"Y","N","Home",75,"",4,"",NA,NA,NA
"497",497,"11/6/16","BAL","PIT","W 21-14","Justin Tucker",49,"Y","N","Home",97,"",4,"",NA,NA,NA
"498",498,"11/6/16","NYJ","MIA","L 23-27","Nick Folk",23,"Y","N","Away",87,"",9,"",NA,NA,NA
"499",499,"11/6/16","NOR","SFO","W 41-23","Wil Lutz",26,"Y","N","Away",82,"",0,"",NA,NA,NA
"500",500,"11/6/16","GNB","IND","L 26-31","Mason Crosby",48,"N","","Home",87,"",9,"",NA,NA,NA
