"","X1","2","3","4","5","6","7","8","9","10","newcol","domecol"
"1",1,2017-01-01,"HOU","@","TEN","L 17-24","Nick Novak\novaknic01",26,"Y","N","TEN","Not Dome"
"2",2,2017-01-01,"WAS","Home","NYG","L 10-19","Dustin Hopkins\HopkDu00",32,"Y","N","WAS","Not Dome"
"3",3,2017-01-01,"SEA","@","SFO","W 25-23","Steven Hauschka\HausSt00",32,"Y","N","SFO","Not Dome"
"4",4,2017-01-01,"PHI","Home","DAL","W 27-13","Caleb Sturgis\SturCa00",49,"N","N","PHI","Not Dome"
"5",6,2017-01-01,"DET","Home","GNB","L 24-31","Matt Prater\PratMa20",39,"N","N","DET","Dome"
"6",7,2017-01-01,"JAX","@","IND","L 20-24","Jason Myers\MyerJa00",30,"N","N","IND","Dome"
"7",8,2017-01-01,"NYJ","Home","BUF","W 30-10","Nick Folk\FolkNi20",25,"Y","N","NYJ","Not Dome"
"8",9,2017-01-01,"CLE","@","PIT","L 24-27","Cody Parkey\ParkCo03",34,"Y","N","PIT","Not Dome"
"9",10,2017-01-01,"TEN","Home","HOU","W 24-17","Ryan Succop\SuccRy44",35,"Y","N","TEN","Not Dome"
"10",11,2017-01-01,"CAR","@","TAM","L 16-17","Graham Gano\GanoGr44",45,"N","N","TAM","Not Dome"
"11",12,2017-01-01,"DEN","Home","OAK","W 24-6","Brandon McManus\McMaBr01",48,"N","N","DEN","Not Dome"
"12",13,2017-01-01,"LAR","Home","ARI","L 6-44","Greg Zuerlein\ZuerGr00",37,"Y","N","LAR","Not Dome"
"13",15,2017-01-01,"BUF","@","NYJ","L 10-30","Dan Carpenter\CarpDa44",34,"Y","N","NYJ","Not Dome"
"14",16,2017-01-01,"BAL","@","CIN","L 10-27","Justin Tucker\TuckJu00",30,"Y","N","CIN","Not Dome"
"15",17,2017-01-01,"TAM","Home","CAR","W 17-16","Roberto Aguayo\AguaRo00",46,"N","N","TAM","Not Dome"
"16",18,2017-01-01,"KAN","@","SDG","W 37-27","Cairo Santos\SantCa01",37,"Y","N","SDG","Not Dome"
"17",19,2017-01-01,"SDG","Home","KAN","L 27-37","Josh Lambo\LambJo00",29,"Y","N","SDG","Not Dome"
"18",20,2017-01-01,"CAR","@","TAM","L 16-17","Graham Gano\GanoGr44",54,"Y","N","TAM","Not Dome"
"19",21,2017-01-01,"NWE","@","MIA","W 35-14","Stephen Gostkowski\GostSt20",26,"Y","N","MIA","Not Dome"
"20",22,2017-01-01,"CHI","@","MIN","L 10-38","Connor Barth\barthco01",29,"Y","N","MIN","Dome"
"21",23,2017-01-01,"SEA","@","SFO","W 25-23","Steven Hauschka\HausSt00",28,"Y","N","SFO","Not Dome"
"22",24,2017-01-01,"ARI","@","LAR","W 44-6","Chandler Catanzaro\CataCh00",34,"Y","N","LAR","Not Dome"
"23",25,2017-01-01,"JAX","@","IND","L 20-24","Jason Myers\MyerJa00",41,"Y","N","IND","Dome"
"24",26,2017-01-01,"DAL","@","PHI","L 13-27","Dan Bailey\BailDa00",49,"Y","N","PHI","Not Dome"
"25",27,2017-01-01,"NOR","@","ATL","L 32-38","Wil Lutz\LutzWi00",19,"Y","N","ATL","Dome"
"26",28,2017-01-01,"IND","Home","JAX","W 24-20","Adam Vinatieri\vinatada01",45,"Y","N","IND","Dome"
"27",29,2017-01-01,"HOU","@","TEN","L 17-24","Nick Novak\novaknic01",45,"N","N","TEN","Not Dome"
"28",30,2017-01-01,"WAS","Home","NYG","L 10-19","Dustin Hopkins\HopkDu00",57,"N","N","WAS","Not Dome"
"29",31,2017-01-01,"SEA","@","SFO","W 25-23","Steven Hauschka\HausSt00",31,"Y","N","SFO","Not Dome"
"30",32,2017-01-01,"PHI","Home","DAL","W 27-13","Caleb Sturgis\SturCa00",22,"Y","N","PHI","Not Dome"
"31",33,2017-01-01,"JAX","@","IND","L 20-24","Jason Myers\MyerJa00",47,"Y","N","IND","Dome"
"32",34,2017-01-01,"NYJ","Home","BUF","W 30-10","Nick Folk\FolkNi20",36,"Y","N","NYJ","Not Dome"
"33",35,2017-01-01,"GNB","@","DET","W 31-24","Mason Crosby\CrosMa20",53,"Y","N","DET","Dome"
"34",36,2017-01-01,"CLE","@","PIT","L 24-27","Cody Parkey\ParkCo03",49,"N","N","PIT","Not Dome"
"35",37,2017-01-01,"DEN","Home","OAK","W 24-6","Brandon McManus\McMaBr01",22,"Y","N","DEN","Not Dome"
"36",38,2017-01-01,"ATL","Home","NOR","W 38-32","Matt Bryant\bryanmat01",22,"Y","N","ATL","Dome"
"37",40,2017-01-01,"TAM","Home","CAR","W 17-16","Roberto Aguayo\AguaRo00",33,"Y","N","TAM","Not Dome"
"38",41,2017-01-01,"KAN","@","SDG","W 37-27","Cairo Santos\SantCa01",25,"Y","N","SDG","Not Dome"
"39",42,2017-01-01,"SDG","Home","KAN","L 27-37","Josh Lambo\LambJo00",35,"Y","N","SDG","Not Dome"
"40",43,2017-01-01,"NWE","@","MIA","W 35-14","Stephen Gostkowski\GostSt20",40,"Y","N","MIA","Not Dome"
"41",44,2017-01-01,"SEA","@","SFO","W 25-23","Steven Hauschka\HausSt00",33,"Y","N","SFO","Not Dome"
"42",45,2017-01-01,"PHI","Home","DAL","W 27-13","Caleb Sturgis\SturCa00",33,"Y","N","PHI","Not Dome"
"43",47,2017-01-01,"ARI","@","LAR","W 44-6","Chandler Catanzaro\CataCh00",32,"Y","N","LAR","Not Dome"
"44",49,2017-01-01,"DET","Home","GNB","L 24-31","Matt Prater\PratMa20",54,"Y","N","DET","Dome"
"45",50,2017-01-01,"JAX","@","IND","L 20-24","Jason Myers\MyerJa00",54,"N","N","IND","Dome"
"46",51,2017-01-01,"CAR","@","TAM","L 16-17","Graham Gano\GanoGr44",58,"N","N","TAM","Not Dome"
"47",52,2017-01-01,"IND","Home","JAX","W 24-20","Adam Vinatieri\vinatada01",48,"N","N","IND","Dome"
"48",53,2017-01-01,"LAR","Home","ARI","L 6-44","Greg Zuerlein\ZuerGr00",36,"Y","N","LAR","Not Dome"
"49",54,2017-01-01,"NYJ","Home","BUF","W 30-10","Nick Folk\FolkNi20",30,"Y","N","NYJ","Not Dome"
"50",55,2017-01-01,"TAM","Home","CAR","W 17-16","Roberto Aguayo\AguaRo00",48,"N","Y","TAM","Not Dome"
"51",56,2017-01-01,"CAR","@","TAM","L 16-17","Graham Gano\GanoGr44",36,"N","N","TAM","Not Dome"
"52",57,2017-01-01,"NWE","@","MIA","W 35-14","Stephen Gostkowski\GostSt20",52,"N","N","MIA","Not Dome"
"53",58,2017-01-01,"ARI","@","LAR","W 44-6","Chandler Catanzaro\CataCh00",47,"Y","N","LAR","Not Dome"
"54",59,2017-01-01,"DAL","@","PHI","L 13-27","Dan Bailey\BailDa00",23,"Y","N","PHI","Not Dome"
"55",60,2017-01-01,"NOR","@","ATL","L 32-38","Wil Lutz\LutzWi00",40,"Y","N","ATL","Dome"
"56",61,2017-01-01,"KAN","@","SDG","W 37-27","Cairo Santos\SantCa01",35,"Y","N","SDG","Not Dome"
"57",62,2016-12-26,"DET","@","DAL","L 21-42","Matt Prater\PratMa20",47,"N","N","DAL","Dome"
"58",63,2016-12-25,"KAN","Home","DEN","W 33-10","Cairo Santos\SantCa01",39,"N","N","KAN","Not Dome"
"59",64,2016-12-25,"PIT","Home","BAL","W 31-27","Chris Boswell\BoswCh00",36,"Y","N","PIT","Not Dome"
"60",65,2016-12-25,"BAL","@","PIT","L 27-31","Justin Tucker\TuckJu00",38,"Y","N","PIT","Not Dome"
"61",66,2016-12-25,"KAN","Home","DEN","W 33-10","Cairo Santos\SantCa01",39,"Y","N","KAN","Not Dome"
"62",67,2016-12-25,"BAL","@","PIT","L 27-31","Justin Tucker\TuckJu00",23,"Y","N","PIT","Not Dome"
"63",68,2016-12-25,"BAL","@","PIT","L 27-31","Justin Tucker\TuckJu00",41,"Y","N","PIT","Not Dome"
"64",69,2016-12-25,"KAN","Home","DEN","W 33-10","Cairo Santos\SantCa01",27,"Y","N","KAN","Not Dome"
"65",70,2016-12-25,"DEN","@","KAN","L 10-33","Brandon McManus\McMaBr01",52,"Y","N","KAN","Not Dome"
"66",71,2016-12-25,"BAL","@","PIT","L 27-31","Justin Tucker\TuckJu00",46,"Y","N","PIT","Not Dome"
"67",72,2016-12-24,"NWE","Home","NYJ","W 41-3","Stephen Gostkowski\GostSt20",22,"Y","N","NWE","Not Dome"
"68",73,2016-12-24,"MIA","@","BUF","W 34-31","Andrew Franks\FranAn01",46,"N","N","BUF","Not Dome"
"69",74,2016-12-24,"ATL","@","CAR","W 33-16","Matt Bryant\bryanmat01",48,"Y","N","CAR","Not Dome"
"70",75,2016-12-24,"ARI","@","SEA","W 34-31","Chandler Catanzaro\CataCh00",43,"Y","N","SEA","Not Dome"
"71",77,2016-12-24,"NOR","Home","TAM","W 31-24","Wil Lutz\LutzWi00",34,"Y","N","NOR","Dome"
"72",78,2016-12-24,"IND","@","OAK","L 25-33","Adam Vinatieri\vinatada01",42,"Y","N","OAK","Not Dome"
"73",79,2016-12-24,"HOU","Home","CIN","W 12-10","Nick Novak\novaknic01",25,"Y","N","HOU","Dome"
"74",80,2016-12-24,"WAS","@","CHI","W 41-21","Dustin Hopkins\HopkDu00",29,"Y","N","CHI","Not Dome"
"75",81,2016-12-24,"SEA","Home","ARI","L 31-34","Steven Hauschka\HausSt00",45,"N","Y","SEA","Not Dome"
"76",82,2016-12-24,"JAX","Home","TEN","W 38-17","Jason Myers\MyerJa00",56,"Y","N","JAX","Not Dome"
"77",83,2016-12-24,"NYJ","@","NWE","L 3-41","Nick Folk\FolkNi20",29,"Y","N","NWE","Not Dome"
"78",84,2016-12-24,"CLE","Home","SDG","W 20-17","Cody Parkey\ParkCo03",49,"Y","N","CLE","Not Dome"
"79",85,2016-12-24,"CAR","Home","ATL","L 16-33","Graham Gano\GanoGr44",31,"Y","N","CAR","Not Dome"
"80",86,2016-12-24,"MIA","@","BUF","W 34-31","Andrew Franks\FranAn01",27,"Y","N","BUF","Not Dome"
"81",87,2016-12-24,"ATL","@","CAR","W 33-16","Matt Bryant\bryanmat01",29,"Y","N","CAR","Not Dome"
"82",89,2016-12-24,"BUF","Home","MIA","L 31-34","Dan Carpenter\CarpDa44",46,"N","N","BUF","Not Dome"
"83",90,2016-12-24,"SDG","@","CLE","L 17-20","Josh Lambo\LambJo00",32,"N","Y","CLE","Not Dome"
"84",91,2016-12-24,"NWE","Home","NYJ","W 41-3","Stephen Gostkowski\GostSt20",29,"Y","N","NWE","Not Dome"
"85",92,2016-12-24,"ATL","@","CAR","W 33-16","Matt Bryant\bryanmat01",51,"Y","N","CAR","Not Dome"
"86",93,2016-12-24,"ARI","@","SEA","W 34-31","Chandler Catanzaro\CataCh00",42,"Y","N","SEA","Not Dome"
"87",95,2016-12-24,"NOR","Home","TAM","W 31-24","Wil Lutz\LutzWi00",42,"Y","N","NOR","Dome"
"88",96,2016-12-24,"TEN","@","JAX","L 17-38","Ryan Succop\SuccRy44",42,"Y","N","JAX","Not Dome"
"89",97,2016-12-24,"CAR","Home","ATL","L 16-33","Graham Gano\GanoGr44",31,"Y","N","CAR","Not Dome"
"90",98,2016-12-24,"JAX","Home","TEN","W 38-17","Jason Myers\MyerJa00",48,"Y","N","JAX","Not Dome"
"91",99,2016-12-24,"BUF","Home","MIA","L 31-34","Dan Carpenter\CarpDa44",45,"N","N","BUF","Not Dome"
"92",100,2016-12-24,"NYJ","@","NWE","L 3-41","Nick Folk\FolkNi20",34,"N","N","NWE","Not Dome"
"93",101,2016-12-24,"MIA","@","BUF","W 34-31","Andrew Franks\FranAn01",55,"Y","N","BUF","Not Dome"
"94",102,2016-12-24,"CHI","Home","WAS","L 21-41","Connor Barth\barthco01",22,"N","Y","CHI","Not Dome"
"95",103,2016-12-24,"ATL","@","CAR","W 33-16","Matt Bryant\bryanmat01",30,"N","Y","CAR","Not Dome"
"96",104,2016-12-24,"NOR","Home","TAM","W 31-24","Wil Lutz\LutzWi00",21,"Y","N","NOR","Dome"
"97",105,2016-12-24,"SDG","@","CLE","L 17-20","Josh Lambo\LambJo00",43,"Y","N","CLE","Not Dome"
"98",106,2016-12-24,"HOU","Home","CIN","W 12-10","Nick Novak\novaknic01",22,"Y","N","HOU","Dome"
"99",107,2016-12-24,"WAS","@","CHI","W 41-21","Dustin Hopkins\HopkDu00",20,"Y","N","CHI","Not Dome"
"100",108,2016-12-24,"SEA","Home","ARI","L 31-34","Steven Hauschka\HausSt00",27,"Y","N","SEA","Not Dome"
"101",109,2016-12-24,"ARI","@","SEA","W 34-31","Chandler Catanzaro\CataCh00",53,"N","N","SEA","Not Dome"
"102",110,2016-12-24,"JAX","Home","TEN","W 38-17","Jason Myers\MyerJa00",50,"Y","N","JAX","Not Dome"
"103",111,2016-12-24,"GNB","Home","MIN","W 38-25","Mason Crosby\CrosMa20",48,"Y","N","GNB","Not Dome"
"104",112,2016-12-24,"CLE","Home","SDG","W 20-17","Cody Parkey\ParkCo03",27,"Y","N","CLE","Not Dome"
"105",113,2016-12-24,"CAR","Home","ATL","L 16-33","Graham Gano\GanoGr44",40,"Y","N","CAR","Not Dome"
"106",114,2016-12-24,"ATL","@","CAR","W 33-16","Matt Bryant\bryanmat01",50,"Y","N","CAR","Not Dome"
"107",115,2016-12-24,"JAX","Home","TEN","W 38-17","Jason Myers\MyerJa00",29,"Y","N","JAX","Not Dome"
"108",117,2016-12-24,"BUF","Home","MIA","L 31-34","Dan Carpenter\CarpDa44",28,"Y","N","BUF","Not Dome"
"109",118,2016-12-24,"TAM","@","NOR","L 24-31","Roberto Aguayo\AguaRo00",35,"Y","N","NOR","Dome"
"110",119,2016-12-24,"SDG","@","CLE","L 17-20","Josh Lambo\LambJo00",45,"N","N","CLE","Not Dome"
"111",121,2016-12-22,"NYG","@","PHI","L 19-24","Robbie Gould\gouldrob01",41,"Y","N","PHI","Not Dome"
"112",123,2016-12-22,"PHI","Home","NYG","W 24-19","Caleb Sturgis\SturCa00",41,"Y","N","PHI","Not Dome"
"113",125,2016-12-19,"CAR","@","WAS","W 26-15","Graham Gano\GanoGr44",35,"Y","N","WAS","Not Dome"
"114",126,2016-12-19,"WAS","Home","CAR","L 15-26","Dustin Hopkins\HopkDu00",43,"Y","N","WAS","Not Dome"
"115",127,2016-12-19,"CAR","@","WAS","W 26-15","Graham Gano\GanoGr44",23,"Y","N","WAS","Not Dome"
"116",128,2016-12-19,"WAS","Home","CAR","L 15-26","Dustin Hopkins\HopkDu00",34,"Y","N","WAS","Not Dome"
"117",129,2016-12-19,"CAR","@","WAS","W 26-15","Graham Gano\GanoGr44",41,"Y","N","WAS","Not Dome"
"118",130,2016-12-19,"CAR","@","WAS","W 26-15","Graham Gano\GanoGr44",23,"Y","N","WAS","Not Dome"
"119",131,2016-12-19,"WAS","Home","CAR","L 15-26","Dustin Hopkins\HopkDu00",26,"Y","N","WAS","Not Dome"
"120",132,2016-12-19,"CAR","@","WAS","W 26-15","Graham Gano\GanoGr44",38,"N","N","WAS","Not Dome"
"121",133,2016-12-18,"OAK","@","SDG","W 19-16","Sebastian Janikowski\janikseb01",44,"Y","N","SDG","Not Dome"
"122",134,2016-12-18,"CHI","Home","GNB","L 27-30","Connor Barth\barthco01",22,"Y","N","CHI","Not Dome"
"123",136,2016-12-18,"BUF","Home","CLE","W 33-13","Dan Carpenter\CarpDa44",21,"Y","N","BUF","Not Dome"
"124",137,2016-12-18,"BAL","Home","PHI","W 27-26","Justin Tucker\TuckJu00",47,"Y","N","BAL","Not Dome"
"125",138,2016-12-18,"PIT","@","CIN","W 24-20","Chris Boswell\BoswCh00",49,"Y","N","CIN","Not Dome"
"126",139,2016-12-18,"DAL","Home","TAM","W 26-20","Dan Bailey\BailDa00",38,"Y","N","DAL","Dome"
"127",140,2016-12-18,"SDG","Home","OAK","L 16-19","Josh Lambo\LambJo00",35,"Y","N","SDG","Not Dome"
"128",141,2016-12-18,"OAK","@","SDG","W 19-16","Sebastian Janikowski\janikseb01",45,"Y","N","SDG","Not Dome"
"129",142,2016-12-18,"NWE","@","DEN","W 16-3","Stephen Gostkowski\GostSt20",40,"Y","N","DEN","Not Dome"
"130",143,2016-12-18,"ATL","Home","SFO","W 41-13","Matt Bryant\bryanmat01",50,"Y","N","ATL","Dome"
"131",144,2016-12-18,"PHI","@","BAL","L 26-27","Caleb Sturgis\SturCa00",29,"Y","N","BAL","Not Dome"
"132",145,2016-12-18,"ARI","Home","NOR","L 41-48","Chandler Catanzaro\CataCh00",55,"N","N","ARI","Dome"
"133",147,2016-12-18,"DET","@","NYG","L 6-17","Matt Prater\PratMa20",48,"Y","N","NYG","Not Dome"
"134",148,2016-12-18,"DAL","Home","TAM","W 26-20","Dan Bailey\BailDa00",27,"Y","N","DAL","Dome"
"135",149,2016-12-18,"NOR","@","ARI","W 48-41","Wil Lutz\LutzWi00",37,"Y","N","ARI","Dome"
"136",150,2016-12-18,"GNB","@","CHI","W 30-27","Mason Crosby\CrosMa20",32,"Y","N","CHI","Not Dome"
"137",151,2016-12-18,"TEN","@","KAN","W 19-17","Ryan Succop\SuccRy44",39,"Y","N","KAN","Not Dome"
"138",152,2016-12-18,"DEN","Home","NWE","L 3-16","Brandon McManus\McMaBr01",33,"Y","N","DEN","Not Dome"
"139",153,2016-12-18,"HOU","Home","JAX","W 21-20","Nick Novak\novaknic01",45,"Y","N","HOU","Dome"
"140",154,2016-12-18,"PHI","@","BAL","L 26-27","Caleb Sturgis\SturCa00",45,"Y","N","BAL","Not Dome"
"141",155,2016-12-18,"JAX","@","HOU","L 20-21","Jason Myers\MyerJa00",50,"Y","N","HOU","Dome"
"142",156,2016-12-18,"PIT","@","CIN","W 24-20","Chris Boswell\BoswCh00",40,"Y","N","CIN","Not Dome"
"143",157,2016-12-18,"TAM","@","DAL","L 20-26","Roberto Aguayo\AguaRo00",34,"Y","N","DAL","Dome"
"144",158,2016-12-18,"OAK","@","SDG","W 19-16","Sebastian Janikowski\janikseb01",21,"Y","N","SDG","Not Dome"
"145",159,2016-12-18,"CHI","Home","GNB","L 27-30","Connor Barth\barthco01",26,"Y","N","CHI","Not Dome"
"146",160,2016-12-18,"BAL","Home","PHI","W 27-26","Justin Tucker\TuckJu00",53,"Y","N","BAL","Not Dome"
"147",161,2016-12-18,"PIT","@","CIN","W 24-20","Chris Boswell\BoswCh00",45,"Y","N","CIN","Not Dome"
"148",162,2016-12-18,"DAL","Home","TAM","W 26-20","Dan Bailey\BailDa00",40,"Y","N","DAL","Dome"
"149",163,2016-12-18,"KAN","Home","TEN","L 17-19","Cairo Santos\SantCa01",34,"Y","N","KAN","Not Dome"
"150",164,2016-12-18,"NWE","@","DEN","W 16-3","Stephen Gostkowski\GostSt20",45,"Y","N","DEN","Not Dome"
"151",165,2016-12-18,"IND","@","MIN","W 34-6","Adam Vinatieri\vinatada01",50,"Y","N","MIN","Dome"
"152",166,2016-12-18,"HOU","Home","JAX","W 21-20","Nick Novak\novaknic01",27,"Y","N","HOU","Dome"
"153",167,2016-12-18,"PHI","@","BAL","L 26-27","Caleb Sturgis\SturCa00",27,"Y","N","BAL","Not Dome"
"154",168,2016-12-18,"PIT","@","CIN","W 24-20","Chris Boswell\BoswCh00",30,"Y","N","CIN","Not Dome"
"155",169,2016-12-18,"DAL","Home","TAM","W 26-20","Dan Bailey\BailDa00",56,"N","N","DAL","Dome"
"156",170,2016-12-18,"GNB","@","CHI","W 30-27","Mason Crosby\CrosMa20",18,"Y","N","CHI","Not Dome"
"157",171,2016-12-18,"CLE","@","BUF","L 13-33","Cody Parkey\ParkCo03",40,"Y","N","BUF","Not Dome"
"158",172,2016-12-18,"HOU","Home","JAX","W 21-20","Nick Novak\novaknic01",39,"Y","N","HOU","Dome"
"159",173,2016-12-18,"JAX","@","HOU","L 20-21","Jason Myers\MyerJa00",26,"Y","N","HOU","Dome"
"160",175,2016-12-18,"BUF","Home","CLE","W 33-13","Dan Carpenter\CarpDa44",34,"Y","N","BUF","Not Dome"
"161",176,2016-12-18,"PIT","@","CIN","W 24-20","Chris Boswell\BoswCh00",49,"Y","N","CIN","Not Dome"
"162",177,2016-12-18,"DAL","Home","TAM","W 26-20","Dan Bailey\BailDa00",33,"Y","N","DAL","Dome"
"163",178,2016-12-18,"TAM","@","DAL","L 20-26","Roberto Aguayo\AguaRo00",25,"Y","N","DAL","Dome"
"164",179,2016-12-18,"OAK","@","SDG","W 19-16","Sebastian Janikowski\janikseb01",33,"Y","N","SDG","Not Dome"
"165",180,2016-12-18,"NWE","@","DEN","W 16-3","Stephen Gostkowski\GostSt20",21,"Y","N","DEN","Not Dome"
"166",181,2016-12-18,"ATL","Home","SFO","W 41-13","Matt Bryant\bryanmat01",41,"Y","N","ATL","Dome"
"167",183,2016-12-18,"DET","@","NYG","L 6-17","Matt Prater\PratMa20",33,"Y","N","NYG","Not Dome"
"168",184,2016-12-18,"DAL","Home","TAM","W 26-20","Dan Bailey\BailDa00",52,"N","N","DAL","Dome"
"169",185,2016-12-18,"NOR","@","ARI","W 48-41","Wil Lutz\LutzWi00",39,"Y","N","ARI","Dome"
"170",186,2016-12-18,"TEN","@","KAN","W 19-17","Ryan Succop\SuccRy44",53,"Y","N","KAN","Not Dome"
"171",187,2016-12-18,"IND","@","MIN","W 34-6","Adam Vinatieri\vinatada01",48,"Y","N","MIN","Dome"
"172",188,2016-12-18,"HOU","Home","JAX","W 21-20","Nick Novak\novaknic01",43,"Y","N","HOU","Dome"
"173",189,2016-12-18,"PHI","@","BAL","L 26-27","Caleb Sturgis\SturCa00",34,"Y","N","BAL","Not Dome"
"174",191,2016-12-18,"PIT","@","CIN","W 24-20","Chris Boswell\BoswCh00",49,"Y","N","CIN","Not Dome"
"175",192,2016-12-18,"GNB","@","CHI","W 30-27","Mason Crosby\CrosMa20",34,"Y","N","CHI","Not Dome"
"176",193,2016-12-18,"CLE","@","BUF","L 13-33","Cody Parkey\ParkCo03",35,"Y","N","BUF","Not Dome"
"177",194,2016-12-17,"NYJ","Home","MIA","L 13-34","Nick Folk\FolkNi20",48,"Y","N","NYJ","Not Dome"
"178",195,2016-12-17,"NYJ","Home","MIA","L 13-34","Nick Folk\FolkNi20",36,"Y","N","NYJ","Not Dome"
"179",196,2016-12-15,"LAR","@","SEA","L 3-24","Greg Zuerlein\ZuerGr00",36,"Y","N","SEA","Not Dome"
"180",197,2016-12-15,"SEA","Home","LAR","W 24-3","Steven Hauschka\HausSt00",48,"Y","N","SEA","Not Dome"
"181",198,2016-12-12,"BAL","@","NWE","L 23-30","Justin Tucker\TuckJu00",38,"Y","N","NWE","Not Dome"
"182",199,2016-12-12,"BAL","@","NWE","L 23-30","Justin Tucker\TuckJu00",50,"Y","N","NWE","Not Dome"
"183",200,2016-12-12,"BAL","@","NWE","L 23-30","Justin Tucker\TuckJu00",37,"Y","N","NWE","Not Dome"
"184",201,2016-12-12,"BAL","@","NWE","L 23-30","Justin Tucker\TuckJu00",34,"N","Y","NWE","Not Dome"
"185",202,2016-12-11,"HOU","@","IND","W 22-17","Nick Novak\novaknic01",34,"Y","N","IND","Dome"
"186",203,2016-12-11,"PHI","Home","WAS","L 22-27","Caleb Sturgis\SturCa00",36,"Y","N","PHI","Not Dome"
"187",204,2016-12-11,"JAX","Home","MIN","L 16-25","Jason Myers\MyerJa00",61,"N","Y","JAX","Not Dome"
"188",205,2016-12-11,"NYJ","@","SFO","W 23-17","Nick Folk\FolkNi20",30,"Y","N","SFO","Not Dome"
"189",206,2016-12-11,"TAM","Home","NOR","W 16-11","Roberto Aguayo\AguaRo00",26,"Y","N","TAM","Not Dome"
"190",207,2016-12-11,"HOU","@","IND","W 22-17","Nick Novak\novaknic01",52,"Y","N","IND","Dome"
"191",208,2016-12-11,"JAX","Home","MIN","L 16-25","Jason Myers\MyerJa00",55,"Y","N","JAX","Not Dome"
"192",209,2016-12-11,"SFO","Home","NYJ","L 17-23","Phil Dawson\dawsophi01",44,"N","N","SFO","Not Dome"
"193",210,2016-12-11,"PIT","@","BUF","W 27-20","Chris Boswell\BoswCh00",37,"Y","N","BUF","Not Dome"
"194",211,2016-12-11,"CAR","Home","SDG","W 28-16","Graham Gano\GanoGr44",44,"Y","N","CAR","Not Dome"
"195",212,2016-12-11,"IND","Home","HOU","L 17-22","Adam Vinatieri\vinatada01",55,"N","N","IND","Dome"
"196",215,2016-12-11,"NOR","@","TAM","L 11-16","Wil Lutz\LutzWi00",42,"Y","N","TAM","Not Dome"
"197",216,2016-12-11,"GNB","Home","SEA","W 38-10","Mason Crosby\CrosMa20",38,"Y","N","GNB","Not Dome"
"198",217,2016-12-11,"CLE","Home","CIN","L 10-23","Cody Parkey\ParkCo03",30,"Y","N","CLE","Not Dome"
"199",218,2016-12-11,"MIA","Home","ARI","W 26-23","Andrew Franks\FranAn01",21,"Y","N","MIA","Not Dome"
"200",219,2016-12-11,"HOU","@","IND","W 22-17","Nick Novak\novaknic01",41,"Y","N","IND","Dome"
"201",220,2016-12-11,"PHI","Home","WAS","L 22-27","Caleb Sturgis\SturCa00",45,"Y","N","PHI","Not Dome"
"202",221,2016-12-11,"JAX","Home","MIN","L 16-25","Jason Myers\MyerJa00",41,"N","N","JAX","Not Dome"
"203",222,2016-12-11,"CIN","@","CLE","W 23-10","Mike Nugent\nugenmik01",44,"Y","N","CLE","Not Dome"
"204",223,2016-12-11,"SFO","Home","NYJ","L 17-23","Phil Dawson\dawsophi01",47,"Y","N","SFO","Not Dome"
"205",224,2016-12-11,"NYJ","@","SFO","W 23-17","Nick Folk\FolkNi20",36,"Y","N","SFO","Not Dome"
"206",225,2016-12-11,"TAM","Home","NOR","W 16-11","Roberto Aguayo\AguaRo00",39,"Y","N","TAM","Not Dome"
"207",226,2016-12-11,"CAR","Home","SDG","W 28-16","Graham Gano\GanoGr44",23,"Y","N","CAR","Not Dome"
"208",227,2016-12-11,"SDG","@","CAR","L 16-28","Josh Lambo\LambJo00",32,"Y","N","CAR","Not Dome"
"209",228,2016-12-11,"HOU","@","IND","W 22-17","Nick Novak\novaknic01",21,"Y","N","IND","Dome"
"210",229,2016-12-11,"ARI","@","MIA","L 23-26","Chandler Catanzaro\CataCh00",56,"Y","N","MIA","Not Dome"
"211",231,2016-12-11,"JAX","Home","MIN","L 16-25","Jason Myers\MyerJa00",45,"Y","N","JAX","Not Dome"
"212",232,2016-12-11,"DET","Home","CHI","W 20-17","Matt Prater\PratMa20",54,"Y","N","DET","Dome"
"213",233,2016-12-11,"NOR","@","TAM","L 11-16","Wil Lutz\LutzWi00",22,"Y","N","TAM","Not Dome"
"214",234,2016-12-11,"CAR","Home","SDG","W 28-16","Graham Gano\GanoGr44",41,"Y","N","CAR","Not Dome"
"215",235,2016-12-11,"TEN","Home","DEN","W 13-10","Ryan Succop\SuccRy44",41,"Y","N","TEN","Not Dome"
"216",236,2016-12-11,"DEN","@","TEN","L 10-13","Brandon McManus\McMaBr01",34,"Y","N","TEN","Not Dome"
"217",237,2016-12-11,"IND","Home","HOU","L 17-22","Adam Vinatieri\vinatada01",32,"Y","N","IND","Dome"
"218",238,2016-12-11,"WAS","@","PHI","W 27-22","Dustin Hopkins\HopkDu00",38,"N","N","PHI","Not Dome"
"219",239,2016-12-11,"PHI","Home","WAS","L 22-27","Caleb Sturgis\SturCa00",41,"Y","N","PHI","Not Dome"
"220",241,2016-12-11,"NYJ","@","SFO","W 23-17","Nick Folk\FolkNi20",50,"Y","N","SFO","Not Dome"
"221",242,2016-12-11,"GNB","Home","SEA","W 38-10","Mason Crosby\CrosMa20",51,"N","N","GNB","Not Dome"
"222",243,2016-12-11,"HOU","@","IND","W 22-17","Nick Novak\novaknic01",24,"Y","N","IND","Dome"
"223",244,2016-12-11,"CHI","@","DET","L 17-20","Connor Barth\barthco01",38,"Y","N","DET","Dome"
"224",245,2016-12-11,"JAX","Home","MIN","L 16-25","Jason Myers\MyerJa00",24,"Y","N","JAX","Not Dome"
"225",246,2016-12-11,"CIN","@","CLE","W 23-10","Mike Nugent\nugenmik01",36,"N","N","CLE","Not Dome"
"226",247,2016-12-11,"SFO","Home","NYJ","L 17-23","Phil Dawson\dawsophi01",48,"N","N","SFO","Not Dome"
"227",248,2016-12-11,"PIT","@","BUF","W 27-20","Chris Boswell\BoswCh00",39,"Y","N","BUF","Not Dome"
"228",249,2016-12-11,"TAM","Home","NOR","W 16-11","Roberto Aguayo\AguaRo00",41,"Y","N","TAM","Not Dome"
"229",250,2016-12-11,"CAR","Home","SDG","W 28-16","Graham Gano\GanoGr44",45,"Y","N","CAR","Not Dome"
"230",251,2016-12-11,"SEA","@","GNB","L 10-38","Steven Hauschka\HausSt00",28,"Y","N","GNB","Not Dome"
"231",252,2016-12-11,"ARI","@","MIA","L 23-26","Chandler Catanzaro\CataCh00",41,"N","N","MIA","Not Dome"
"232",254,2016-12-11,"DET","Home","CHI","W 20-17","Matt Prater\PratMa20",29,"Y","N","DET","Dome"
"233",255,2016-12-11,"DAL","@","NYG","L 7-10","Dan Bailey\BailDa00",55,"N","N","NYG","Not Dome"
"234",256,2016-12-11,"NOR","@","TAM","L 11-16","Wil Lutz\LutzWi00",34,"Y","N","TAM","Not Dome"
"235",257,2016-12-11,"TEN","Home","DEN","W 13-10","Ryan Succop\SuccRy44",53,"Y","N","TEN","Not Dome"
"236",258,2016-12-08,"OAK","@","KAN","L 13-21","Sebastian Janikowski\janikseb01",33,"Y","N","KAN","Not Dome"
"237",259,2016-12-08,"OAK","@","KAN","L 13-21","Sebastian Janikowski\janikseb01",44,"Y","N","KAN","Not Dome"
"238",260,2016-12-05,"IND","@","NYJ","W 41-10","Adam Vinatieri\vinatada01",36,"Y","N","NYJ","Not Dome"
"239",261,2016-12-05,"IND","@","NYJ","W 41-10","Adam Vinatieri\vinatada01",53,"Y","N","NYJ","Not Dome"
"240",262,2016-12-05,"NYJ","Home","IND","L 10-41","Nick Folk\FolkNi20",38,"Y","N","NYJ","Not Dome"
"241",263,2016-12-04,"NWE","Home","LAR","W 26-10","Stephen Gostkowski\GostSt20",28,"Y","N","NWE","Not Dome"
"242",264,2016-12-04,"DEN","@","JAX","W 20-10","Brandon McManus\McMaBr01",41,"Y","N","JAX","Not Dome"
"243",265,2016-12-04,"WAS","@","ARI","L 23-31","Dustin Hopkins\HopkDu00",53,"Y","N","ARI","Dome"
"244",266,2016-12-04,"SEA","Home","CAR","W 40-7","Steven Hauschka\HausSt00",37,"Y","N","SEA","Not Dome"
"245",267,2016-12-04,"DET","@","NOR","W 28-13","Matt Prater\PratMa20",32,"Y","N","NOR","Dome"
"246",268,2016-12-04,"NOR","Home","DET","L 13-28","Wil Lutz\LutzWi00",40,"Y","N","NOR","Dome"
"247",269,2016-12-04,"OAK","Home","BUF","W 38-24","Sebastian Janikowski\janikseb01",47,"Y","N","OAK","Not Dome"
"248",270,2016-12-04,"CHI","Home","SFO","W 26-6","Connor Barth\barthco01",45,"Y","N","CHI","Not Dome"
"249",271,2016-12-04,"CIN","Home","PHI","W 32-14","Mike Nugent\nugenmik01",38,"Y","N","CIN","Not Dome"
"250",272,2016-12-04,"TAM","@","SDG","W 28-21","Roberto Aguayo\AguaRo00",35,"Y","N","SDG","Not Dome"
"251",273,2016-12-04,"NWE","Home","LAR","W 26-10","Stephen Gostkowski\GostSt20",45,"Y","N","NWE","Not Dome"
"252",274,2016-12-04,"ATL","Home","KAN","L 28-29","Matt Bryant\bryanmat01",22,"Y","N","ATL","Dome"
"253",275,2016-12-04,"SEA","Home","CAR","W 40-7","Steven Hauschka\HausSt00",28,"Y","N","SEA","Not Dome"
"254",276,2016-12-04,"ARI","Home","WAS","W 31-23","Chandler Catanzaro\CataCh00",53,"N","N","ARI","Dome"
"255",277,2016-12-04,"DET","@","NOR","W 28-13","Matt Prater\PratMa20",52,"Y","N","NOR","Dome"
"256",278,2016-12-04,"CIN","Home","PHI","W 32-14","Mike Nugent\nugenmik01",32,"Y","N","CIN","Not Dome"
"257",279,2016-12-04,"BAL","Home","MIA","W 38-6","Justin Tucker\TuckJu00",55,"Y","N","BAL","Not Dome"
"258",281,2016-12-04,"OAK","Home","BUF","W 38-24","Sebastian Janikowski\janikseb01",47,"Y","N","OAK","Not Dome"
"259",282,2016-12-04,"DEN","@","JAX","W 20-10","Brandon McManus\McMaBr01",32,"Y","N","JAX","Not Dome"
"260",283,2016-12-04,"WAS","@","ARI","L 23-31","Dustin Hopkins\HopkDu00",20,"Y","N","ARI","Dome"
"261",284,2016-12-04,"SEA","Home","CAR","W 40-7","Steven Hauschka\HausSt00",23,"Y","N","SEA","Not Dome"
"262",285,2016-12-04,"DET","@","NOR","W 28-13","Matt Prater\PratMa20",29,"Y","N","NOR","Dome"
"263",286,2016-12-04,"BUF","@","OAK","L 24-38","Dan Carpenter\CarpDa44",27,"Y","N","OAK","Not Dome"
"264",287,2016-12-04,"ATL","Home","KAN","L 28-29","Matt Bryant\bryanmat01",59,"Y","N","ATL","Dome"
"265",288,2016-12-04,"CIN","Home","PHI","W 32-14","Mike Nugent\nugenmik01",26,"Y","N","CIN","Not Dome"
"266",289,2016-12-04,"SFO","@","CHI","L 6-26","Phil Dawson\dawsophi01",28,"Y","N","CHI","Not Dome"
"267",291,2016-12-04,"TAM","@","SDG","W 28-21","Roberto Aguayo\AguaRo00",27,"Y","N","SDG","Not Dome"
"268",292,2016-12-04,"NWE","Home","LAR","W 26-10","Stephen Gostkowski\GostSt20",48,"Y","N","NWE","Not Dome"
"269",293,2016-12-04,"SEA","Home","CAR","W 40-7","Steven Hauschka\HausSt00",31,"Y","N","SEA","Not Dome"
"270",294,2016-12-04,"ARI","Home","WAS","W 31-23","Chandler Catanzaro\CataCh00",28,"Y","N","ARI","Dome"
"271",295,2016-12-04,"DET","@","NOR","W 28-13","Matt Prater\PratMa20",27,"Y","N","NOR","Dome"
"272",296,2016-12-04,"NOR","Home","DET","L 13-28","Wil Lutz\LutzWi00",32,"Y","N","NOR","Dome"
"273",297,2016-12-04,"OAK","Home","BUF","W 38-24","Sebastian Janikowski\janikseb01",41,"Y","N","OAK","Not Dome"
"274",298,2016-12-04,"MIA","@","BAL","L 6-38","Andrew Franks\FranAn01",46,"N","N","BAL","Not Dome"
"275",299,2016-12-04,"WAS","@","ARI","L 23-31","Dustin Hopkins\HopkDu00",47,"Y","N","ARI","Dome"
"276",300,2016-12-04,"PHI","@","CIN","L 14-32","Caleb Sturgis\SturCa00",51,"N","N","CIN","Not Dome"
"277",301,2016-12-04,"DET","@","NOR","W 28-13","Matt Prater\PratMa20",27,"Y","N","NOR","Dome"
"278",302,2016-12-04,"SDG","Home","TAM","L 21-28","Josh Lambo\LambJo00",53,"N","N","SDG","Not Dome"
"279",303,2016-12-04,"NWE","Home","LAR","W 26-10","Stephen Gostkowski\GostSt20",45,"Y","N","NWE","Not Dome"
"280",304,2016-12-04,"LAR","@","NWE","L 10-26","Greg Zuerlein\ZuerGr00",44,"Y","N","NWE","Not Dome"
"281",305,2016-12-04,"ATL","Home","KAN","L 28-29","Matt Bryant\bryanmat01",22,"Y","N","ATL","Dome"
"282",306,2016-12-04,"JAX","Home","DEN","L 10-20","Jason Myers\MyerJa00",47,"Y","N","JAX","Not Dome"
"283",307,2016-12-04,"CIN","Home","PHI","W 32-14","Mike Nugent\nugenmik01",33,"Y","N","CIN","Not Dome"
"284",308,2016-12-04,"SFO","@","CHI","L 6-26","Phil Dawson\dawsophi01",31,"Y","N","CHI","Not Dome"
"285",310,2016-12-04,"TAM","@","SDG","W 28-21","Roberto Aguayo\AguaRo00",31,"N","N","SDG","Not Dome"
"286",312,2016-12-01,"DAL","@","MIN","W 17-15","Dan Bailey\BailDa00",39,"Y","N","MIN","Dome"
"287",314,2016-12-01,"MIN","Home","DAL","L 15-17","Kai Forbath\ForbKa00",48,"Y","N","MIN","Dome"
"288",315,2016-11-28,"GNB","@","PHI","W 27-13","Mason Crosby\CrosMa20",32,"Y","N","PHI","Not Dome"
"289",316,2016-11-28,"PHI","Home","GNB","L 13-27","Caleb Sturgis\SturCa00",50,"Y","N","PHI","Not Dome"
"290",317,2016-11-28,"GNB","@","PHI","W 27-13","Mason Crosby\CrosMa20",33,"Y","N","PHI","Not Dome"
"291",318,2016-11-28,"PHI","Home","GNB","L 13-27","Caleb Sturgis\SturCa00",48,"Y","N","PHI","Not Dome"
"292",319,2016-11-27,"ARI","@","ATL","L 19-38","Chandler Catanzaro\CataCh00",54,"Y","N","ATL","Dome"
"293",320,2016-11-27,"CIN","@","BAL","L 14-19","Mike Nugent\nugenmik01",23,"Y","N","BAL","Not Dome"
"294",321,2016-11-27,"BAL","Home","CIN","W 19-14","Justin Tucker\TuckJu00",54,"Y","N","BAL","Not Dome"
"295",322,2016-11-27,"CLE","Home","NYG","L 13-27","Cody Parkey\ParkCo03",20,"Y","N","CLE","Not Dome"
"296",323,2016-11-27,"NWE","@","NYJ","W 22-17","Stephen Gostkowski\GostSt20",39,"N","N","NYJ","Not Dome"
"297",324,2016-11-27,"DEN","Home","KAN","L 27-30","Brandon McManus\McMaBr01",44,"Y","N","DEN","Not Dome"
"298",325,2016-11-27,"MIA","Home","SFO","W 31-24","Andrew Franks\FranAn01",24,"Y","N","MIA","Not Dome"
"299",326,2016-11-27,"NYJ","Home","NWE","L 17-22","Nick Folk\FolkNi20",54,"N","Y","NYJ","Not Dome"
"300",327,2016-11-27,"KAN","@","DEN","W 30-27","Cairo Santos\SantCa01",37,"Y","N","DEN","Not Dome"
"301",328,2016-11-27,"SDG","@","HOU","W 21-13","Josh Lambo\LambJo00",54,"N","N","HOU","Dome"
"302",329,2016-11-27,"HOU","Home","SDG","L 13-21","Nick Novak\novaknic01",19,"Y","N","HOU","Dome"
"303",330,2016-11-27,"SFO","@","MIA","L 24-31","Phil Dawson\dawsophi01",36,"Y","N","MIA","Not Dome"
"304",331,2016-11-27,"TAM","Home","SEA","W 14-5","Roberto Aguayo\AguaRo00",48,"N","N","TAM","Not Dome"
"305",332,2016-11-27,"TEN","@","CHI","W 27-21","Ryan Succop\SuccRy44",31,"Y","N","CHI","Not Dome"
"306",333,2016-11-27,"NWE","@","NYJ","W 22-17","Stephen Gostkowski\GostSt20",41,"Y","N","NYJ","Not Dome"
"307",334,2016-11-27,"ARI","@","ATL","L 19-38","Chandler Catanzaro\CataCh00",25,"Y","N","ATL","Dome"
"308",335,2016-11-27,"BAL","Home","CIN","W 19-14","Justin Tucker\TuckJu00",57,"Y","N","BAL","Not Dome"
"309",336,2016-11-27,"OAK","Home","CAR","W 35-32","Sebastian Janikowski\janikseb01",23,"Y","N","OAK","Not Dome"
"310",337,2016-11-27,"NWE","@","NYJ","W 22-17","Stephen Gostkowski\GostSt20",28,"Y","N","NYJ","Not Dome"
"311",338,2016-11-27,"DEN","Home","KAN","L 27-30","Brandon McManus\McMaBr01",33,"Y","N","DEN","Not Dome"
"312",339,2016-11-27,"NYJ","Home","NWE","L 17-22","Nick Folk\FolkNi20",51,"Y","N","NYJ","Not Dome"
"313",340,2016-11-27,"ATL","Home","ARI","W 38-19","Matt Bryant\bryanmat01",45,"Y","N","ATL","Dome"
"314",341,2016-11-27,"CIN","@","BAL","L 14-19","Mike Nugent\nugenmik01",36,"Y","N","BAL","Not Dome"
"315",342,2016-11-27,"BAL","Home","CIN","W 19-14","Justin Tucker\TuckJu00",36,"Y","N","BAL","Not Dome"
"316",343,2016-11-27,"CLE","Home","NYG","L 13-27","Cody Parkey\ParkCo03",25,"Y","N","CLE","Not Dome"
"317",344,2016-11-27,"TEN","@","CHI","W 27-21","Ryan Succop\SuccRy44",19,"Y","N","CHI","Not Dome"
"318",345,2016-11-27,"NWE","@","NYJ","W 22-17","Stephen Gostkowski\GostSt20",29,"Y","N","NYJ","Not Dome"
"319",346,2016-11-27,"DEN","Home","KAN","L 27-30","Brandon McManus\McMaBr01",62,"N","N","DEN","Not Dome"
"320",347,2016-11-27,"SEA","@","TAM","L 5-14","Steven Hauschka\HausSt00",43,"Y","N","TAM","Not Dome"
"321",348,2016-11-27,"BAL","Home","CIN","W 19-14","Justin Tucker\TuckJu00",52,"Y","N","BAL","Not Dome"
"322",349,2016-11-27,"KAN","@","DEN","W 30-27","Cairo Santos\SantCa01",34,"Y","N","DEN","Not Dome"
"323",350,2016-11-27,"OAK","Home","CAR","W 35-32","Sebastian Janikowski\janikseb01",23,"Y","N","OAK","Not Dome"
"324",351,2016-11-27,"HOU","Home","SDG","L 13-21","Nick Novak\novaknic01",45,"Y","N","HOU","Dome"
"325",352,2016-11-24,"WAS","@","DAL","L 26-31","Dustin Hopkins\HopkDu00",20,"Y","N","DAL","Dome"
"326",354,2016-11-24,"DET","Home","MIN","W 16-13","Matt Prater\PratMa20",40,"Y","N","DET","Dome"
"327",355,2016-11-24,"WAS","@","DAL","L 26-31","Dustin Hopkins\HopkDu00",43,"N","N","DAL","Dome"
"328",356,2016-11-24,"WAS","@","DAL","L 26-31","Dustin Hopkins\HopkDu00",55,"N","N","DAL","Dome"
"329",358,2016-11-24,"DET","Home","MIN","W 16-13","Matt Prater\PratMa20",48,"Y","N","DET","Dome"
"330",359,2016-11-24,"DAL","Home","WAS","W 31-26","Dan Bailey\BailDa00",46,"Y","N","DAL","Dome"
"331",360,2016-11-24,"IND","Home","PIT","L 7-28","Adam Vinatieri\vinatada01",52,"N","N","IND","Dome"
"332",361,2016-11-24,"WAS","@","DAL","L 26-31","Dustin Hopkins\HopkDu00",24,"Y","N","DAL","Dome"
"333",362,2016-11-24,"DET","Home","MIN","W 16-13","Matt Prater\PratMa20",29,"Y","N","DET","Dome"
"334",363,2016-11-21,"HOU","@","OAK","L 20-27","Nick Novak\novaknic01",32,"Y","N","OAK","Not Dome"
"335",364,2016-11-21,"OAK","Home","HOU","W 27-20","Sebastian Janikowski\janikseb01",20,"Y","N","OAK","Not Dome"
"336",365,2016-11-21,"OAK","Home","HOU","W 27-20","Sebastian Janikowski\janikseb01",19,"Y","N","OAK","Not Dome"
"337",366,2016-11-21,"HOU","@","OAK","L 20-27","Nick Novak\novaknic01",28,"Y","N","OAK","Not Dome"
"338",367,2016-11-20,"PIT","@","CLE","W 24-9","Chris Boswell\BoswCh00",33,"Y","N","CLE","Not Dome"
"339",368,2016-11-20,"DAL","Home","BAL","W 27-17","Dan Bailey\BailDa00",21,"Y","N","DAL","Dome"
"340",369,2016-11-20,"TAM","@","KAN","W 19-17","Roberto Aguayo\AguaRo00",41,"Y","N","KAN","Not Dome"
"341",370,2016-11-20,"TEN","@","IND","L 17-24","Ryan Succop\SuccRy44",47,"Y","N","IND","Dome"
"342",371,2016-11-20,"IND","Home","TEN","W 24-17","Adam Vinatieri\vinatada01",49,"Y","N","IND","Dome"
"343",372,2016-11-20,"SEA","Home","PHI","W 26-15","Steven Hauschka\HausSt00",44,"N","N","SEA","Not Dome"
"344",373,2016-11-20,"BAL","@","DAL","L 17-27","Justin Tucker\TuckJu00",46,"Y","N","DAL","Dome"
"345",374,2016-11-20,"BUF","@","CIN","W 16-12","Dan Carpenter\CarpDa44",54,"Y","N","CIN","Not Dome"
"346",375,2016-11-20,"GNB","@","WAS","L 24-42","Mason Crosby\CrosMa20",36,"Y","N","WAS","Not Dome"
"347",376,2016-11-20,"LAR","Home","MIA","L 10-14","Greg Zuerlein\ZuerGr00",48,"N","N","LAR","Not Dome"
"348",377,2016-11-20,"DET","Home","JAX","W 26-19","Matt Prater\PratMa20",43,"Y","N","DET","Dome"
"349",378,2016-11-20,"JAX","@","DET","L 19-26","Jason Myers\MyerJa00",52,"Y","N","DET","Dome"
"350",379,2016-11-20,"PIT","@","CLE","W 24-9","Chris Boswell\BoswCh00",32,"Y","N","CLE","Not Dome"
"351",380,2016-11-20,"DAL","Home","BAL","W 27-17","Dan Bailey\BailDa00",30,"Y","N","DAL","Dome"
"352",381,2016-11-20,"TAM","@","KAN","W 19-17","Roberto Aguayo\AguaRo00",22,"Y","N","KAN","Not Dome"
"353",382,2016-11-20,"CLE","Home","PIT","L 9-24","Cody Parkey\ParkCo03",24,"Y","N","CLE","Not Dome"
"354",383,2016-11-20,"IND","Home","TEN","W 24-17","Adam Vinatieri\vinatada01",42,"N","N","IND","Dome"
"355",384,2016-11-20,"CHI","@","NYG","L 16-22","Connor Barth\barthco01",51,"N","N","NYG","Not Dome"
"356",385,2016-11-20,"SEA","Home","PHI","W 26-15","Steven Hauschka\HausSt00",35,"Y","N","SEA","Not Dome"
"357",386,2016-11-20,"BUF","@","CIN","W 16-12","Dan Carpenter\CarpDa44",26,"Y","N","CIN","Not Dome"
"358",387,2016-11-20,"KAN","Home","TAM","L 17-19","Cairo Santos\SantCa01",22,"Y","N","KAN","Not Dome"
"359",388,2016-11-20,"WAS","Home","GNB","W 42-24","Dustin Hopkins\HopkDu00",37,"Y","N","WAS","Not Dome"
"360",389,2016-11-20,"LAR","Home","MIA","L 10-14","Greg Zuerlein\ZuerGr00",46,"Y","N","LAR","Not Dome"
"361",391,2016-11-20,"DET","Home","JAX","W 26-19","Matt Prater\PratMa20",27,"Y","N","DET","Dome"
"362",392,2016-11-20,"JAX","@","DET","L 19-26","Jason Myers\MyerJa00",27,"Y","N","DET","Dome"
"363",393,2016-11-20,"SFO","Home","NWE","L 17-30","Phil Dawson\dawsophi01",33,"Y","N","SFO","Not Dome"
"364",394,2016-11-20,"PIT","@","CLE","W 24-9","Chris Boswell\BoswCh00",22,"Y","N","CLE","Not Dome"
"365",395,2016-11-20,"TAM","@","KAN","W 19-17","Roberto Aguayo\AguaRo00",36,"Y","N","KAN","Not Dome"
"366",396,2016-11-20,"ARI","@","MIN","L 24-30","Chandler Catanzaro\CataCh00",34,"Y","N","MIN","Dome"
"367",397,2016-11-20,"BUF","@","CIN","W 16-12","Dan Carpenter\CarpDa44",20,"Y","N","CIN","Not Dome"
"368",398,2016-11-20,"TAM","@","KAN","W 19-17","Roberto Aguayo\AguaRo00",31,"Y","N","KAN","Not Dome"
"369",399,2016-11-20,"GNB","@","WAS","L 24-42","Mason Crosby\CrosMa20",36,"N","N","WAS","Not Dome"
"370",400,2016-11-20,"NWE","@","SFO","W 30-17","Stephen Gostkowski\GostSt20",38,"Y","N","SFO","Not Dome"
"371",401,2016-11-20,"CHI","@","NYG","L 16-22","Connor Barth\barthco01",40,"Y","N","NYG","Not Dome"
"372",402,2016-11-20,"SEA","Home","PHI","W 26-15","Steven Hauschka\HausSt00",21,"Y","N","SEA","Not Dome"
"373",404,2016-11-17,"NOR","@","CAR","L 20-23","Wil Lutz\LutzWi00",27,"Y","N","CAR","Not Dome"
"374",405,2016-11-17,"CAR","Home","NOR","W 23-20","Graham Gano\GanoGr44",49,"Y","N","CAR","Not Dome"
"375",406,2016-11-17,"NOR","@","CAR","L 20-23","Wil Lutz\LutzWi00",30,"Y","N","CAR","Not Dome"
"376",407,2016-11-17,"CAR","Home","NOR","W 23-20","Graham Gano\GanoGr44",32,"Y","N","CAR","Not Dome"
"377",408,2016-11-17,"NOR","@","CAR","L 20-23","Wil Lutz\LutzWi00",38,"N","Y","CAR","Not Dome"
"378",409,2016-11-17,"CAR","Home","NOR","W 23-20","Graham Gano\GanoGr44",42,"Y","N","CAR","Not Dome"
"379",410,2016-11-14,"CIN","@","NYG","L 20-21","Mike Nugent\nugenmik01",38,"Y","N","NYG","Not Dome"
"380",411,2016-11-14,"CIN","@","NYG","L 20-21","Mike Nugent\nugenmik01",25,"Y","N","NYG","Not Dome"
"381",412,2016-11-13,"DEN","@","NOR","W 25-23","Brandon McManus\McMaBr01",50,"Y","N","NOR","Dome"
"382",413,2016-11-13,"WAS","Home","MIN","W 26-20","Dustin Hopkins\HopkDu00",28,"Y","N","WAS","Not Dome"
"383",414,2016-11-13,"SEA","@","NWE","W 31-24","Steven Hauschka\HausSt00",31,"Y","N","NWE","Not Dome"
"384",415,2016-11-13,"LAR","@","NYJ","W 9-6","Greg Zuerlein\ZuerGr00",34,"Y","N","NYJ","Not Dome"
"385",416,2016-11-13,"PHI","Home","ATL","W 24-15","Caleb Sturgis\SturCa00",29,"Y","N","PHI","Not Dome"
"386",417,2016-11-13,"ATL","@","PHI","L 15-24","Matt Bryant\bryanmat01",46,"Y","N","PHI","Not Dome"
"387",418,2016-11-13,"JAX","Home","HOU","L 21-24","Jason Myers\MyerJa00",44,"Y","N","JAX","Not Dome"
"388",419,2016-11-13,"SFO","@","ARI","L 20-23","Phil Dawson\dawsophi01",53,"Y","N","ARI","Dome"
"389",420,2016-11-13,"CAR","Home","KAN","L 17-20","Graham Gano\GanoGr44",42,"Y","N","CAR","Not Dome"
"390",421,2016-11-13,"KAN","@","CAR","W 20-17","Cairo Santos\SantCa01",47,"Y","N","CAR","Not Dome"
"391",422,2016-11-13,"HOU","@","JAX","W 24-21","Nick Novak\novaknic01",49,"N","N","JAX","Not Dome"
"392",423,2016-11-13,"WAS","Home","MIN","W 26-20","Dustin Hopkins\HopkDu00",30,"Y","N","WAS","Not Dome"
"393",424,2016-11-13,"ATL","@","PHI","L 15-24","Matt Bryant\bryanmat01",38,"Y","N","PHI","Not Dome"
"394",425,2016-11-13,"ARI","Home","SFO","W 23-20","Chandler Catanzaro\CataCh00",34,"Y","N","ARI","Dome"
"395",426,2016-11-13,"PIT","Home","DAL","L 30-35","Chris Boswell\BoswCh00",55,"N","N","PIT","Not Dome"
"396",427,2016-11-13,"DAL","@","PIT","W 35-30","Dan Bailey\BailDa00",53,"Y","N","PIT","Not Dome"
"397",428,2016-11-13,"TAM","Home","CHI","W 36-10","Roberto Aguayo\AguaRo00",27,"Y","N","TAM","Not Dome"
"398",429,2016-11-13,"NWE","Home","SEA","L 24-31","Stephen Gostkowski\GostSt20",30,"Y","N","NWE","Not Dome"
"399",430,2016-11-13,"DEN","@","NOR","W 25-23","Brandon McManus\McMaBr01",28,"Y","N","NOR","Dome"
"400",431,2016-11-13,"CHI","@","TAM","L 10-36","Connor Barth\barthco01",54,"Y","N","TAM","Not Dome"
"401",432,2016-11-13,"SEA","@","NWE","W 31-24","Steven Hauschka\HausSt00",23,"Y","N","NWE","Not Dome"
"402",433,2016-11-13,"PHI","Home","ATL","W 24-15","Caleb Sturgis\SturCa00",55,"N","N","PHI","Not Dome"
"403",434,2016-11-13,"KAN","@","CAR","W 20-17","Cairo Santos\SantCa01",33,"Y","N","CAR","Not Dome"
"404",435,2016-11-13,"HOU","@","JAX","W 24-21","Nick Novak\novaknic01",51,"Y","N","JAX","Not Dome"
"405",436,2016-11-13,"WAS","Home","MIN","W 26-20","Dustin Hopkins\HopkDu00",50,"Y","N","WAS","Not Dome"
"406",437,2016-11-13,"SEA","@","NWE","W 31-24","Steven Hauschka\HausSt00",27,"Y","N","NWE","Not Dome"
"407",438,2016-11-13,"LAR","@","NYJ","W 9-6","Greg Zuerlein\ZuerGr00",38,"Y","N","NYJ","Not Dome"
"408",439,2016-11-13,"PHI","Home","ATL","W 24-15","Caleb Sturgis\SturCa00",44,"N","N","PHI","Not Dome"
"409",440,2016-11-13,"ATL","@","PHI","L 15-24","Matt Bryant\bryanmat01",53,"N","N","PHI","Not Dome"
"410",441,2016-11-13,"JAX","Home","HOU","L 21-24","Jason Myers\MyerJa00",54,"Y","N","JAX","Not Dome"
"411",442,2016-11-13,"SFO","@","ARI","L 20-23","Phil Dawson\dawsophi01",49,"Y","N","ARI","Dome"
"412",443,2016-11-13,"TEN","Home","GNB","W 47-25","Ryan Succop\SuccRy44",23,"Y","N","TEN","Not Dome"
"413",444,2016-11-13,"MIA","@","SDG","W 31-24","Andrew Franks\FranAn01",27,"Y","N","SDG","Not Dome"
"414",445,2016-11-13,"ARI","Home","SFO","W 23-20","Chandler Catanzaro\CataCh00",19,"Y","N","ARI","Dome"
"415",446,2016-11-13,"PIT","Home","DAL","L 30-35","Chris Boswell\BoswCh00",39,"Y","N","PIT","Not Dome"
"416",447,2016-11-13,"DAL","@","PIT","W 35-30","Dan Bailey\BailDa00",37,"Y","N","PIT","Not Dome"
"417",448,2016-11-13,"NOR","Home","DEN","L 23-25","Wil Lutz\LutzWi00",30,"Y","N","NOR","Dome"
"418",449,2016-11-13,"TAM","Home","CHI","W 36-10","Roberto Aguayo\AguaRo00",30,"Y","N","TAM","Not Dome"
"419",450,2016-11-13,"GNB","@","TEN","L 25-47","Mason Crosby\CrosMa20",38,"Y","N","TEN","Not Dome"
"420",451,2016-11-13,"SDG","Home","MIA","L 24-31","Josh Lambo\LambJo00",45,"Y","N","SDG","Not Dome"
"421",452,2016-11-13,"DEN","@","NOR","W 25-23","Brandon McManus\McMaBr01",42,"N","N","NOR","Dome"
"422",453,2016-11-13,"SEA","@","NWE","W 31-24","Steven Hauschka\HausSt00",41,"Y","N","NWE","Not Dome"
"423",454,2016-11-13,"PHI","Home","ATL","W 24-15","Caleb Sturgis\SturCa00",25,"Y","N","PHI","Not Dome"
"424",455,2016-11-13,"KAN","@","CAR","W 20-17","Cairo Santos\SantCa01",36,"Y","N","CAR","Not Dome"
"425",456,2016-11-13,"HOU","@","JAX","W 24-21","Nick Novak\novaknic01",50,"N","N","JAX","Not Dome"
"426",457,2016-11-13,"WAS","Home","MIN","W 26-20","Dustin Hopkins\HopkDu00",37,"Y","N","WAS","Not Dome"
"427",458,2016-11-13,"LAR","@","NYJ","W 9-6","Greg Zuerlein\ZuerGr00",20,"Y","N","NYJ","Not Dome"
"428",459,2016-11-13,"ATL","@","PHI","L 15-24","Matt Bryant\bryanmat01",43,"Y","N","PHI","Not Dome"
"429",460,2016-11-13,"PIT","Home","DAL","L 30-35","Chris Boswell\BoswCh00",25,"Y","N","PIT","Not Dome"
"430",461,2016-11-13,"DAL","@","PIT","W 35-30","Dan Bailey\BailDa00",46,"Y","N","PIT","Not Dome"
"431",462,2016-11-13,"TEN","Home","GNB","W 47-25","Ryan Succop\SuccRy44",51,"Y","N","TEN","Not Dome"
"432",463,2016-11-13,"DEN","@","NOR","W 25-23","Brandon McManus\McMaBr01",37,"Y","N","NOR","Dome"
"433",464,2016-11-13,"PHI","Home","ATL","W 24-15","Caleb Sturgis\SturCa00",48,"Y","N","PHI","Not Dome"
"434",465,2016-11-13,"ARI","Home","SFO","W 23-20","Chandler Catanzaro\CataCh00",39,"Y","N","ARI","Dome"
"435",466,2016-11-13,"GNB","@","TEN","L 25-47","Mason Crosby\CrosMa20",29,"Y","N","TEN","Not Dome"
"436",467,2016-11-13,"KAN","@","CAR","W 20-17","Cairo Santos\SantCa01",37,"Y","N","CAR","Not Dome"
"437",468,2016-11-10,"BAL","Home","CLE","W 28-7","Justin Tucker\TuckJu00",40,"Y","N","BAL","Not Dome"
"438",469,2016-11-10,"BAL","Home","CLE","W 28-7","Justin Tucker\TuckJu00",25,"Y","N","BAL","Not Dome"
"439",470,2016-11-07,"BUF","@","SEA","L 25-31","Dan Carpenter\CarpDa44",31,"Y","N","SEA","Not Dome"
"440",471,2016-11-07,"SEA","Home","BUF","W 31-25","Steven Hauschka\HausSt00",49,"Y","N","SEA","Not Dome"
"441",472,2016-11-07,"BUF","@","SEA","L 25-31","Dan Carpenter\CarpDa44",54,"N","N","SEA","Not Dome"
"442",473,2016-11-06,"DET","@","MIN","W 22-16","Matt Prater\PratMa20",58,"Y","N","MIN","Dome"
"443",474,2016-11-06,"GNB","Home","IND","L 26-31","Mason Crosby\CrosMa20",34,"Y","N","GNB","Not Dome"
"444",475,2016-11-06,"OAK","Home","DEN","W 30-20","Sebastian Janikowski\janikseb01",24,"Y","N","OAK","Not Dome"
"445",476,2016-11-06,"LAR","Home","CAR","L 10-13","Greg Zuerlein\ZuerGr00",25,"Y","N","LAR","Not Dome"
"446",477,2016-11-06,"PHI","@","NYG","L 23-28","Caleb Sturgis\SturCa00",26,"Y","N","NYG","Not Dome"
"447",478,2016-11-06,"SFO","Home","NOR","L 23-41","Phil Dawson\dawsophi01",48,"Y","N","SFO","Not Dome"
"448",479,2016-11-06,"CLE","Home","DAL","L 10-35","Cody Parkey\ParkCo03",31,"Y","N","CLE","Not Dome"
"449",480,2016-11-06,"CAR","@","LAR","W 13-10","Graham Gano\GanoGr44",48,"N","N","LAR","Not Dome"
"450",481,2016-11-06,"KAN","Home","JAX","W 19-14","Cairo Santos\SantCa01",51,"Y","N","KAN","Not Dome"
"451",482,2016-11-06,"MIA","Home","NYJ","W 27-23","Andrew Franks\FranAn01",33,"Y","N","MIA","Not Dome"
"452",484,2016-11-06,"BAL","Home","PIT","W 21-14","Justin Tucker\TuckJu00",42,"Y","N","BAL","Not Dome"
"453",485,2016-11-06,"NYJ","@","MIA","L 23-27","Nick Folk\FolkNi20",21,"Y","N","MIA","Not Dome"
"454",486,2016-11-06,"NOR","@","SFO","W 41-23","Wil Lutz\LutzWi00",55,"N","N","SFO","Not Dome"
"455",487,2016-11-06,"GNB","Home","IND","L 26-31","Mason Crosby\CrosMa20",27,"Y","N","GNB","Not Dome"
"456",488,2016-11-06,"SDG","Home","TEN","W 43-35","Josh Lambo\LambJo00",23,"Y","N","SDG","Not Dome"
"457",489,2016-11-06,"OAK","Home","DEN","W 30-20","Sebastian Janikowski\janikseb01",48,"N","N","OAK","Not Dome"
"458",490,2016-11-06,"DEN","@","OAK","L 20-30","Brandon McManus\McMaBr01",44,"Y","N","OAK","Not Dome"
"459",491,2016-11-06,"DET","@","MIN","W 22-16","Matt Prater\PratMa20",53,"Y","N","MIN","Dome"
"460",492,2016-11-06,"CAR","@","LAR","W 13-10","Graham Gano\GanoGr44",37,"Y","N","LAR","Not Dome"
"461",493,2016-11-06,"KAN","Home","JAX","W 19-14","Cairo Santos\SantCa01",36,"Y","N","KAN","Not Dome"
"462",494,2016-11-06,"LAR","Home","CAR","L 10-13","Greg Zuerlein\ZuerGr00",55,"N","N","LAR","Not Dome"
"463",495,2016-11-06,"PHI","@","NYG","L 23-28","Caleb Sturgis\SturCa00",40,"N","Y","NYG","Not Dome"
"464",496,2016-11-06,"SFO","Home","NOR","L 23-41","Phil Dawson\dawsophi01",49,"Y","N","SFO","Not Dome"
"465",497,2016-11-06,"KAN","Home","JAX","W 19-14","Cairo Santos\SantCa01",26,"Y","N","KAN","Not Dome"
"466",499,2016-11-06,"BAL","Home","PIT","W 21-14","Justin Tucker\TuckJu00",49,"Y","N","BAL","Not Dome"
"467",500,2016-11-06,"NYJ","@","MIA","L 23-27","Nick Folk\FolkNi20",23,"Y","N","MIA","Not Dome"
"468",502,2016-11-06,"MIA","Home","NYJ","W 27-23","Andrew Franks\FranAn01",33,"Y","N","MIA","Not Dome"
"469",503,2016-11-06,"KAN","Home","JAX","W 19-14","Cairo Santos\SantCa01",51,"Y","N","KAN","Not Dome"
"470",504,2016-11-06,"CAR","@","LAR","W 13-10","Graham Gano\GanoGr44",48,"N","N","LAR","Not Dome"
"471",505,2016-11-06,"CLE","Home","DAL","L 10-35","Cody Parkey\ParkCo03",31,"Y","N","CLE","Not Dome"
"472",506,2016-11-06,"SFO","Home","NOR","L 23-41","Phil Dawson\dawsophi01",48,"Y","N","SFO","Not Dome"
"473",507,2016-11-06,"PHI","@","NYG","L 23-28","Caleb Sturgis\SturCa00",26,"Y","N","NYG","Not Dome"
"474",508,2016-11-06,"LAR","Home","CAR","L 10-13","Greg Zuerlein\ZuerGr00",25,"Y","N","LAR","Not Dome"
"475",509,2016-11-06,"OAK","Home","DEN","W 30-20","Sebastian Janikowski\janikseb01",24,"Y","N","OAK","Not Dome"
"476",510,2016-11-06,"GNB","Home","IND","L 26-31","Mason Crosby\CrosMa20",34,"Y","N","GNB","Not Dome"
"477",511,2016-11-06,"DET","@","MIN","W 22-16","Matt Prater\PratMa20",58,"Y","N","MIN","Dome"
"478",512,2016-11-03,"ATL","@","TAM","W 43-28","Matt Bryant\bryanmat01",41,"Y","N","TAM","Not Dome"
"479",513,2016-11-03,"ATL","@","TAM","W 43-28","Matt Bryant\bryanmat01",50,"Y","N","TAM","Not Dome"
"480",514,2016-11-03,"ATL","@","TAM","W 43-28","Matt Bryant\bryanmat01",29,"Y","N","TAM","Not Dome"
"481",515,2016-10-31,"CHI","Home","MIN","W 20-10","Connor Barth\barthco01",28,"Y","N","CHI","Not Dome"
"482",517,2016-10-31,"CHI","Home","MIN","W 20-10","Connor Barth\barthco01",30,"Y","N","CHI","Not Dome"
"483",518,2016-10-30,"KAN","@","IND","W 30-14","Cairo Santos\SantCa01",44,"Y","N","IND","Dome"
"484",519,2016-10-30,"CAR","Home","ARI","W 30-20","Graham Gano\GanoGr44",52,"Y","N","CAR","Not Dome"
"485",520,2016-10-30,"CLE","Home","NYJ","L 28-31","Cody Parkey\ParkCo03",41,"Y","N","CLE","Not Dome"
"486",521,2016-10-30,"TAM","Home","OAK","L 24-30","Roberto Aguayo\AguaRo00",41,"Y","N","TAM","Not Dome"
"487",522,2016-10-30,"DAL","Home","PHI","W 29-23","Dan Bailey\BailDa00",49,"Y","N","DAL","Dome"
"488",523,2016-10-30,"DET","@","HOU","L 13-20","Matt Prater\PratMa20",49,"N","N","HOU","Dome"
"489",524,2016-10-30,"WAS","@","CIN","T 27-27","Dustin Hopkins\HopkDu00",40,"Y","N","CIN","Not Dome"
"490",525,2016-10-30,"HOU","Home","DET","W 20-13","Nick Novak\novaknic01",33,"Y","N","HOU","Dome"
"491",526,2016-10-30,"OAK","@","TAM","W 30-24","Sebastian Janikowski\janikseb01",50,"N","N","TAM","Not Dome"
"492",527,2016-10-30,"NOR","Home","SEA","W 25-20","Wil Lutz\LutzWi00",53,"Y","N","NOR","Dome"
"493",528,2016-10-30,"NWE","@","BUF","W 41-25","Stephen Gostkowski\GostSt20",32,"Y","N","BUF","Not Dome"
"494",529,2016-10-30,"KAN","@","IND","W 30-14","Cairo Santos\SantCa01",28,"N","N","IND","Dome"
"495",530,2016-10-30,"DAL","Home","PHI","W 29-23","Dan Bailey\BailDa00",38,"Y","N","DAL","Dome"
"496",531,2016-10-30,"BUF","Home","NWE","L 25-41","Dan Carpenter\CarpDa44",49,"N","N","BUF","Not Dome"
"497",532,2016-10-30,"ATL","Home","GNB","W 33-32","Matt Bryant\bryanmat01",40,"Y","N","ATL","Dome"
"498",533,2016-10-30,"PHI","@","DAL","L 23-29","Caleb Sturgis\SturCa00",55,"Y","N","DAL","Dome"
"499",534,2016-10-30,"WAS","@","CIN","T 27-27","Dustin Hopkins\HopkDu00",20,"Y","N","CIN","Not Dome"
"500",535,2016-10-30,"DEN","Home","SDG","W 27-19","Brandon McManus\McMaBr01",28,"Y","N","DEN","Not Dome"
"501",536,2016-10-30,"CAR","Home","ARI","W 30-20","Graham Gano\GanoGr44",21,"Y","N","CAR","Not Dome"
"502",537,2016-10-30,"CLE","Home","NYJ","L 28-31","Cody Parkey\ParkCo03",27,"Y","N","CLE","Not Dome"
"503",538,2016-10-30,"DET","@","HOU","L 13-20","Matt Prater\PratMa20",47,"Y","N","HOU","Dome"
"504",539,2016-10-30,"SEA","@","NOR","L 20-25","Steven Hauschka\HausSt00",44,"Y","N","NOR","Dome"
"505",540,2016-10-30,"WAS","@","CIN","T 27-27","Dustin Hopkins\HopkDu00",34,"N","N","CIN","Not Dome"
"506",541,2016-10-30,"HOU","Home","DET","W 20-13","Nick Novak\novaknic01",36,"Y","N","HOU","Dome"
"507",542,2016-10-30,"OAK","@","TAM","W 30-24","Sebastian Janikowski\janikseb01",52,"N","N","TAM","Not Dome"
"508",543,2016-10-30,"GNB","@","ATL","L 32-33","Mason Crosby\CrosMa20",29,"Y","N","ATL","Dome"
"509",544,2016-10-30,"NOR","Home","SEA","W 25-20","Wil Lutz\LutzWi00",21,"Y","N","NOR","Dome"
"510",545,2016-10-30,"KAN","@","IND","W 30-14","Cairo Santos\SantCa01",22,"Y","N","IND","Dome"
"511",546,2016-10-30,"CAR","Home","ARI","W 30-20","Graham Gano\GanoGr44",43,"Y","N","CAR","Not Dome"
"512",547,2016-10-30,"DAL","Home","PHI","W 29-23","Dan Bailey\BailDa00",23,"Y","N","DAL","Dome"
"513",548,2016-10-30,"PHI","@","DAL","L 23-29","Caleb Sturgis\SturCa00",34,"Y","N","DAL","Dome"
"514",549,2016-10-30,"WAS","@","CIN","T 27-27","Dustin Hopkins\HopkDu00",55,"N","N","CIN","Not Dome"
"515",550,2016-10-30,"OAK","@","TAM","W 30-24","Sebastian Janikowski\janikseb01",31,"Y","N","TAM","Not Dome"
"516",551,2016-10-30,"NOR","Home","SEA","W 25-20","Wil Lutz\LutzWi00",22,"Y","N","NOR","Dome"
"517",552,2016-10-30,"CIN","Home","WAS","T 27-27","Mike Nugent\nugenmik01",51,"N","N","CIN","Not Dome"
"518",553,2016-10-30,"DET","@","HOU","L 13-20","Matt Prater\PratMa20",34,"Y","N","HOU","Dome"
"519",554,2016-10-30,"SEA","@","NOR","L 20-25","Steven Hauschka\HausSt00",21,"Y","N","NOR","Dome"
"520",555,2016-10-30,"DEN","Home","SDG","W 27-19","Brandon McManus\McMaBr01",22,"Y","N","DEN","Not Dome"
"521",556,2016-10-30,"NWE","@","BUF","W 41-25","Stephen Gostkowski\GostSt20",51,"Y","N","BUF","Not Dome"
"522",557,2016-10-30,"SDG","@","DEN","L 19-27","Josh Lambo\LambJo00",45,"N","N","DEN","Not Dome"
"523",558,2016-10-30,"KAN","@","IND","W 30-14","Cairo Santos\SantCa01",33,"Y","N","IND","Dome"
"524",559,2016-10-30,"NOR","Home","SEA","W 25-20","Wil Lutz\LutzWi00",41,"Y","N","NOR","Dome"
"525",560,2016-10-30,"NYJ","@","CLE","W 31-28","Nick Folk\FolkNi20",24,"Y","N","CLE","Not Dome"
"526",561,2016-10-30,"BUF","Home","NWE","L 25-41","Dan Carpenter\CarpDa44",23,"Y","N","BUF","Not Dome"
"527",562,2016-10-30,"ATL","Home","GNB","W 33-32","Matt Bryant\bryanmat01",36,"Y","N","ATL","Dome"
"528",563,2016-10-30,"PHI","@","DAL","L 23-29","Caleb Sturgis\SturCa00",30,"Y","N","DAL","Dome"
"529",564,2016-10-27,"TEN","Home","JAX","W 36-22","Ryan Succop\SuccRy44",32,"Y","N","TEN","Not Dome"
"530",565,2016-10-27,"TEN","Home","JAX","W 36-22","Ryan Succop\SuccRy44",22,"Y","N","TEN","Not Dome"
"531",566,2016-10-27,"TEN","Home","JAX","W 36-22","Ryan Succop\SuccRy44",33,"Y","N","TEN","Not Dome"
"532",567,2016-10-24,"DEN","Home","HOU","W 27-9","Brandon McManus\McMaBr01",32,"Y","N","DEN","Not Dome"
"533",568,2016-10-24,"HOU","@","DEN","L 9-27","Nick Novak\novaknic01",43,"Y","N","DEN","Not Dome"
"534",569,2016-10-24,"DEN","Home","HOU","W 27-9","Brandon McManus\McMaBr01",22,"Y","N","DEN","Not Dome"
"535",570,2016-10-24,"HOU","@","DEN","L 9-27","Nick Novak\novaknic01",29,"Y","N","DEN","Not Dome"
"536",571,2016-10-24,"HOU","@","DEN","L 9-27","Nick Novak\novaknic01",43,"Y","N","DEN","Not Dome"
"537",572,2016-10-23,"OAK","@","JAX","W 33-16","Sebastian Janikowski\janikseb01",44,"Y","N","JAX","Not Dome"
"538",573,2016-10-23,"PIT","Home","NWE","L 16-27","Chris Boswell\BoswCh00",54,"N","N","PIT","Not Dome"
"539",574,2016-10-23,"SFO","Home","TAM","L 17-34","Phil Dawson\dawsophi01",28,"Y","N","SFO","Not Dome"
"540",575,2016-10-23,"CIN","Home","CLE","W 31-17","Mike Nugent\nugenmik01",36,"Y","N","CIN","Not Dome"
"541",576,2016-10-23,"JAX","Home","OAK","L 16-33","Jason Myers\MyerJa00",23,"Y","N","JAX","Not Dome"
"542",577,2016-10-23,"SEA","@","ARI","T 6-6","Steven Hauschka\HausSt00",28,"N","N","ARI","Dome"
"543",578,2016-10-23,"SDG","@","ATL","W 33-30","Josh Lambo\LambJo00",33,"Y","N","ATL","Dome"
"544",579,2016-10-23,"KAN","Home","NOR","W 27-21","Cairo Santos\SantCa01",39,"Y","N","KAN","Not Dome"
"545",580,2016-10-23,"NYJ","Home","BAL","W 24-16","Nick Folk\FolkNi20",22,"Y","N","NYJ","Not Dome"
"546",581,2016-10-23,"BAL","@","NYJ","L 16-24","Justin Tucker\TuckJu00",50,"Y","N","NYJ","Not Dome"
"547",582,2016-10-23,"ATL","Home","SDG","L 30-33","Matt Bryant\bryanmat01",31,"Y","N","ATL","Dome"
"548",583,2016-10-23,"PHI","Home","MIN","W 21-10","Caleb Sturgis\SturCa00",35,"Y","N","PHI","Not Dome"
"549",584,2016-10-23,"TEN","Home","IND","L 26-34","Ryan Succop\SuccRy44",48,"Y","N","TEN","Not Dome"
"550",585,2016-10-23,"OAK","@","JAX","W 33-16","Sebastian Janikowski\janikseb01",26,"Y","N","JAX","Not Dome"
"551",586,2016-10-23,"TAM","@","SFO","W 34-17","Roberto Aguayo\AguaRo00",37,"Y","N","SFO","Not Dome"
"552",587,2016-10-23,"PIT","Home","NWE","L 16-27","Chris Boswell\BoswCh00",46,"Y","N","PIT","Not Dome"
"553",588,2016-10-23,"ARI","Home","SEA","T 6-6","Chandler Catanzaro\CataCh00",45,"Y","N","ARI","Dome"
"554",589,2016-10-23,"DET","Home","WAS","W 20-17","Matt Prater\PratMa20",43,"Y","N","DET","Dome"
"555",590,2016-10-23,"SEA","@","ARI","T 6-6","Steven Hauschka\HausSt00",40,"Y","N","ARI","Dome"
"556",591,2016-10-23,"MIA","Home","BUF","W 28-25","Andrew Franks\FranAn01",33,"Y","N","MIA","Not Dome"
"557",592,2016-10-23,"IND","@","TEN","W 34-26","Adam Vinatieri\vinatada01",28,"Y","N","TEN","Not Dome"
"558",593,2016-10-23,"OAK","@","JAX","W 33-16","Sebastian Janikowski\janikseb01",52,"Y","N","JAX","Not Dome"
"559",594,2016-10-23,"SDG","@","ATL","W 33-30","Josh Lambo\LambJo00",40,"Y","N","ATL","Dome"
"560",595,2016-10-23,"CIN","Home","CLE","W 31-17","Mike Nugent\nugenmik01",45,"N","N","CIN","Not Dome"
"561",596,2016-10-23,"JAX","Home","OAK","L 16-33","Jason Myers\MyerJa00",37,"Y","N","JAX","Not Dome"
"562",597,2016-10-23,"ATL","Home","SDG","L 30-33","Matt Bryant\bryanmat01",42,"Y","N","ATL","Dome"
"563",598,2016-10-23,"SDG","@","ATL","W 33-30","Josh Lambo\LambJo00",42,"Y","N","ATL","Dome"
"564",599,2016-10-23,"KAN","Home","NOR","W 27-21","Cairo Santos\SantCa01",41,"Y","N","KAN","Not Dome"
"565",600,2016-10-23,"NYJ","Home","BAL","W 24-16","Nick Folk\FolkNi20",51,"N","Y","NYJ","Not Dome"
"566",601,2016-10-23,"BUF","@","MIA","L 25-28","Dan Carpenter\CarpDa44",29,"Y","N","MIA","Not Dome"
"567",602,2016-10-23,"PIT","Home","NWE","L 16-27","Chris Boswell\BoswCh00",42,"N","N","PIT","Not Dome"
"568",603,2016-10-23,"BAL","@","NYJ","L 16-24","Justin Tucker\TuckJu00",49,"Y","N","NYJ","Not Dome"
"569",605,2016-10-23,"ARI","Home","SEA","T 6-6","Chandler Catanzaro\CataCh00",39,"N","Y","ARI","Dome"
"570",606,2016-10-23,"ATL","Home","SDG","L 30-33","Matt Bryant\bryanmat01",58,"N","N","ATL","Dome"
"571",607,2016-10-23,"PHI","Home","MIN","W 21-10","Caleb Sturgis\SturCa00",21,"Y","N","PHI","Not Dome"
"572",608,2016-10-23,"WAS","@","DET","L 17-20","Dustin Hopkins\HopkDu00",45,"N","N","DET","Dome"
"573",609,2016-10-23,"TEN","Home","IND","L 26-34","Ryan Succop\SuccRy44",44,"Y","N","TEN","Not Dome"
"574",610,2016-10-23,"OAK","@","JAX","W 33-16","Sebastian Janikowski\janikseb01",32,"Y","N","JAX","Not Dome"
"575",611,2016-10-23,"CLE","@","CIN","L 17-31","Cody Parkey\ParkCo03",28,"Y","N","CIN","Not Dome"
"576",612,2016-10-23,"TAM","@","SFO","W 34-17","Roberto Aguayo\AguaRo00",50,"N","N","SFO","Not Dome"
"577",613,2016-10-23,"PIT","Home","NWE","L 16-27","Chris Boswell\BoswCh00",44,"Y","N","PIT","Not Dome"
"578",614,2016-10-23,"CIN","Home","CLE","W 31-17","Mike Nugent\nugenmik01",40,"N","N","CIN","Not Dome"
"579",615,2016-10-23,"ARI","Home","SEA","T 6-6","Chandler Catanzaro\CataCh00",24,"N","N","ARI","Dome"
"580",616,2016-10-23,"DET","Home","WAS","W 20-17","Matt Prater\PratMa20",27,"Y","N","DET","Dome"
"581",617,2016-10-23,"LAR","Home","NYG","L 10-17","Greg Zuerlein\ZuerGr00",36,"Y","N","LAR","Not Dome"
"582",618,2016-10-23,"SEA","@","ARI","T 6-6","Steven Hauschka\HausSt00",36,"Y","N","ARI","Dome"
"583",619,2016-10-23,"IND","@","TEN","W 34-26","Adam Vinatieri\vinatada01",33,"Y","N","TEN","Not Dome"
"584",620,2016-10-23,"SDG","@","ATL","W 33-30","Josh Lambo\LambJo00",37,"Y","N","ATL","Dome"
"585",621,2016-10-23,"JAX","Home","OAK","L 16-33","Jason Myers\MyerJa00",44,"Y","N","JAX","Not Dome"
"586",622,2016-10-23,"ATL","Home","SDG","L 30-33","Matt Bryant\bryanmat01",27,"Y","N","ATL","Dome"
"587",623,2016-10-23,"TAM","@","SFO","W 34-17","Roberto Aguayo\AguaRo00",38,"Y","N","SFO","Not Dome"
"588",624,2016-10-23,"PIT","Home","NWE","L 16-27","Chris Boswell\BoswCh00",32,"Y","N","PIT","Not Dome"
"589",625,2016-10-23,"BAL","@","NYJ","L 16-24","Justin Tucker\TuckJu00",44,"Y","N","NYJ","Not Dome"
"590",627,2016-10-23,"ARI","Home","SEA","T 6-6","Chandler Catanzaro\CataCh00",46,"Y","N","ARI","Dome"
"591",628,2016-10-23,"DET","Home","WAS","W 20-17","Matt Prater\PratMa20",49,"N","N","DET","Dome"
"592",629,2016-10-23,"WAS","@","DET","L 17-20","Dustin Hopkins\HopkDu00",38,"Y","N","DET","Dome"
"593",630,2016-10-23,"MIA","Home","BUF","W 28-25","Andrew Franks\FranAn01",36,"Y","N","MIA","Not Dome"
"594",631,2016-10-20,"GNB","Home","CHI","W 26-10","Mason Crosby\CrosMa20",31,"N","Y","GNB","Not Dome"
"595",632,2016-10-20,"GNB","Home","CHI","W 26-10","Mason Crosby\CrosMa20",32,"Y","N","GNB","Not Dome"
"596",633,2016-10-20,"CHI","@","GNB","L 10-26","Connor Barth\barthco01",39,"Y","N","GNB","Not Dome"
"597",634,2016-10-20,"GNB","Home","CHI","W 26-10","Mason Crosby\CrosMa20",40,"Y","N","GNB","Not Dome"
"598",635,2016-10-17,"NYJ","@","ARI","L 3-28","Nick Folk\FolkNi20",39,"Y","N","ARI","Dome"
"599",636,2016-10-16,"KAN","@","OAK","W 26-10","Cairo Santos\SantCa01",38,"N","N","OAK","Not Dome"
"600",637,2016-10-16,"GNB","Home","DAL","L 16-30","Mason Crosby\CrosMa20",34,"Y","N","GNB","Not Dome"
"601",638,2016-10-16,"NOR","Home","CAR","W 41-38","Wil Lutz\LutzWi00",33,"Y","N","NOR","Dome"
"602",639,2016-10-16,"BAL","@","NYG","L 23-27","Justin Tucker\TuckJu00",23,"Y","N","NYG","Not Dome"
"603",640,2016-10-16,"ATL","@","SEA","L 24-26","Matt Bryant\bryanmat01",33,"Y","N","SEA","Not Dome"
"604",641,2016-10-16,"MIA","Home","PIT","W 30-15","Andrew Franks\FranAn01",30,"Y","N","MIA","Not Dome"
"605",642,2016-10-16,"HOU","Home","IND","W 26-23","Nick Novak\novaknic01",27,"Y","N","HOU","Dome"
"606",643,2016-10-16,"NWE","Home","CIN","W 35-17","Stephen Gostkowski\GostSt20",46,"Y","N","NWE","Not Dome"
"607",644,2016-10-16,"DAL","@","GNB","W 30-16","Dan Bailey\BailDa00",44,"Y","N","GNB","Not Dome"
"608",645,2016-10-16,"BUF","Home","SFO","W 45-16","Dan Carpenter\CarpDa44",40,"Y","N","BUF","Not Dome"
"609",647,2016-10-16,"CHI","Home","JAX","L 16-17","Connor Barth\barthco01",32,"Y","N","CHI","Not Dome"
"610",648,2016-10-16,"SEA","Home","ATL","W 26-24","Steven Hauschka\HausSt00",42,"Y","N","SEA","Not Dome"
"611",649,2016-10-16,"WAS","Home","PHI","W 27-20","Dustin Hopkins\HopkDu00",50,"Y","N","WAS","Not Dome"
"612",650,2016-10-16,"MIA","Home","PIT","W 30-15","Andrew Franks\FranAn01",24,"N","Y","MIA","Not Dome"
"613",651,2016-10-16,"IND","@","HOU","L 23-26","Adam Vinatieri\vinatada01",41,"Y","N","HOU","Dome"
"614",652,2016-10-16,"CAR","@","NOR","L 38-41","Graham Gano\GanoGr44",42,"Y","N","NOR","Dome"
"615",653,2016-10-16,"CLE","@","TEN","L 26-28","Cody Parkey\ParkCo03",37,"Y","N","TEN","Not Dome"
"616",654,2016-10-16,"GNB","Home","DAL","L 16-30","Mason Crosby\CrosMa20",37,"Y","N","GNB","Not Dome"
"617",655,2016-10-16,"SFO","@","BUF","L 16-45","Phil Dawson\dawsophi01",48,"Y","N","BUF","Not Dome"
"618",656,2016-10-16,"CIN","@","NWE","L 17-35","Mike Nugent\nugenmik01",25,"Y","N","NWE","Not Dome"
"619",657,2016-10-16,"KAN","@","OAK","W 26-10","Cairo Santos\SantCa01",22,"Y","N","OAK","Not Dome"
"620",658,2016-10-16,"NOR","Home","CAR","W 41-38","Wil Lutz\LutzWi00",52,"Y","N","NOR","Dome"
"621",659,2016-10-16,"BAL","@","NYG","L 23-27","Justin Tucker\TuckJu00",39,"Y","N","NYG","Not Dome"
"622",660,2016-10-16,"CHI","Home","JAX","L 16-17","Connor Barth\barthco01",36,"Y","N","CHI","Not Dome"
"623",661,2016-10-16,"PHI","@","WAS","L 20-27","Caleb Sturgis\SturCa00",38,"Y","N","WAS","Not Dome"
"624",662,2016-10-16,"MIA","Home","PIT","W 30-15","Andrew Franks\FranAn01",23,"Y","N","MIA","Not Dome"
"625",663,2016-10-16,"NWE","Home","CIN","W 35-17","Stephen Gostkowski\GostSt20",31,"Y","N","NWE","Not Dome"
"626",664,2016-10-16,"OAK","Home","KAN","L 10-26","Sebastian Janikowski\janikseb01",52,"N","N","OAK","Not Dome"
"627",665,2016-10-16,"DAL","@","GNB","W 30-16","Dan Bailey\BailDa00",22,"Y","N","GNB","Not Dome"
"628",667,2016-10-16,"DET","Home","LAR","W 31-28","Matt Prater\PratMa20",34,"Y","N","DET","Dome"
"629",668,2016-10-16,"SEA","Home","ATL","W 26-24","Steven Hauschka\HausSt00",29,"N","N","SEA","Not Dome"
"630",669,2016-10-16,"MIA","Home","PIT","W 30-15","Andrew Franks\FranAn01",50,"N","N","MIA","Not Dome"
"631",670,2016-10-16,"IND","@","HOU","L 23-26","Adam Vinatieri\vinatada01",37,"Y","N","HOU","Dome"
"632",671,2016-10-16,"HOU","Home","IND","W 26-23","Nick Novak\novaknic01",33,"Y","N","HOU","Dome"
"633",672,2016-10-16,"GNB","Home","DAL","L 16-30","Mason Crosby\CrosMa20",43,"Y","N","GNB","Not Dome"
"634",673,2016-10-16,"NOR","Home","CAR","W 41-38","Wil Lutz\LutzWi00",53,"N","N","NOR","Dome"
"635",674,2016-10-16,"SFO","@","BUF","L 16-45","Phil Dawson\dawsophi01",47,"Y","N","BUF","Not Dome"
"636",675,2016-10-16,"JAX","@","CHI","W 17-16","Jason Myers\MyerJa00",30,"Y","N","CHI","Not Dome"
"637",676,2016-10-16,"KAN","@","OAK","W 26-10","Cairo Santos\SantCa01",44,"Y","N","OAK","Not Dome"
"638",677,2016-10-16,"BAL","@","NYG","L 23-27","Justin Tucker\TuckJu00",35,"Y","N","NYG","Not Dome"
"639",678,2016-10-16,"CHI","Home","JAX","L 16-17","Connor Barth\barthco01",24,"Y","N","CHI","Not Dome"
"640",679,2016-10-16,"PHI","@","WAS","L 20-27","Caleb Sturgis\SturCa00",28,"Y","N","WAS","Not Dome"
"641",680,2016-10-16,"WAS","Home","PHI","W 27-20","Dustin Hopkins\HopkDu00",32,"Y","N","WAS","Not Dome"
"642",681,2016-10-16,"MIA","Home","PIT","W 30-15","Andrew Franks\FranAn01",30,"Y","N","MIA","Not Dome"
"643",682,2016-10-16,"TEN","Home","CLE","W 28-26","Ryan Succop\SuccRy44",58,"N","N","TEN","Not Dome"
"644",683,2016-10-16,"OAK","Home","KAN","L 10-26","Sebastian Janikowski\janikseb01",46,"Y","N","OAK","Not Dome"
"645",684,2016-10-16,"CLE","@","TEN","L 26-28","Cody Parkey\ParkCo03",45,"Y","N","TEN","Not Dome"
"646",685,2016-10-16,"DAL","@","GNB","W 30-16","Dan Bailey\BailDa00",32,"Y","N","GNB","Not Dome"
"647",686,2016-10-16,"SFO","@","BUF","L 16-45","Phil Dawson\dawsophi01",33,"Y","N","BUF","Not Dome"
"648",687,2016-10-16,"SEA","Home","ATL","W 26-24","Steven Hauschka\HausSt00",44,"Y","N","SEA","Not Dome"
"649",688,2016-10-16,"IND","@","HOU","L 23-26","Adam Vinatieri\vinatada01",36,"Y","N","HOU","Dome"
"650",689,2016-10-13,"SDG","Home","DEN","W 21-13","Josh Lambo\LambJo00",32,"Y","N","SDG","Not Dome"
"651",690,2016-10-13,"DEN","@","SDG","L 13-21","Brandon McManus\McMaBr01",46,"Y","N","SDG","Not Dome"
"652",691,2016-10-13,"SDG","Home","DEN","W 21-13","Josh Lambo\LambJo00",21,"Y","N","SDG","Not Dome"
"653",692,2016-10-13,"DEN","@","SDG","L 13-21","Brandon McManus\McMaBr01",29,"Y","N","SDG","Not Dome"
"654",693,2016-10-13,"SDG","Home","DEN","W 21-13","Josh Lambo\LambJo00",31,"Y","N","SDG","Not Dome"
"655",694,2016-10-13,"DEN","@","SDG","L 13-21","Brandon McManus\McMaBr01",56,"N","N","SDG","Not Dome"
"656",695,2016-10-13,"SDG","Home","DEN","W 21-13","Josh Lambo\LambJo00",37,"Y","N","SDG","Not Dome"
"657",696,2016-10-10,"TAM","@","CAR","W 17-14","Roberto Aguayo\AguaRo00",35,"Y","N","CAR","Not Dome"
"658",697,2016-10-10,"TAM","@","CAR","W 17-14","Roberto Aguayo\AguaRo00",46,"N","N","CAR","Not Dome"
"659",698,2016-10-10,"TAM","@","CAR","W 17-14","Roberto Aguayo\AguaRo00",33,"N","N","CAR","Not Dome"
"660",699,2016-10-10,"TAM","@","CAR","W 17-14","Roberto Aguayo\AguaRo00",38,"Y","N","CAR","Not Dome"
"661",700,2016-10-10,"TAM","@","CAR","W 17-14","Roberto Aguayo\AguaRo00",35,"Y","N","CAR","Not Dome"
"662",701,2016-10-10,"CAR","Home","TAM","L 14-17","Graham Gano\GanoGr44",43,"N","N","CAR","Not Dome"
"663",702,2016-10-09,"IND","Home","CHI","W 29-23","Adam Vinatieri\vinatada01",26,"Y","N","IND","Dome"
"664",703,2016-10-09,"HOU","@","MIN","L 13-31","Nick Novak\novaknic01",51,"N","N","MIN","Dome"
"665",704,2016-10-09,"OAK","Home","SDG","W 34-31","Sebastian Janikowski\janikseb01",50,"N","N","OAK","Not Dome"
"666",705,2016-10-09,"NYJ","@","PIT","L 13-31","Nick Folk\FolkNi20",35,"Y","N","PIT","Not Dome"
"667",707,2016-10-09,"CHI","@","IND","L 23-29","Connor Barth\barthco01",24,"Y","N","IND","Dome"
"668",708,2016-10-09,"PHI","@","DET","L 23-24","Caleb Sturgis\SturCa00",49,"Y","N","DET","Dome"
"669",709,2016-10-09,"WAS","@","BAL","W 16-10","Dustin Hopkins\HopkDu00",56,"N","N","BAL","Not Dome"
"670",710,2016-10-09,"DEN","Home","ATL","L 16-23","Brandon McManus\McMaBr01",45,"Y","N","DEN","Not Dome"
"671",711,2016-10-09,"OAK","Home","SDG","W 34-31","Sebastian Janikowski\janikseb01",48,"Y","N","OAK","Not Dome"
"672",712,2016-10-09,"GNB","Home","NYG","W 23-16","Mason Crosby\CrosMa20",44,"Y","N","GNB","Not Dome"
"673",713,2016-10-09,"PIT","Home","NYJ","W 31-13","Chris Boswell\BoswCh00",47,"Y","N","PIT","Not Dome"
"674",715,2016-10-09,"DET","Home","PHI","W 24-23","Matt Prater\PratMa20",29,"Y","N","DET","Dome"
"675",716,2016-10-09,"LAR","Home","BUF","L 19-30","Greg Zuerlein\ZuerGr00",37,"Y","N","LAR","Not Dome"
"676",717,2016-10-09,"IND","Home","CHI","W 29-23","Adam Vinatieri\vinatada01",54,"Y","N","IND","Dome"
"677",718,2016-10-09,"LAR","Home","BUF","L 19-30","Greg Zuerlein\ZuerGr00",22,"Y","N","LAR","Not Dome"
"678",719,2016-10-09,"ATL","@","DEN","W 23-16","Matt Bryant\bryanmat01",33,"Y","N","DEN","Not Dome"
"679",720,2016-10-09,"CHI","@","IND","L 23-29","Connor Barth\barthco01",49,"Y","N","IND","Dome"
"680",721,2016-10-09,"PHI","@","DET","L 23-24","Caleb Sturgis\SturCa00",50,"Y","N","DET","Dome"
"681",722,2016-10-09,"HOU","@","MIN","L 13-31","Nick Novak\novaknic01",38,"Y","N","MIN","Dome"
"682",723,2016-10-09,"NWE","@","CLE","W 33-13","Stephen Gostkowski\GostSt20",50,"N","N","CLE","Not Dome"
"683",724,2016-10-09,"DEN","Home","ATL","L 16-23","Brandon McManus\McMaBr01",35,"Y","N","DEN","Not Dome"
"684",725,2016-10-09,"OAK","Home","SDG","W 34-31","Sebastian Janikowski\janikseb01",26,"Y","N","OAK","Not Dome"
"685",726,2016-10-09,"NYJ","@","PIT","L 13-31","Nick Folk\FolkNi20",48,"Y","N","PIT","Not Dome"
"686",728,2016-10-09,"WAS","@","BAL","W 16-10","Dustin Hopkins\HopkDu00",27,"Y","N","BAL","Not Dome"
"687",729,2016-10-09,"IND","Home","CHI","W 29-23","Adam Vinatieri\vinatada01",41,"Y","N","IND","Dome"
"688",730,2016-10-09,"TEN","@","MIA","W 30-17","Ryan Succop\SuccRy44",40,"Y","N","MIA","Not Dome"
"689",731,2016-10-09,"SDG","@","OAK","L 31-34","Josh Lambo\LambJo00",36,"Y","N","OAK","Not Dome"
"690",732,2016-10-09,"GNB","Home","NYG","W 23-16","Mason Crosby\CrosMa20",33,"Y","N","GNB","Not Dome"
"691",733,2016-10-09,"LAR","Home","BUF","L 19-30","Greg Zuerlein\ZuerGr00",32,"Y","N","LAR","Not Dome"
"692",734,2016-10-09,"IND","Home","CHI","W 29-23","Adam Vinatieri\vinatada01",53,"Y","N","IND","Dome"
"693",735,2016-10-09,"OAK","Home","SDG","W 34-31","Sebastian Janikowski\janikseb01",20,"Y","N","OAK","Not Dome"
"694",736,2016-10-09,"BAL","Home","WAS","L 10-16","Justin Tucker\TuckJu00",31,"Y","N","BAL","Not Dome"
"695",737,2016-10-09,"ATL","@","DEN","W 23-16","Matt Bryant\bryanmat01",25,"Y","N","DEN","Not Dome"
"696",738,2016-10-09,"CHI","@","IND","L 23-29","Connor Barth\barthco01",49,"N","N","IND","Dome"
"697",739,2016-10-09,"PHI","@","DET","L 23-24","Caleb Sturgis\SturCa00",33,"Y","N","DET","Dome"
"698",740,2016-10-09,"MIA","Home","TEN","L 17-30","Andrew Franks\FranAn01",24,"Y","N","MIA","Not Dome"
"699",741,2016-10-09,"HOU","@","MIN","L 13-31","Nick Novak\novaknic01",30,"Y","N","MIN","Dome"
"700",742,2016-10-09,"NWE","@","CLE","W 33-13","Stephen Gostkowski\GostSt20",31,"Y","N","CLE","Not Dome"
"701",743,2016-10-09,"DEN","Home","ATL","L 16-23","Brandon McManus\McMaBr01",46,"Y","N","DEN","Not Dome"
"702",744,2016-10-09,"OAK","Home","SDG","W 34-31","Sebastian Janikowski\janikseb01",56,"Y","N","OAK","Not Dome"
"703",745,2016-10-09,"BUF","@","LAR","W 30-19","Dan Carpenter\CarpDa44",23,"Y","N","LAR","Not Dome"
"704",747,2016-10-09,"IND","Home","CHI","W 29-23","Adam Vinatieri\vinatada01",46,"Y","N","IND","Dome"
"705",748,2016-10-09,"GNB","Home","NYG","W 23-16","Mason Crosby\CrosMa20",25,"Y","N","GNB","Not Dome"
"706",749,2016-10-09,"CIN","@","DAL","L 14-28","Mike Nugent\nugenmik01",50,"N","N","DAL","Dome"
"707",750,2016-10-09,"LAR","Home","BUF","L 19-30","Greg Zuerlein\ZuerGr00",54,"Y","N","LAR","Not Dome"
"708",751,2016-10-09,"ATL","@","DEN","W 23-16","Matt Bryant\bryanmat01",46,"Y","N","DEN","Not Dome"
"709",752,2016-10-09,"CHI","@","IND","L 23-29","Connor Barth\barthco01",35,"Y","N","IND","Dome"
"710",753,2016-10-06,"ARI","@","SFO","W 33-21","Chandler Catanzaro\CataCh00",36,"Y","N","SFO","Not Dome"
"711",755,2016-10-03,"NYG","@","MIN","L 10-24","Josh Brown\brownjos01",40,"Y","N","MIN","Dome"
"712",757,2016-10-02,"NWE","Home","BUF","L 0-16","Stephen Gostkowski\GostSt20",48,"N","N","NWE","Not Dome"
"713",758,2016-10-02,"DEN","@","TAM","W 27-7","Brandon McManus\McMaBr01",24,"Y","N","TAM","Not Dome"
"714",759,2016-10-02,"BUF","@","NWE","W 16-0","Dan Carpenter\CarpDa44",47,"N","N","NWE","Not Dome"
"715",760,2016-10-02,"TEN","@","HOU","L 20-27","Ryan Succop\SuccRy44",26,"Y","N","HOU","Dome"
"716",761,2016-10-02,"SDG","Home","NOR","L 34-35","Josh Lambo\LambJo00",47,"Y","N","SDG","Not Dome"
"717",762,2016-10-02,"CLE","@","WAS","L 20-31","Cody Parkey\ParkCo03",51,"Y","N","WAS","Not Dome"
"718",763,2016-10-02,"ATL","Home","CAR","W 48-33","Matt Bryant\bryanmat01",28,"Y","N","ATL","Dome"
"719",764,2016-10-02,"CHI","Home","DET","W 17-14","Connor Barth\barthco01",50,"N","N","CHI","Not Dome"
"720",765,2016-10-02,"HOU","Home","TEN","W 27-20","Nick Novak\novaknic01",48,"N","N","HOU","Dome"
"721",766,2016-10-02,"BUF","@","NWE","W 16-0","Dan Carpenter\CarpDa44",34,"Y","N","NWE","Not Dome"
"722",767,2016-10-02,"BAL","Home","OAK","L 27-28","Justin Tucker\TuckJu00",43,"Y","N","BAL","Not Dome"
"723",768,2016-10-02,"JAX","Home","IND","W 30-27","Jason Myers\MyerJa00",49,"Y","N","JAX","Not Dome"
"724",769,2016-10-02,"DAL","@","SFO","W 24-17","Dan Bailey\BailDa00",47,"N","N","SFO","Not Dome"
"725",770,2016-10-02,"BUF","@","NWE","W 16-0","Dan Carpenter\CarpDa44",44,"Y","N","NWE","Not Dome"
"726",771,2016-10-02,"ARI","Home","LAR","L 13-17","Chandler Catanzaro\CataCh00",25,"Y","N","ARI","Dome"
"727",772,2016-10-02,"DET","@","CHI","L 14-17","Matt Prater\PratMa20",50,"Y","N","CHI","Not Dome"
"728",773,2016-10-02,"SEA","@","NYJ","W 27-17","Steven Hauschka\HausSt00",33,"Y","N","NYJ","Not Dome"
"729",774,2016-10-02,"IND","@","JAX","L 27-30","Adam Vinatieri\vinatada01",53,"Y","N","JAX","Not Dome"
"730",775,2016-10-02,"CAR","@","ATL","L 33-48","Graham Gano\GanoGr44",54,"Y","N","ATL","Dome"
"731",776,2016-10-02,"CLE","@","WAS","L 20-31","Cody Parkey\ParkCo03",45,"Y","N","WAS","Not Dome"
"732",777,2016-10-02,"SFO","Home","DAL","L 17-24","Phil Dawson\dawsophi01",36,"Y","N","SFO","Not Dome"
"733",778,2016-10-02,"JAX","Home","IND","W 30-27","Jason Myers\MyerJa00",22,"Y","N","JAX","Not Dome"
"734",779,2016-10-02,"ATL","Home","CAR","W 48-33","Matt Bryant\bryanmat01",53,"Y","N","ATL","Dome"
"735",780,2016-10-02,"CHI","Home","DET","W 17-14","Connor Barth\barthco01",25,"Y","N","CHI","Not Dome"
"736",781,2016-10-02,"HOU","Home","TEN","W 27-20","Nick Novak\novaknic01",45,"Y","N","HOU","Dome"
"737",782,2016-10-02,"DEN","@","TAM","W 27-7","Brandon McManus\McMaBr01",38,"Y","N","TAM","Not Dome"
"738",783,2016-10-02,"KAN","@","PIT","L 14-43","Cairo Santos\SantCa01",49,"N","N","PIT","Not Dome"
"739",784,2016-10-02,"NYJ","Home","SEA","L 17-27","Nick Folk\FolkNi20",34,"Y","N","NYJ","Not Dome"
"740",785,2016-10-02,"BUF","@","NWE","W 16-0","Dan Carpenter\CarpDa44",43,"Y","N","NWE","Not Dome"
"741",786,2016-10-02,"WAS","Home","CLE","W 31-20","Dustin Hopkins\HopkDu00",49,"Y","N","WAS","Not Dome"
"742",787,2016-10-02,"TEN","@","HOU","L 20-27","Ryan Succop\SuccRy44",48,"Y","N","HOU","Dome"
"743",788,2016-10-02,"SDG","Home","NOR","L 34-35","Josh Lambo\LambJo00",30,"Y","N","SDG","Not Dome"
"744",789,2016-10-02,"DAL","@","SFO","W 24-17","Dan Bailey\BailDa00",22,"Y","N","SFO","Not Dome"
"745",790,2016-10-02,"ARI","Home","LAR","L 13-17","Chandler Catanzaro\CataCh00",21,"Y","N","ARI","Dome"
"746",791,2016-10-02,"DET","@","CHI","L 14-17","Matt Prater\PratMa20",21,"Y","N","CHI","Not Dome"
"747",792,2016-10-02,"LAR","@","ARI","W 17-13","Greg Zuerlein\ZuerGr00",29,"Y","N","ARI","Dome"
"748",793,2016-10-02,"SEA","@","NYJ","W 27-17","Steven Hauschka\HausSt00",53,"Y","N","NYJ","Not Dome"
"749",794,2016-10-02,"IND","@","JAX","L 27-30","Adam Vinatieri\vinatada01",49,"Y","N","JAX","Not Dome"
"750",795,2016-10-02,"HOU","Home","TEN","W 27-20","Nick Novak\novaknic01",53,"Y","N","HOU","Dome"
"751",796,2016-10-02,"BAL","Home","OAK","L 27-28","Justin Tucker\TuckJu00",24,"Y","N","BAL","Not Dome"
"752",797,2016-10-02,"JAX","Home","IND","W 30-27","Jason Myers\MyerJa00",46,"Y","N","JAX","Not Dome"
"753",798,2016-09-29,"CIN","Home","MIA","W 22-7","Mike Nugent\nugenmik01",42,"Y","N","CIN","Not Dome"
"754",799,2016-09-29,"CIN","Home","MIA","W 22-7","Mike Nugent\nugenmik01",22,"Y","N","CIN","Not Dome"
"755",800,2016-09-29,"CIN","Home","MIA","W 22-7","Mike Nugent\nugenmik01",22,"Y","N","CIN","Not Dome"
"756",801,2016-09-29,"CIN","Home","MIA","W 22-7","Mike Nugent\nugenmik01",47,"Y","N","CIN","Not Dome"
"757",802,2016-09-29,"CIN","Home","MIA","W 22-7","Mike Nugent\nugenmik01",43,"Y","N","CIN","Not Dome"
"758",803,2016-09-26,"NOR","Home","ATL","L 32-45","Wil Lutz\LutzWi00",57,"Y","N","NOR","Dome"
"759",804,2016-09-26,"ATL","@","NOR","W 45-32","Matt Bryant\bryanmat01",21,"Y","N","NOR","Dome"
"760",805,2016-09-25,"SDG","@","IND","L 22-26","Josh Lambo\LambJo00",34,"Y","N","IND","Dome"
"761",806,2016-09-25,"CLE","@","MIA","L 24-30","Cody Parkey\ParkCo03",42,"N","N","MIA","Not Dome"
"762",807,2016-09-25,"DAL","Home","CHI","W 31-17","Dan Bailey\BailDa00",47,"N","N","DAL","Dome"
"763",809,2016-09-25,"ARI","@","BUF","L 18-33","Chandler Catanzaro\CataCh00",60,"Y","N","BUF","Not Dome"
"764",810,2016-09-25,"DET","@","GNB","L 27-34","Matt Prater\PratMa20",50,"Y","N","GNB","Not Dome"
"765",811,2016-09-25,"SEA","Home","SFO","W 37-18","Steven Hauschka\HausSt00",22,"Y","N","SEA","Not Dome"
"766",812,2016-09-25,"WAS","@","NYG","W 29-27","Dustin Hopkins\HopkDu00",33,"Y","N","NYG","Not Dome"
"767",813,2016-09-25,"IND","Home","SDG","W 26-22","Adam Vinatieri\vinatada01",33,"Y","N","IND","Dome"
"768",814,2016-09-25,"CAR","Home","MIN","L 10-22","Graham Gano\GanoGr44",54,"N","N","CAR","Not Dome"
"769",815,2016-09-25,"SFO","@","SEA","L 18-37","Phil Dawson\dawsophi01",53,"N","N","SEA","Not Dome"
"770",816,2016-09-25,"BAL","@","JAX","W 19-17","Justin Tucker\TuckJu00",37,"Y","N","JAX","Not Dome"
"771",817,2016-09-25,"JAX","Home","BAL","L 17-19","Jason Myers\MyerJa00",52,"N","Y","JAX","Not Dome"
"772",818,2016-09-25,"DEN","@","CIN","W 29-17","Brandon McManus\McMaBr01",20,"Y","N","CIN","Not Dome"
"773",819,2016-09-25,"OAK","@","TEN","W 17-10","Sebastian Janikowski\janikseb01",52,"Y","N","TEN","Not Dome"
"774",820,2016-09-25,"KAN","Home","NYJ","W 24-3","Cairo Santos\SantCa01",27,"Y","N","KAN","Not Dome"
"775",821,2016-09-25,"CLE","@","MIA","L 24-30","Cody Parkey\ParkCo03",46,"Y","N","MIA","Not Dome"
"776",822,2016-09-25,"NYJ","@","KAN","L 3-24","Nick Folk\FolkNi20",28,"Y","N","KAN","Not Dome"
"777",824,2016-09-25,"DET","@","GNB","L 27-34","Matt Prater\PratMa20",42,"Y","N","GNB","Not Dome"
"778",825,2016-09-25,"SEA","Home","SFO","W 37-18","Steven Hauschka\HausSt00",33,"Y","N","SEA","Not Dome"
"779",826,2016-09-25,"WAS","@","NYG","W 29-27","Dustin Hopkins\HopkDu00",37,"Y","N","NYG","Not Dome"
"780",827,2016-09-25,"MIA","Home","CLE","W 30-24","Andrew Franks\FranAn01",37,"Y","N","MIA","Not Dome"
"781",828,2016-09-25,"TEN","Home","OAK","L 10-17","Ryan Succop\SuccRy44",34,"Y","N","TEN","Not Dome"
"782",829,2016-09-25,"SDG","@","IND","L 22-26","Josh Lambo\LambJo00",27,"Y","N","IND","Dome"
"783",830,2016-09-25,"CLE","@","MIA","L 24-30","Cody Parkey\ParkCo03",38,"Y","N","MIA","Not Dome"
"784",831,2016-09-25,"GNB","Home","DET","W 34-27","Mason Crosby\CrosMa20",36,"Y","N","GNB","Not Dome"
"785",832,2016-09-25,"PIT","@","PHI","L 3-34","Chris Boswell\BoswCh00",36,"N","Y","PHI","Not Dome"
"786",833,2016-09-25,"BAL","@","JAX","W 19-17","Justin Tucker\TuckJu00",43,"Y","N","JAX","Not Dome"
"787",834,2016-09-25,"LAR","@","TAM","W 37-32","Greg Zuerlein\ZuerGr00",53,"Y","N","TAM","Not Dome"
"788",835,2016-09-25,"WAS","@","NYG","W 29-27","Dustin Hopkins\HopkDu00",45,"Y","N","NYG","Not Dome"
"789",836,2016-09-25,"BUF","Home","ARI","W 33-18","Dan Carpenter\CarpDa44",19,"Y","N","BUF","Not Dome"
"790",837,2016-09-25,"BAL","@","JAX","W 19-17","Justin Tucker\TuckJu00",54,"Y","N","JAX","Not Dome"
"791",838,2016-09-25,"PHI","Home","PIT","W 34-3","Caleb Sturgis\SturCa00",29,"Y","N","PHI","Not Dome"
"792",839,2016-09-25,"SDG","@","IND","L 22-26","Josh Lambo\LambJo00",42,"Y","N","IND","Dome"
"793",840,2016-09-25,"CLE","@","MIA","L 24-30","Cody Parkey\ParkCo03",48,"Y","N","MIA","Not Dome"
"794",841,2016-09-25,"TAM","Home","LAR","L 32-37","Roberto Aguayo\AguaRo00",41,"N","N","TAM","Not Dome"
"795",842,2016-09-25,"DAL","Home","CHI","W 31-17","Dan Bailey\BailDa00",49,"Y","N","DAL","Dome"
"796",843,2016-09-25,"CIN","Home","DEN","L 17-29","Mike Nugent\nugenmik01",34,"Y","N","CIN","Not Dome"
"797",845,2016-09-25,"DET","@","GNB","L 27-34","Matt Prater\PratMa20",43,"N","N","GNB","Not Dome"
"798",846,2016-09-25,"SEA","Home","SFO","W 37-18","Steven Hauschka\HausSt00",33,"Y","N","SEA","Not Dome"
"799",847,2016-09-25,"WAS","@","NYG","W 29-27","Dustin Hopkins\HopkDu00",49,"Y","N","NYG","Not Dome"
"800",848,2016-09-25,"IND","Home","SDG","W 26-22","Adam Vinatieri\vinatada01",38,"Y","N","IND","Dome"
"801",849,2016-09-25,"CAR","Home","MIN","L 10-22","Graham Gano\GanoGr44",48,"Y","N","CAR","Not Dome"
"802",850,2016-09-25,"CLE","@","MIA","L 24-30","Cody Parkey\ParkCo03",46,"N","N","MIA","Not Dome"
"803",851,2016-09-25,"GNB","Home","DET","W 34-27","Mason Crosby\CrosMa20",46,"Y","N","GNB","Not Dome"
"804",852,2016-09-25,"PIT","@","PHI","L 3-34","Chris Boswell\BoswCh00",40,"Y","N","PHI","Not Dome"
"805",853,2016-09-25,"SFO","@","SEA","L 18-37","Phil Dawson\dawsophi01",22,"Y","N","SEA","Not Dome"
"806",854,2016-09-25,"BAL","@","JAX","W 19-17","Justin Tucker\TuckJu00",42,"Y","N","JAX","Not Dome"
"807",855,2016-09-25,"JAX","Home","BAL","L 17-19","Jason Myers\MyerJa00",49,"Y","N","JAX","Not Dome"
"808",856,2016-09-25,"CHI","@","DAL","L 17-31","Connor Barth\barthco01",34,"Y","N","DAL","Dome"
"809",857,2016-09-25,"CLE","@","MIA","L 24-30","Cody Parkey\ParkCo03",41,"N","N","MIA","Not Dome"
"810",858,2016-09-25,"BUF","Home","ARI","W 33-18","Dan Carpenter\CarpDa44",45,"Y","N","BUF","Not Dome"
"811",860,2016-09-25,"PHI","Home","PIT","W 34-3","Caleb Sturgis\SturCa00",38,"Y","N","PHI","Not Dome"
"812",861,2016-09-25,"WAS","@","NYG","W 29-27","Dustin Hopkins\HopkDu00",25,"Y","N","NYG","Not Dome"
"813",862,2016-09-22,"NWE","Home","HOU","W 27-0","Stephen Gostkowski\GostSt20",24,"Y","N","NWE","Not Dome"
"814",863,2016-09-22,"NWE","Home","HOU","W 27-0","Stephen Gostkowski\GostSt20",25,"Y","N","NWE","Not Dome"
"815",864,2016-09-19,"PHI","@","CHI","W 29-14","Caleb Sturgis\SturCa00",53,"Y","N","CHI","Not Dome"
"816",865,2016-09-19,"CHI","Home","PHI","L 14-29","Connor Barth\barthco01",31,"N","N","CHI","Not Dome"
"817",866,2016-09-19,"PHI","@","CHI","W 29-14","Caleb Sturgis\SturCa00",25,"Y","N","CHI","Not Dome"
"818",867,2016-09-19,"PHI","@","CHI","W 29-14","Caleb Sturgis\SturCa00",29,"Y","N","CHI","Not Dome"
"819",868,2016-09-18,"WAS","Home","DAL","L 23-27","Dustin Hopkins\HopkDu00",29,"Y","N","WAS","Not Dome"
"820",869,2016-09-18,"IND","@","DEN","L 20-34","Adam Vinatieri\vinatada01",48,"Y","N","DEN","Not Dome"
"821",870,2016-09-18,"HOU","Home","KAN","W 19-12","Nick Novak\novaknic01",32,"Y","N","HOU","Dome"
"822",871,2016-09-18,"TEN","@","DET","W 16-15","Ryan Succop\SuccRy44",46,"Y","N","DET","Dome"
"823",872,2016-09-18,"CAR","Home","SFO","W 46-27","Graham Gano\GanoGr44",49,"Y","N","CAR","Not Dome"
"824",873,2016-09-18,"PIT","Home","CIN","W 24-16","Chris Boswell\BoswCh00",49,"Y","N","PIT","Not Dome"
"825",874,2016-09-18,"SFO","@","CAR","L 27-46","Phil Dawson\dawsophi01",29,"Y","N","CAR","Not Dome"
"826",875,2016-09-18,"BAL","@","CLE","W 25-20","Justin Tucker\TuckJu00",41,"Y","N","CLE","Not Dome"
"827",876,2016-09-18,"LAR","Home","SEA","W 9-3","Greg Zuerlein\ZuerGr00",47,"Y","N","LAR","Not Dome"
"828",877,2016-09-18,"ATL","@","OAK","W 35-28","Matt Bryant\bryanmat01",21,"Y","N","OAK","Not Dome"
"829",878,2016-09-18,"HOU","Home","KAN","W 19-12","Nick Novak\novaknic01",31,"Y","N","HOU","Dome"
"830",879,2016-09-18,"DEN","Home","IND","W 34-20","Brandon McManus\McMaBr01",43,"Y","N","DEN","Not Dome"
"831",880,2016-09-18,"KAN","@","HOU","L 12-19","Cairo Santos\SantCa01",43,"Y","N","HOU","Dome"
"832",881,2016-09-18,"NOR","@","NYG","L 13-16","Wil Lutz\LutzWi00",38,"N","Y","NYG","Not Dome"
"833",883,2016-09-18,"SDG","Home","JAX","W 38-14","Josh Lambo\LambJo00",25,"Y","N","SDG","Not Dome"
"834",884,2016-09-18,"CAR","Home","SFO","W 46-27","Graham Gano\GanoGr44",39,"Y","N","CAR","Not Dome"
"835",885,2016-09-18,"TAM","@","ARI","L 7-40","Roberto Aguayo\AguaRo00",45,"N","N","ARI","Dome"
"836",886,2016-09-18,"DAL","@","WAS","W 27-23","Dan Bailey\BailDa00",31,"Y","N","WAS","Not Dome"
"837",887,2016-09-18,"CIN","@","PIT","L 16-24","Mike Nugent\nugenmik01",21,"Y","N","PIT","Not Dome"
"838",888,2016-09-18,"BAL","@","CLE","W 25-20","Justin Tucker\TuckJu00",52,"Y","N","CLE","Not Dome"
"839",890,2016-09-18,"ARI","Home","TAM","W 40-7","Chandler Catanzaro\CataCh00",22,"Y","N","ARI","Dome"
"840",891,2016-09-18,"LAR","Home","SEA","W 9-3","Greg Zuerlein\ZuerGr00",39,"Y","N","LAR","Not Dome"
"841",892,2016-09-18,"WAS","Home","DAL","L 23-27","Dustin Hopkins\HopkDu00",22,"Y","N","WAS","Not Dome"
"842",893,2016-09-18,"IND","@","DEN","L 20-34","Adam Vinatieri\vinatada01",52,"Y","N","DEN","Not Dome"
"843",894,2016-09-18,"HOU","Home","KAN","W 19-12","Nick Novak\novaknic01",24,"Y","N","HOU","Dome"
"844",895,2016-09-18,"DEN","Home","IND","W 34-20","Brandon McManus\McMaBr01",54,"N","N","DEN","Not Dome"
"845",896,2016-09-18,"CAR","Home","SFO","W 46-27","Graham Gano\GanoGr44",41,"Y","N","CAR","Not Dome"
"846",897,2016-09-18,"SFO","@","CAR","L 27-46","Phil Dawson\dawsophi01",39,"Y","N","CAR","Not Dome"
"847",898,2016-09-18,"JAX","@","SDG","L 14-38","Jason Myers\MyerJa00",54,"N","N","SDG","Not Dome"
"848",900,2016-09-18,"ATL","@","OAK","W 35-28","Matt Bryant\bryanmat01",20,"Y","N","OAK","Not Dome"
"849",901,2016-09-18,"HOU","Home","KAN","W 19-12","Nick Novak\novaknic01",43,"Y","N","HOU","Dome"
"850",902,2016-09-18,"NWE","Home","MIA","W 31-24","Stephen Gostkowski\GostSt20",34,"Y","N","NWE","Not Dome"
"851",903,2016-09-18,"DEN","Home","IND","W 34-20","Brandon McManus\McMaBr01",33,"Y","N","DEN","Not Dome"
"852",904,2016-09-18,"KAN","@","HOU","L 12-19","Cairo Santos\SantCa01",35,"Y","N","HOU","Dome"
"853",906,2016-09-18,"NOR","@","NYG","L 13-16","Wil Lutz\LutzWi00",39,"Y","N","NYG","Not Dome"
"854",907,2016-09-18,"CIN","@","PIT","L 16-24","Mike Nugent\nugenmik01",25,"Y","N","PIT","Not Dome"
"855",909,2016-09-18,"DET","Home","TEN","L 15-16","Matt Prater\PratMa20",42,"Y","N","DET","Dome"
"856",910,2016-09-18,"WAS","Home","DAL","L 23-27","Dustin Hopkins\HopkDu00",36,"Y","N","WAS","Not Dome"
"857",911,2016-09-18,"TEN","@","DET","W 16-15","Ryan Succop\SuccRy44",51,"N","N","DET","Dome"
"858",912,2016-09-18,"CAR","Home","SFO","W 46-27","Graham Gano\GanoGr44",31,"Y","N","CAR","Not Dome"
"859",913,2016-09-18,"BAL","@","CLE","W 25-20","Justin Tucker\TuckJu00",49,"Y","N","CLE","Not Dome"
"860",914,2016-09-18,"ARI","Home","TAM","W 40-7","Chandler Catanzaro\CataCh00",40,"Y","N","ARI","Dome"
"861",915,2016-09-18,"LAR","Home","SEA","W 9-3","Greg Zuerlein\ZuerGr00",28,"Y","N","LAR","Not Dome"
"862",916,2016-09-18,"HOU","Home","KAN","W 19-12","Nick Novak\novaknic01",57,"N","N","HOU","Dome"
"863",917,2016-09-18,"DEN","Home","IND","W 34-20","Brandon McManus\McMaBr01",23,"Y","N","DEN","Not Dome"
"864",918,2016-09-18,"KAN","@","HOU","L 12-19","Cairo Santos\SantCa01",53,"Y","N","HOU","Dome"
"865",920,2016-09-18,"NWE","Home","MIA","W 31-24","Stephen Gostkowski\GostSt20",39,"N","N","NWE","Not Dome"
"866",921,2016-09-18,"DEN","Home","IND","W 34-20","Brandon McManus\McMaBr01",35,"Y","N","DEN","Not Dome"
"867",922,2016-09-18,"OAK","Home","ATL","L 28-35","Sebastian Janikowski\janikseb01",58,"N","N","OAK","Not Dome"
"868",923,2016-09-18,"KAN","@","HOU","L 12-19","Cairo Santos\SantCa01",30,"Y","N","HOU","Dome"
"869",924,2016-09-18,"NOR","@","NYG","L 13-16","Wil Lutz\LutzWi00",45,"Y","N","NYG","Not Dome"
"870",925,2016-09-18,"DAL","@","WAS","W 27-23","Dan Bailey\BailDa00",22,"Y","N","WAS","Not Dome"
"871",926,2016-09-18,"CIN","@","PIT","L 16-24","Mike Nugent\nugenmik01",33,"Y","N","PIT","Not Dome"
"872",927,2016-09-18,"DET","Home","TEN","L 15-16","Matt Prater\PratMa20",27,"Y","N","DET","Dome"
"873",928,2016-09-18,"SEA","@","LAR","L 3-9","Steven Hauschka\HausSt00",23,"Y","N","LAR","Not Dome"
"874",929,2016-09-18,"MIA","@","NWE","L 24-31","Andrew Franks\FranAn01",27,"Y","N","NWE","Not Dome"
"875",930,2016-09-15,"NYJ","@","BUF","W 37-31","Nick Folk\FolkNi20",28,"Y","N","BUF","Not Dome"
"876",931,2016-09-15,"BUF","Home","NYJ","L 31-37","Dan Carpenter\CarpDa44",39,"Y","N","BUF","Not Dome"
"877",932,2016-09-15,"NYJ","@","BUF","W 37-31","Nick Folk\FolkNi20",29,"Y","N","BUF","Not Dome"
"878",933,2016-09-15,"NYJ","@","BUF","W 37-31","Nick Folk\FolkNi20",36,"Y","N","BUF","Not Dome"
"879",934,2016-09-12,"WAS","Home","PIT","L 16-38","Dustin Hopkins\HopkDu00",34,"Y","N","WAS","Not Dome"
"880",935,2016-09-12,"WAS","Home","PIT","L 16-38","Dustin Hopkins\HopkDu00",31,"Y","N","WAS","Not Dome"
"881",936,2016-09-12,"PIT","@","WAS","W 38-16","Chris Boswell\BoswCh00",46,"Y","N","WAS","Not Dome"
"882",937,2016-09-12,"WAS","Home","PIT","L 16-38","Dustin Hopkins\HopkDu00",40,"Y","N","WAS","Not Dome"
"883",938,2016-09-11,"KAN","Home","SDG","W 33-27","Cairo Santos\SantCa01",47,"Y","N","KAN","Not Dome"
"884",939,2016-09-11,"GNB","@","JAX","W 27-23","Mason Crosby\CrosMa20",20,"Y","N","JAX","Not Dome"
"885",940,2016-09-11,"NOR","Home","OAK","L 34-35","Wil Lutz\LutzWi00",50,"N","N","NOR","Dome"
"886",941,2016-09-11,"NYJ","Home","CIN","L 22-23","Nick Folk\FolkNi20",45,"Y","N","NYJ","Not Dome"
"887",942,2016-09-11,"JAX","Home","GNB","L 23-27","Jason Myers\MyerJa00",50,"Y","N","JAX","Not Dome"
"888",943,2016-09-11,"CIN","@","NYJ","W 23-22","Mike Nugent\nugenmik01",33,"Y","N","NYJ","Not Dome"
"889",945,2016-09-11,"PHI","Home","CLE","W 29-10","Caleb Sturgis\SturCa00",38,"Y","N","PHI","Not Dome"
"890",946,2016-09-11,"MIA","@","SEA","L 10-12","Andrew Franks\FranAn01",41,"Y","N","SEA","Not Dome"
"891",947,2016-09-11,"NWE","@","ARI","W 23-21","Stephen Gostkowski\GostSt20",32,"Y","N","ARI","Dome"
"892",948,2016-09-11,"OAK","@","NOR","W 35-34","Sebastian Janikowski\janikseb01",47,"Y","N","NOR","Dome"
"893",949,2016-09-11,"SDG","@","KAN","L 27-33","Josh Lambo\LambJo00",29,"Y","N","KAN","Not Dome"
"894",951,2016-09-11,"DAL","Home","NYG","L 19-20","Dan Bailey\BailDa00",25,"Y","N","DAL","Dome"
"895",952,2016-09-11,"CIN","@","NYJ","W 23-22","Mike Nugent\nugenmik01",47,"Y","N","NYJ","Not Dome"
"896",954,2016-09-11,"DET","@","IND","W 39-35","Matt Prater\PratMa20",43,"Y","N","IND","Dome"
"897",955,2016-09-11,"SEA","Home","MIA","W 12-10","Steven Hauschka\HausSt00",39,"Y","N","SEA","Not Dome"
"898",956,2016-09-11,"PHI","Home","CLE","W 29-10","Caleb Sturgis\SturCa00",46,"N","N","PHI","Not Dome"
"899",957,2016-09-11,"IND","Home","DET","L 35-39","Adam Vinatieri\vinatada01",50,"Y","N","IND","Dome"
"900",958,2016-09-11,"HOU","Home","CHI","W 23-14","Nick Novak\novaknic01",28,"Y","N","HOU","Dome"
"901",959,2016-09-11,"TEN","Home","MIN","L 16-25","Ryan Succop\SuccRy44",28,"Y","N","TEN","Not Dome"
"902",960,2016-09-11,"JAX","Home","GNB","L 23-27","Jason Myers\MyerJa00",26,"Y","N","JAX","Not Dome"
"903",961,2016-09-11,"ATL","Home","TAM","L 24-31","Matt Bryant\bryanmat01",34,"Y","N","ATL","Dome"
"904",962,2016-09-11,"NWE","@","ARI","W 23-21","Stephen Gostkowski\GostSt20",47,"Y","N","ARI","Dome"
"905",963,2016-09-11,"KAN","Home","SDG","W 33-27","Cairo Santos\SantCa01",33,"Y","N","KAN","Not Dome"
"906",964,2016-09-11,"NOR","Home","OAK","L 34-35","Wil Lutz\LutzWi00",20,"Y","N","NOR","Dome"
"907",965,2016-09-11,"DAL","Home","NYG","L 19-20","Dan Bailey\BailDa00",23,"Y","N","DAL","Dome"
"908",966,2016-09-11,"NYJ","Home","CIN","L 22-23","Nick Folk\FolkNi20",20,"Y","N","NYJ","Not Dome"
"909",967,2016-09-11,"CIN","@","NYJ","W 23-22","Mike Nugent\nugenmik01",21,"Y","N","NYJ","Not Dome"
"910",969,2016-09-11,"MIA","@","SEA","L 10-12","Andrew Franks\FranAn01",27,"N","Y","SEA","Not Dome"
"911",970,2016-09-11,"OAK","@","NOR","W 35-34","Sebastian Janikowski\janikseb01",31,"Y","N","NOR","Dome"
"912",971,2016-09-11,"SDG","@","KAN","L 27-33","Josh Lambo\LambJo00",28,"Y","N","KAN","Not Dome"
"913",972,2016-09-11,"DAL","Home","NYG","L 19-20","Dan Bailey\BailDa00",54,"Y","N","DAL","Dome"
"914",973,2016-09-11,"BAL","Home","BUF","W 13-7","Justin Tucker\TuckJu00",50,"Y","N","BAL","Not Dome"
"915",975,2016-09-11,"SEA","Home","MIA","W 12-10","Steven Hauschka\HausSt00",38,"Y","N","SEA","Not Dome"
"916",976,2016-09-11,"PHI","Home","CLE","W 29-10","Caleb Sturgis\SturCa00",22,"Y","N","PHI","Not Dome"
"917",977,2016-09-11,"IND","Home","DET","L 35-39","Adam Vinatieri\vinatada01",40,"Y","N","IND","Dome"
"918",978,2016-09-11,"HOU","Home","CHI","W 23-14","Nick Novak\novaknic01",38,"Y","N","HOU","Dome"
"919",979,2016-09-11,"GNB","@","JAX","W 27-23","Mason Crosby\CrosMa20",25,"Y","N","JAX","Not Dome"
"920",980,2016-09-11,"NOR","Home","OAK","L 34-35","Wil Lutz\LutzWi00",42,"Y","N","NOR","Dome"
"921",981,2016-09-11,"NYJ","Home","CIN","L 22-23","Nick Folk\FolkNi20",22,"N","Y","NYJ","Not Dome"
"922",982,2016-09-11,"JAX","Home","GNB","L 23-27","Jason Myers\MyerJa00",39,"Y","N","JAX","Not Dome"
"923",983,2016-09-11,"ATL","Home","TAM","L 24-31","Matt Bryant\bryanmat01",29,"Y","N","ATL","Dome"
"924",984,2016-09-11,"NWE","@","ARI","W 23-21","Stephen Gostkowski\GostSt20",53,"Y","N","ARI","Dome"
"925",985,2016-09-11,"NOR","Home","OAK","L 34-35","Wil Lutz\LutzWi00",61,"N","N","NOR","Dome"
"926",986,2016-09-11,"DAL","Home","NYG","L 19-20","Dan Bailey\BailDa00",56,"Y","N","DAL","Dome"
"927",987,2016-09-11,"NYJ","Home","CIN","L 22-23","Nick Folk\FolkNi20",23,"Y","N","NYJ","Not Dome"
"928",988,2016-09-11,"BUF","@","BAL","L 7-13","Dan Carpenter\CarpDa44",49,"N","N","BAL","Not Dome"
"929",989,2016-09-11,"CIN","@","NYJ","W 23-22","Mike Nugent\nugenmik01",52,"N","N","NYJ","Not Dome"
"930",991,2016-09-11,"HOU","Home","CHI","W 23-14","Nick Novak\novaknic01",28,"Y","N","HOU","Dome"
"931",992,2016-09-11,"SDG","@","KAN","L 27-33","Josh Lambo\LambJo00",54,"N","N","KAN","Not Dome"
"932",993,2016-09-11,"TAM","@","ATL","W 31-24","Roberto Aguayo\AguaRo00",43,"Y","N","ATL","Dome"
"933",994,2016-09-11,"BAL","Home","BUF","W 13-7","Justin Tucker\TuckJu00",37,"Y","N","BAL","Not Dome"
"934",996,2016-09-11,"ARI","Home","NWE","L 21-23","Chandler Catanzaro\CataCh00",47,"N","N","ARI","Dome"
"935",997,2016-09-11,"ATL","Home","TAM","L 24-31","Matt Bryant\bryanmat01",34,"Y","N","ATL","Dome"
"936",998,2016-09-08,"CAR","@","DEN","L 20-21","Graham Gano\GanoGr44",44,"Y","N","DEN","Not Dome"
"937",999,2016-09-08,"CAR","@","DEN","L 20-21","Graham Gano\GanoGr44",36,"Y","N","DEN","Not Dome"
"938",1000,2016-09-08,"CAR","@","DEN","L 20-21","Graham Gano\GanoGr44",50,"N","N","DEN","Not Dome"
